negeri,kod_pusat,institusi,program,kod_noss,kategori,tahap,status,alamat,telefon,emel,idpb,utama,ptk
TERENGGANU,K06019,AKADEMI PERIKANAN MALAYSIA,OPERASI PERIKANAN TANGKAPAN,A031-002-3:2022,Program Penuh - Persijilan Mengikut Tahap,SKM Tahap 3,Aktif,(JABATAN PERIKANAN MALAYSIA) TAMAN PERIKANAN CHENDERING 21080 KUALA TERENGGANU TERENGGANU,09-6172361,apm@dof.gov.my,1195,False,False
TERENGGANU,L03000,AVICENNA ACADEMY MALAYSIA - FAKULTI PERUBATAN (UniSZA),PENJAGAAN IBU SELEPAS BERSALIN MAMACARE,Q869-002-4:2016,Program Penuh - Persijilan Tahap Tunggal,Diploma Kemahiran Malaysia,Aktif,KAMPUS PERUBATAN JALAN SULTAN MAHMUD,01121336397,avicennaacademymalaysia@gmail.com,19788,True,True
TERENGGANU,L03000,AVICENNA ACADEMY MALAYSIA - FAKULTI PERUBATAN (UniSZA),TERAPI BEKAM BASAH,Q869-005-4:2024,Program Penuh - Persijilan Tahap Tunggal,Diploma Kemahiran Malaysia,Aktif,KAMPUS PERUBATAN JALAN SULTAN MAHMUD,01121336397,avicennaacademymalaysia@gmail.com,19788,False,True
TERENGGANU,L03000,AVICENNA ACADEMY MALAYSIA - FAKULTI PERUBATAN (UniSZA),Urut Terapeutik & Penjagaan,MP-082-4:2012,Program Penuh - Persijilan Tahap Tunggal,Diploma Kemahiran Malaysia,Aktif,KAMPUS PERUBATAN JALAN SULTAN MAHMUD,01121336397,avicennaacademymalaysia@gmail.com,19788,True,True
TERENGGANU,L00738,ERA SKILL COLLEGE,Proses Kimpalan Arka Kepingan Logam,MC-024-3:2012,Program Penuh - Persijilan Mengikut Tahap,SKM Tahap 3,Aktif,"NO. 5, 6 & 7, KILANG BIMBINGAN IKS, KAWASAN PERINDUSTRIAN AJIL, 21800 AJIL",0199566821,info@eratraining.my,1206,False,False
TERENGGANU,K02111,GIATMARA BATU RAKIT,Automotif-Servis Selepas Jualan,TP-300-2:2013,Program Penuh - Persijilan Mengikut Tahap,SKM Tahap 2,Sekat Pengambilan,"LOT 9278, KG. WAKAF CAGAK, BATU RAKIT, 21020 BATU RAKIT, TERENGGANU",09-6693117,gmbaturakit@giatmara.edu.my,1179,False,False
TERENGGANU,K02111,GIATMARA BATU RAKIT,Motosikal - Perkhidmatan Pembaikan,G454-001-2:2018,Program Penuh - Persijilan Tahap Tunggal,SKM Tahap 2,Aktif,"LOT 9278, KG. WAKAF CAGAK, BATU RAKIT, 21020 BATU RAKIT, TERENGGANU",09-6693117,gmbaturakit@giatmara.edu.my,1179,False,False
TERENGGANU,K02111,GIATMARA BATU RAKIT,PEMBUATAN PASTRI,HT-014-2:2011,Program Penuh - Persijilan Mengikut Tahap,SKM Tahap 2,Aktif,"LOT 9278, KG. WAKAF CAGAK, BATU RAKIT, 21020 BATU RAKIT, TERENGGANU",09-6693117,gmbaturakit@giatmara.edu.my,1179,False,False
TERENGGANU,K02111,GIATMARA BATU RAKIT,PERKHIDMATAN PEMBAIKAN – KENDERAAN RINGAN,G452-002-2:2018,Program Penuh - Persijilan Mengikut Tahap,SKM Tahap 2,Aktif,"LOT 9278, KG. WAKAF CAGAK, BATU RAKIT, 21020 BATU RAKIT, TERENGGANU",09-6693117,gmbaturakit@giatmara.edu.my,1179,False,False
TERENGGANU,K02111,GIATMARA BATU RAKIT,"Pemasangan dan Penyelenggaraan Satu Fasa Penyamanan Udara, Pengudaraan, Pemanasan (HVAC)",F432-007-3:2020,Program Penuh - Persijilan Mengikut Tahap,SKM Tahap 3,Aktif,"LOT 9278, KG. WAKAF CAGAK, BATU RAKIT, 21020 BATU RAKIT, TERENGGANU",09-6693117,gmbaturakit@giatmara.edu.my,1179,False,False
TERENGGANU,K02111,GIATMARA BATU RAKIT,"Peralatan Penyamanan Udara HVAC -Satu Fasa (Pemasangan, Servis, Troubleshooting & Pembaikpulihan)",ME-020-2:2012,Program Penuh - Persijilan Mengikut Tahap,SKM Tahap 2,Sekat Pengambilan,"LOT 9278, KG. WAKAF CAGAK, BATU RAKIT, 21020 BATU RAKIT, TERENGGANU",09-6693117,gmbaturakit@giatmara.edu.my,1179,False,False
TERENGGANU,K02111,GIATMARA BATU RAKIT,SERVIS DIAGNOSTIK – KENDERAAN RINGAN,G452-002-3:2018,Program Penuh - Persijilan Mengikut Tahap,SKM Tahap 3,Aktif,"LOT 9278, KG. WAKAF CAGAK, BATU RAKIT, 21020 BATU RAKIT, TERENGGANU",09-6693117,gmbaturakit@giatmara.edu.my,1179,False,False
TERENGGANU,K02111,GIATMARA BATU RAKIT,Servis & Penyelenggaraan Motosikal,TP-118-2:2012,Program Penuh - Persijilan Tahap Tunggal,SKM Tahap 2,Sekat Pengambilan,"LOT 9278, KG. WAKAF CAGAK, BATU RAKIT, 21020 BATU RAKIT, TERENGGANU",09-6693117,gmbaturakit@giatmara.edu.my,1179,False,False
TERENGGANU,K02065,GIATMARA BESUT,Automotif-Servis Selepas Jualan,TP-300-2:2013,Program Penuh - Persijilan Mengikut Tahap,SKM Tahap 2,Sekat Pengambilan,"JALAN BATU TUMBUH, ALUR LINTANG 22200 BESUT, TERENGGANU",09-6950649,gmbesut@giatmara.edu.my,1177,False,False
TERENGGANU,K02065,GIATMARA BESUT,PEMBUATAN PAKAIAN WANITA,C141-005-2:2021,Program Penuh - Persijilan Mengikut Tahap,SKM Tahap 2,Aktif,"JALAN BATU TUMBUH, ALUR LINTANG 22200 BESUT, TERENGGANU",09-6950649,gmbesut@giatmara.edu.my,1177,False,False
TERENGGANU,K02065,GIATMARA BESUT,PERKHIDMATAN PEMBAIKAN – KENDERAAN RINGAN,G452-002-2:2018,Program Penuh - Persijilan Mengikut Tahap,SKM Tahap 2,Aktif,"JALAN BATU TUMBUH, ALUR LINTANG 22200 BESUT, TERENGGANU",09-6950649,gmbesut@giatmara.edu.my,1177,False,False
TERENGGANU,K02065,GIATMARA BESUT,Pembuatan Pakaian Wanita,TA-011-2:2012,Program Penuh - Persijilan Tahap Tunggal,SKM Tahap 2,Sekat Pengambilan,"JALAN BATU TUMBUH, ALUR LINTANG 22200 BESUT, TERENGGANU",09-6950649,gmbesut@giatmara.edu.my,1177,False,False
TERENGGANU,K02065,GIATMARA BESUT,Pengemasan & Pengecatan Semula Kenderaan,G452-005-3:2019,Program Penuh - Persijilan Mengikut Tahap,SKM Tahap 3,Aktif,"JALAN BATU TUMBUH, ALUR LINTANG 22200 BESUT, TERENGGANU",09-6950649,gmbesut@giatmara.edu.my,1177,False,False
TERENGGANU,K02065,GIATMARA BESUT,Penyeliaan dan Pengesanan Kerosakan Komponen dan Papan Elektronik,C261-001-3:2020,Program Penuh - Persijilan Tahap Tunggal,SKM Tahap 3,Aktif,"JALAN BATU TUMBUH, ALUR LINTANG 22200 BESUT, TERENGGANU",09-6950649,gmbesut@giatmara.edu.my,1177,False,False
TERENGGANU,K02065,GIATMARA BESUT,Penyemburan Cat Automotif,TP-306-2:2012,Program Penuh - Persijilan Tahap Tunggal,SKM Tahap 2,Sekat Pengambilan,"JALAN BATU TUMBUH, ALUR LINTANG 22200 BESUT, TERENGGANU",09-6950649,gmbesut@giatmara.edu.my,1177,False,False
TERENGGANU,K02149,GIATMARA DUNGUN,Proses Kimpalan Arka Kepingan Logam,MC-024-3:2012,Program Penuh - Persijilan Mengikut Tahap,SKM Tahap 3,Aktif,"BATU 16, KAMPUNG NYIOR DUNGUN TERENGGANU 23100 PAKA, TERENGGANU",09-8286122,gmdungun@giatmara.edu.my,1181,False,False
TERENGGANU,K02062,GIATMARA HULU TERENGGANU (KUALA TELEMONG),Pemasangan & Penyelenggaraan Elektrik-Satu Fasa,EE-320-2:2012,Program Penuh - Persijilan Mengikut Tahap,SKM Tahap 2,Sekat Pengambilan,"KUALA TELEMONG, 21210 KUALA TELEMONG, TERENGGANU",09-6142130,gmhuluterengganu@giatmara.edu.my,1174,False,False
TERENGGANU,K02062,GIATMARA HULU TERENGGANU (KUALA TELEMONG),Pemasangan dan Penyelenggaraan Elektrik Satu Fasa,F432-005-2:2019,Program Penuh - Persijilan Mengikut Tahap,SKM Tahap 2,Aktif,"KUALA TELEMONG, 21210 KUALA TELEMONG, TERENGGANU",09-6142130,gmhuluterengganu@giatmara.edu.my,1174,False,False
TERENGGANU,K02062,GIATMARA HULU TERENGGANU (KUALA TELEMONG),Proses Kimpalan Arka Kepingan Logam,MC-024-3:2012,Program Penuh - Persijilan Mengikut Tahap,SKM Tahap 3,Aktif,"KUALA TELEMONG, 21210 KUALA TELEMONG, TERENGGANU",09-6142130,gmhuluterengganu@giatmara.edu.my,1174,False,False
TERENGGANU,K02066,GIATMARA KEMAMAN,Pemasangan & Penyelenggaraan Elektrik-Satu Fasa,EE-320-2:2012,Program Penuh - Persijilan Mengikut Tahap,SKM Tahap 2,Sekat Pengambilan,"LOT PT 2640, KG TITIAN BERAYUN 24100 KIJAL, TERENGGANU",09-8623140,gmkemaman@giatmara.edu.my,1178,False,False
TERENGGANU,K02066,GIATMARA KEMAMAN,Pemasangan dan Penyelenggaraan Elektrik Satu Fasa,F432-005-2:2019,Program Penuh - Persijilan Mengikut Tahap,SKM Tahap 2,Aktif,"LOT PT 2640, KG TITIAN BERAYUN 24100 KIJAL, TERENGGANU",09-8623140,gmkemaman@giatmara.edu.my,1178,False,False
TERENGGANU,K02066,GIATMARA KEMAMAN,"Pemasangan dan Penyelenggaraan Satu Fasa Penyamanan Udara, Pengudaraan, Pemanasan (HVAC)",F432-007-3:2020,Program Penuh - Persijilan Mengikut Tahap,SKM Tahap 3,Aktif,"LOT PT 2640, KG TITIAN BERAYUN 24100 KIJAL, TERENGGANU",09-8623140,gmkemaman@giatmara.edu.my,1178,False,False
TERENGGANU,K02066,GIATMARA KEMAMAN,"Peralatan Penyamanan Udara HVAC -Tiga Fasa (Servis, Troubleshooting & Pembaikpulihan)",ME-021-2:2012,Program Penuh - Persijilan Mengikut Tahap,SKM Tahap 2,Sekat Pengambilan,"LOT PT 2640, KG TITIAN BERAYUN 24100 KIJAL, TERENGGANU",09-8623140,gmkemaman@giatmara.edu.my,1178,False,False
TERENGGANU,K02066,GIATMARA KEMAMAN,Proses Kimpalan Arka Kepingan Logam,MC-024-3:2012,Program Penuh - Persijilan Mengikut Tahap,SKM Tahap 3,Aktif,"LOT PT 2640, KG TITIAN BERAYUN 24100 KIJAL, TERENGGANU",09-8623140,gmkemaman@giatmara.edu.my,1178,False,False
TERENGGANU,K02064,GIATMARA KETENGAH,Motosikal - Perkhidmatan Pembaikan,G454-001-2:2018,Program Penuh - Persijilan Tahap Tunggal,SKM Tahap 2,Aktif,"BANDAL AL-MUKTAFIBILLAH SHAH 23400 KETENGAH, TERENGGANU",09-8221361,gmketengah@giatmara.edu.my,1176,False,False
TERENGGANU,K02064,GIATMARA KETENGAH,PEMBUATAN PAKAIAN WANITA,C141-005-2:2021,Program Penuh - Persijilan Mengikut Tahap,SKM Tahap 2,Aktif,"BANDAL AL-MUKTAFIBILLAH SHAH 23400 KETENGAH, TERENGGANU",09-8221361,gmketengah@giatmara.edu.my,1176,False,False
TERENGGANU,K02064,GIATMARA KETENGAH,Pembuatan Pakaian Wanita,TA-011-2:2012,Program Penuh - Persijilan Tahap Tunggal,SKM Tahap 2,Sekat Pengambilan,"BANDAL AL-MUKTAFIBILLAH SHAH 23400 KETENGAH, TERENGGANU",09-8221361,gmketengah@giatmara.edu.my,1176,False,False
TERENGGANU,K02064,GIATMARA KETENGAH,Servis & Penyelenggaraan Motosikal,TP-118-2:2012,Program Penuh - Persijilan Tahap Tunggal,SKM Tahap 2,Sekat Pengambilan,"BANDAL AL-MUKTAFIBILLAH SHAH 23400 KETENGAH, TERENGGANU",09-8221361,gmketengah@giatmara.edu.my,1176,False,False
TERENGGANU,K02150,GIATMARA KUALA NERUS,OPERASI TEKNIKAL PAKAIAN WANITA,C141-005-3:2021,Program Penuh - Persijilan Mengikut Tahap,SKM Tahap 3,Aktif,"KAMPUNG BUKIT PETITI, BELARAQ 21200 KUALA NERUS, TERENGGANU",09-6301062,gmkualanerus@giatmara.edu.my,1182,False,False
TERENGGANU,K02150,GIATMARA KUALA NERUS,Pemasangan & Penyelenggaraan Elektrik-Satu Fasa,EE-320-2:2012,Program Penuh - Persijilan Mengikut Tahap,SKM Tahap 2,Sekat Pengambilan,"KAMPUNG BUKIT PETITI, BELARAQ 21200 KUALA NERUS, TERENGGANU",09-6301062,gmkualanerus@giatmara.edu.my,1182,False,False
TERENGGANU,K02150,GIATMARA KUALA NERUS,Pemasangan dan Penyelenggaraan Elektrik Satu Fasa,F432-005-2:2019,Program Penuh - Persijilan Mengikut Tahap,SKM Tahap 2,Aktif,"KAMPUNG BUKIT PETITI, BELARAQ 21200 KUALA NERUS, TERENGGANU",09-6301062,gmkualanerus@giatmara.edu.my,1182,False,False
TERENGGANU,K02150,GIATMARA KUALA NERUS,Pembuatan Pakaian Wanita,TA-011-3:2012,Program Penuh - Persijilan Mengikut Tahap,SKM Tahap 3,Sekat Pengambilan,"KAMPUNG BUKIT PETITI, BELARAQ 21200 KUALA NERUS, TERENGGANU",09-6301062,gmkualanerus@giatmara.edu.my,1182,False,False
TERENGGANU,K02150,GIATMARA KUALA NERUS,Penyediaan & Pembuatan Makanan,HT-012-2:2012,Program Penuh - Persijilan Mengikut Tahap,SKM Tahap 2,Aktif,"KAMPUNG BUKIT PETITI, BELARAQ 21200 KUALA NERUS, TERENGGANU",09-6301062,gmkualanerus@giatmara.edu.my,1182,False,False
TERENGGANU,K02131,GIATMARA KUALA TERENGGANU,Operasi Sistem Komputer,IT-020-3:2013,Program Penuh - Persijilan Mengikut Tahap,SKM Tahap 3,Aktif,"LOT 1088 JALAN HAJI BUSU, BATU BURUK 20400 BATU BURUK TERENGGANU",09-6203653,gmkualaterengganu@giatmara.edu.my,1180,False,False
TERENGGANU,K02131,GIATMARA KUALA TERENGGANU,PEMBUATAN PAKAIAN WANITA,C141-005-2:2021,Program Penuh - Persijilan Mengikut Tahap,SKM Tahap 2,Aktif,"LOT 1088 JALAN HAJI BUSU, BATU BURUK 20400 BATU BURUK TERENGGANU",09-6203653,gmkualaterengganu@giatmara.edu.my,1180,False,False
TERENGGANU,K02131,GIATMARA KUALA TERENGGANU,PEMBUATAN PAKAIAN WANITA,C141-005-2:2021,Program Micro Credential,SKM Tahap 2,Aktif,"LOT 1088 JALAN HAJI BUSU, BATU BURUK 20400 BATU BURUK TERENGGANU",09-6203653,gmkualaterengganu@giatmara.edu.my,1180,False,False
TERENGGANU,K02131,GIATMARA KUALA TERENGGANU,Pemasangan & Penyelenggaraan Elektrik-Satu Fasa,EE-320-2:2012,Program Penuh - Persijilan Mengikut Tahap,SKM Tahap 2,Sekat Pengambilan,"LOT 1088 JALAN HAJI BUSU, BATU BURUK 20400 BATU BURUK TERENGGANU",09-6203653,gmkualaterengganu@giatmara.edu.my,1180,False,False
TERENGGANU,K02131,GIATMARA KUALA TERENGGANU,Pemasangan dan Penyelenggaraan Elektrik Satu Fasa,F432-005-2:2019,Program Penuh - Persijilan Mengikut Tahap,SKM Tahap 2,Aktif,"LOT 1088 JALAN HAJI BUSU, BATU BURUK 20400 BATU BURUK TERENGGANU",09-6203653,gmkualaterengganu@giatmara.edu.my,1180,False,False
TERENGGANU,K02131,GIATMARA KUALA TERENGGANU,Pembuatan Pakaian Wanita,TA-011-2:2012,Program Penuh - Persijilan Tahap Tunggal,SKM Tahap 2,Sekat Pengambilan,"LOT 1088 JALAN HAJI BUSU, BATU BURUK 20400 BATU BURUK TERENGGANU",09-6203653,gmkualaterengganu@giatmara.edu.my,1180,False,False
TERENGGANU,K02131,GIATMARA KUALA TERENGGANU,Pengeluaran Hiasan Dalaman (Fabrik),ID-031-3:2013,Program Penuh - Persijilan Mengikut Tahap,SKM Tahap 3,Aktif,"LOT 1088 JALAN HAJI BUSU, BATU BURUK 20400 BATU BURUK TERENGGANU",09-6203653,gmkualaterengganu@giatmara.edu.my,1180,False,False
TERENGGANU,K02131,GIATMARA KUALA TERENGGANU,Penyeliaan dan Pengesanan Kerosakan Komponen dan Papan Elektronik,C261-001-3:2020,Program Penuh - Persijilan Tahap Tunggal,SKM Tahap 3,Aktif,"LOT 1088 JALAN HAJI BUSU, BATU BURUK 20400 BATU BURUK TERENGGANU",09-6203653,gmkualaterengganu@giatmara.edu.my,1180,False,False
TERENGGANU,K02061,GIATMARA MARANG (BUKIT PAYONG),Automotif-Servis Selepas Jualan,TP-300-2:2013,Program Penuh - Persijilan Mengikut Tahap,SKM Tahap 2,Sekat Pengambilan,"JALAN RAWAI 21400 BUKIT PAYONG, TERENGGANU",09-6102030,gmmarang@giatmara.edu.my,1173,False,False
TERENGGANU,K02061,GIATMARA MARANG (BUKIT PAYONG),PEMBUATAN PAKAIAN WANITA,C141-005-2:2021,Program Penuh - Persijilan Mengikut Tahap,SKM Tahap 2,Aktif,"JALAN RAWAI 21400 BUKIT PAYONG, TERENGGANU",09-6102030,gmmarang@giatmara.edu.my,1173,False,False
TERENGGANU,K02061,GIATMARA MARANG (BUKIT PAYONG),PEMBUATAN SUPERSTRUKTUR DAN SERIMALA GENTIAN KACA,TP-022-3:2014,Program Penuh - Persijilan Mengikut Tahap,SKM Tahap 3,Aktif,"JALAN RAWAI 21400 BUKIT PAYONG, TERENGGANU",09-6102030,gmmarang@giatmara.edu.my,1173,False,False
TERENGGANU,K02061,GIATMARA MARANG (BUKIT PAYONG),PERKHIDMATAN PEMBAIKAN – KENDERAAN RINGAN,G452-002-2:2018,Program Penuh - Persijilan Mengikut Tahap,SKM Tahap 2,Aktif,"JALAN RAWAI 21400 BUKIT PAYONG, TERENGGANU",09-6102030,gmmarang@giatmara.edu.my,1173,False,False
TERENGGANU,K02061,GIATMARA MARANG (BUKIT PAYONG),Pembuatan Pakaian Wanita,TA-011-2:2012,Program Penuh - Persijilan Tahap Tunggal,SKM Tahap 2,Sekat Pengambilan,"JALAN RAWAI 21400 BUKIT PAYONG, TERENGGANU",09-6102030,gmmarang@giatmara.edu.my,1173,False,False
TERENGGANU,K02061,GIATMARA MARANG (BUKIT PAYONG),Pengemasan & Pengecatan Semula Kenderaan,G452-005-3:2019,Program Penuh - Persijilan Mengikut Tahap,SKM Tahap 3,Aktif,"JALAN RAWAI 21400 BUKIT PAYONG, TERENGGANU",09-6102030,gmmarang@giatmara.edu.my,1173,False,False
TERENGGANU,K02061,GIATMARA MARANG (BUKIT PAYONG),Penyemburan Cat Automotif,TP-306-2:2012,Program Penuh - Persijilan Tahap Tunggal,SKM Tahap 2,Sekat Pengambilan,"JALAN RAWAI 21400 BUKIT PAYONG, TERENGGANU",09-6102030,gmmarang@giatmara.edu.my,1173,False,False
TERENGGANU,K02063,GIATMARA SETIU,Automotif-Servis Selepas Jualan,TP-300-2:2013,Program Penuh - Persijilan Mengikut Tahap,SKM Tahap 2,Sekat Pengambilan,"KAMPUNG PAK KANCIL 21400 CHALOK, SETIU, TERENGGANU",09-6097540,gmsetiu@giatmara.edu.my,1175,False,False
TERENGGANU,K02063,GIATMARA SETIU,Operasi Pembinaan Bangunan,F410-001-2:2019,Program Penuh - Persijilan Mengikut Tahap,SKM Tahap 2,Aktif,"KAMPUNG PAK KANCIL 21400 CHALOK, SETIU, TERENGGANU",09-6097540,gmsetiu@giatmara.edu.my,1175,False,False
TERENGGANU,K02063,GIATMARA SETIU,PERKHIDMATAN PEMBAIKAN – KENDERAAN RINGAN,G452-002-2:2018,Program Penuh - Persijilan Mengikut Tahap,SKM Tahap 2,Aktif,"KAMPUNG PAK KANCIL 21400 CHALOK, SETIU, TERENGGANU",09-6097540,gmsetiu@giatmara.edu.my,1175,False,False
TERENGGANU,K02063,GIATMARA SETIU,Pemasangan dan Penyelenggaraan Elektrik Satu Fasa,F432-005-2:2019,Program Penuh - Persijilan Mengikut Tahap,SKM Tahap 2,Aktif,"KAMPUNG PAK KANCIL 21400 CHALOK, SETIU, TERENGGANU",09-6097540,gmsetiu@giatmara.edu.my,1175,False,False
TERENGGANU,K02063,GIATMARA SETIU,Pembinaan Bangunan Residensi,BC-030-3:2013,Program Penuh - Persijilan Mengikut Tahap,SKM Tahap 3,Sekat Pengambilan,"KAMPUNG PAK KANCIL 21400 CHALOK, SETIU, TERENGGANU",09-6097540,gmsetiu@giatmara.edu.my,1175,False,False
TERENGGANU,K03022,INSTITUT KEMAHIRAN BELIA NEGARA KEMASIK,Dandanan Rambut,HT-090-3:2012,Program Penuh - Persijilan Tahap Tunggal,SKM Tahap 3,Aktif,KM 19 JALAN KEMAMAN-DUNGUN 24200 KEMAMAN TERENGGANU,09-8664500,nur_azlina.kbs@1govuc.goc.my,1184,False,False
TERENGGANU,K03022,INSTITUT KEMAHIRAN BELIA NEGARA KEMASIK,OPERASI SENI KULINARI,I561-005-3:2022,Program Penuh - Persijilan Tahap Tunggal,SKM Tahap 3,Sekat Pengambilan,KM 19 JALAN KEMAMAN-DUNGUN 24200 KEMAMAN TERENGGANU,09-8664500,nur_azlina.kbs@1govuc.goc.my,1184,False,False
TERENGGANU,K03022,INSTITUT KEMAHIRAN BELIA NEGARA KEMASIK,Operasi Kaunter Hadapan,I551-002-3:2017,Program Penuh - Persijilan Mengikut Tahap,SKM Tahap 3,Aktif,KM 19 JALAN KEMAMAN-DUNGUN 24200 KEMAMAN TERENGGANU,09-8664500,nur_azlina.kbs@1govuc.goc.my,1184,False,False
TERENGGANU,K03022,INSTITUT KEMAHIRAN BELIA NEGARA KEMASIK,Operasi Pengemasan,I551-003-2:2018,Program Micro Credential,SKM Tahap 2,Aktif,KM 19 JALAN KEMAMAN-DUNGUN 24200 KEMAMAN TERENGGANU,09-8664500,nur_azlina.kbs@1govuc.goc.my,1184,False,False
TERENGGANU,K03022,INSTITUT KEMAHIRAN BELIA NEGARA KEMASIK,Pembuatan Pastri,HT-014-3:2011,Program Penuh - Persijilan Tahap Tunggal,SKM Tahap 3,Aktif,KM 19 JALAN KEMAMAN-DUNGUN 24200 KEMAMAN TERENGGANU,09-8664500,nur_azlina.kbs@1govuc.goc.my,1184,False,False
TERENGGANU,K03022,INSTITUT KEMAHIRAN BELIA NEGARA KEMASIK,Pembuatan Roti,HT-013-3:2011,Program Penuh - Persijilan Tahap Tunggal,SKM Tahap 3,Aktif,KM 19 JALAN KEMAMAN-DUNGUN 24200 KEMAMAN TERENGGANU,09-8664500,nur_azlina.kbs@1govuc.goc.my,1184,False,False
TERENGGANU,K03022,INSTITUT KEMAHIRAN BELIA NEGARA KEMASIK,Penyediaan & Pembuatan Makanan,HT-012-3:2012,Program Penuh - Persijilan Tahap Tunggal,SKM Tahap 3,Sekat Pengambilan,KM 19 JALAN KEMAMAN-DUNGUN 24200 KEMAMAN TERENGGANU,09-8664500,nur_azlina.kbs@1govuc.goc.my,1184,False,False
TERENGGANU,K03022,INSTITUT KEMAHIRAN BELIA NEGARA KEMASIK,Perkhidmatan Estetik,S960-002-3:2020,Program Penuh - Persijilan Mengikut Tahap,SKM Tahap 3,Sekat Pengambilan,KM 19 JALAN KEMAMAN-DUNGUN 24200 KEMAMAN TERENGGANU,09-8664500,nur_azlina.kbs@1govuc.goc.my,1184,False,False
TERENGGANU,K03022,INSTITUT KEMAHIRAN BELIA NEGARA KEMASIK,Perkhidmatan Estetik,S960-002-3:2020,Program Penuh - Persijilan Tahap Tunggal,SKM Tahap 3,Aktif,KM 19 JALAN KEMAMAN-DUNGUN 24200 KEMAMAN TERENGGANU,09-8664500,nur_azlina.kbs@1govuc.goc.my,1184,False,False
TERENGGANU,K03022,INSTITUT KEMAHIRAN BELIA NEGARA KEMASIK,Video/ Produksi Filem (Penggambaran),IT-071-3:2011,Program Penuh - Persijilan Tahap Tunggal,SKM Tahap 3,Aktif,KM 19 JALAN KEMAMAN-DUNGUN 24200 KEMAMAN TERENGGANU,09-8664500,nur_azlina.kbs@1govuc.goc.my,1184,False,False
TERENGGANU,K03003,INSTITUT KEMAHIRAN BELIA NEGARA WAKAF TAPAI,OPERASI TEKNIKAL PAKAIAN WANITA,C141-005-3:2021,Program Penuh - Persijilan Tahap Tunggal,SKM Tahap 3,Aktif,"KM24, Jalan Kuala Terengganu - Kuala Berang,",096806000,ikbn_wtapai@kbs.gov.my,1183,False,False
TERENGGANU,K03003,INSTITUT KEMAHIRAN BELIA NEGARA WAKAF TAPAI,"Operasi Fabrikasi Paip(Minyak, Gas & Petrokimia)",OG-010-3:2011,Program Penuh - Persijilan Tahap Tunggal,SKM Tahap 3,Sekat Pengambilan,"KM24, Jalan Kuala Terengganu - Kuala Berang,",096806000,ikbn_wtapai@kbs.gov.my,1183,False,False
TERENGGANU,K03003,INSTITUT KEMAHIRAN BELIA NEGARA WAKAF TAPAI,PENYELIAAN OPERASI & PENYELENGGARAAN BANGUNAN,BC-070-3:2014,Program Penuh - Persijilan Mengikut Tahap,SKM Tahap 3,Sekat Pengambilan,"KM24, Jalan Kuala Terengganu - Kuala Berang,",096806000,ikbn_wtapai@kbs.gov.my,1183,False,False
TERENGGANU,K03003,INSTITUT KEMAHIRAN BELIA NEGARA WAKAF TAPAI,PENYELIAAN OPERASI & PENYELENGGARAAN BANGUNAN,BC-070-3:2014,Program Penuh - Persijilan Tahap Tunggal,SKM Tahap 3,Aktif,"KM24, Jalan Kuala Terengganu - Kuala Berang,",096806000,ikbn_wtapai@kbs.gov.my,1183,False,False
TERENGGANU,K03003,INSTITUT KEMAHIRAN BELIA NEGARA WAKAF TAPAI,PENYELIAAN PEMASANGAN PERPAIPAN DAN KUMBAHAN,F432-002-3:2017,Program Penuh - Persijilan Tahap Tunggal,SKM Tahap 3,Aktif,"KM24, Jalan Kuala Terengganu - Kuala Berang,",096806000,ikbn_wtapai@kbs.gov.my,1183,False,False
TERENGGANU,K03003,INSTITUT KEMAHIRAN BELIA NEGARA WAKAF TAPAI,PROSES KIMPALAN ARKA LOGAM BERPERISAI,C259-008-3:2022,Program Penuh - Persijilan Mengikut Tahap,SKM Tahap 3,Aktif,"KM24, Jalan Kuala Terengganu - Kuala Berang,",096806000,ikbn_wtapai@kbs.gov.my,1183,False,False
TERENGGANU,K03003,INSTITUT KEMAHIRAN BELIA NEGARA WAKAF TAPAI,Pemasangan dan Penyelenggaraan Elektrik Tiga Fasa,F432-005-3:2019,Program Penuh - Persijilan Tahap Tunggal,SKM Tahap 3,Aktif,"KM24, Jalan Kuala Terengganu - Kuala Berang,",096806000,ikbn_wtapai@kbs.gov.my,1183,False,False
TERENGGANU,K03003,INSTITUT KEMAHIRAN BELIA NEGARA WAKAF TAPAI,Pembuatan Pakaian Wanita,TA-011-3:2012,Program Penuh - Persijilan Tahap Tunggal,SKM Tahap 3,Sekat Pengambilan,"KM24, Jalan Kuala Terengganu - Kuala Berang,",096806000,ikbn_wtapai@kbs.gov.my,1183,False,False
TERENGGANU,K03003,INSTITUT KEMAHIRAN BELIA NEGARA WAKAF TAPAI,Pentadbiran Fesyen dan Pakaian,TA-011-4:2013,Program Penuh - Persijilan Mengikut Tahap,Diploma Kemahiran Malaysia,Sekat Pengambilan,"KM24, Jalan Kuala Terengganu - Kuala Berang,",096806000,ikbn_wtapai@kbs.gov.my,1183,False,False
TERENGGANU,K03003,INSTITUT KEMAHIRAN BELIA NEGARA WAKAF TAPAI,Penyeliaan dan Jahitan Pakaian Lelaki,C141-001-3:2017,Program Penuh - Persijilan Tahap Tunggal,SKM Tahap 3,Aktif,"KM24, Jalan Kuala Terengganu - Kuala Berang,",096806000,ikbn_wtapai@kbs.gov.my,1183,False,False
TERENGGANU,K03003,INSTITUT KEMAHIRAN BELIA NEGARA WAKAF TAPAI,Proses Kimpalan Arka Kepingan Logam,MC-024-3:2012,Program Penuh - Persijilan Mengikut Tahap,SKM Tahap 3,Aktif,"KM24, Jalan Kuala Terengganu - Kuala Berang,",096806000,ikbn_wtapai@kbs.gov.my,1183,False,False
TERENGGANU,L01235,INSTITUT KEMAHIRAN BESTARI (CAW. BANDAR PERMAISURI),OPERASI PEMESINAN,C259-006-2:2020,Program Penuh - Persijilan Mengikut Tahap,SKM Tahap 2,Aktif,"LOT 1233, SAUJANA, PERMAISURI, 22110 SETIU , TERENGGANU. LOT 1661, SAUJANA, PERMAISURI, 22110 SETIU , TERENGGANU.",09-6021002,ikbpermaisuri@yahoo.com,1213,False,False
TERENGGANU,L01235,INSTITUT KEMAHIRAN BESTARI (CAW. BANDAR PERMAISURI),PEMBUATAN PAKAIAN WANITA,C141-005-2:2021,Program Penuh - Persijilan Mengikut Tahap,SKM Tahap 2,Aktif,"LOT 1233, SAUJANA, PERMAISURI, 22110 SETIU , TERENGGANU. LOT 1661, SAUJANA, PERMAISURI, 22110 SETIU , TERENGGANU.",09-6021002,ikbpermaisuri@yahoo.com,1213,False,False
TERENGGANU,L01235,INSTITUT KEMAHIRAN BESTARI (CAW. BANDAR PERMAISURI),PENYEDIAAN DAN PENGHASILAN MAKANAN,I561-005-2:2022,Program Penuh - Persijilan Mengikut Tahap,SKM Tahap 2,Aktif,"LOT 1233, SAUJANA, PERMAISURI, 22110 SETIU , TERENGGANU. LOT 1661, SAUJANA, PERMAISURI, 22110 SETIU , TERENGGANU.",09-6021002,ikbpermaisuri@yahoo.com,1213,False,False
TERENGGANU,L01235,INSTITUT KEMAHIRAN BESTARI (CAW. BANDAR PERMAISURI),Penyediaan & Pembuatan Makanan,HT-012-2:2012,Program Penuh - Persijilan Mengikut Tahap,SKM Tahap 2,Sekat Pengambilan,"LOT 1233, SAUJANA, PERMAISURI, 22110 SETIU , TERENGGANU. LOT 1661, SAUJANA, PERMAISURI, 22110 SETIU , TERENGGANU.",09-6021002,ikbpermaisuri@yahoo.com,1213,False,False
TERENGGANU,L01221,INSTITUT KEMAHIRAN UNI C.E.T.E AUTOMOTIVE AND AIR-COND SERVICE,PERKHIDMATAN PEMBAIKAN – KENDERAAN RINGAN,G452-002-2:2018,Program Penuh - Persijilan Mengikut Tahap,SKM Tahap 2,Sekat Pengambilan,"B9, KAWASAN PERINDUSTRIAN CHENDERING 21080 KUALA CHENDERING TERENGGANU PREMIS TAMBAHAN: B11 & B12, KAWASAN PERINDUSTRIAN CHENDERING",09-6176118,uniceteauto01@gmail.com,1212,False,False
TERENGGANU,L01221,INSTITUT KEMAHIRAN UNI C.E.T.E AUTOMOTIVE AND AIR-COND SERVICE,SERVIS DIAGNOSTIK – KENDERAAN RINGAN,G452-002-3:2018,Program Penuh - Persijilan Mengikut Tahap,SKM Tahap 3,Sekat Pengambilan,"B9, KAWASAN PERINDUSTRIAN CHENDERING 21080 KUALA CHENDERING TERENGGANU PREMIS TAMBAHAN: B11 & B12, KAWASAN PERINDUSTRIAN CHENDERING",09-6176118,uniceteauto01@gmail.com,1212,False,False
TERENGGANU,L01221,INSTITUT KEMAHIRAN UNI C.E.T.E AUTOMOTIVE AND AIR-COND SERVICE,SERVIS DIAGNOSTIK – KENDERAAN RINGAN,G452-002-3:2018,Program Penuh - Persijilan Tahap Tunggal,SKM Tahap 3,Aktif,"B9, KAWASAN PERINDUSTRIAN CHENDERING 21080 KUALA CHENDERING TERENGGANU PREMIS TAMBAHAN: B11 & B12, KAWASAN PERINDUSTRIAN CHENDERING",09-6176118,uniceteauto01@gmail.com,1212,False,False
TERENGGANU,L01216,INSTITUT KEMAHIRAN UNICETE,Geomatics & Land Surveying,BC-060-3:2013,Program Penuh - Persijilan Mengikut Tahap,SKM Tahap 3,Aktif,"NO. 73, MEZZANINE FLOOR JALAN DATO' ISAAC'S 20100 KUALA TERENGGANU TERENGGANU PREMIS TAMBAHAN: TINGKAT 1, TINGKAT 2, TINGKAT 3 DAN NO. 75 MEZZANINE FLOOR, TINGKAT 1, TINGKAT 3, JALAN SULTAN SULAIMAN (JALAN DATO' ISAAC'S), 20100 KUALA TERENGGANU, TERENGGANU",09-6204460,unicete.my@gmail.com,1211,False,False
TERENGGANU,L01216,INSTITUT KEMAHIRAN UNICETE,OPERASI TEKNIKAL PAKAIAN WANITA,C141-005-3:2021,Program Penuh - Persijilan Mengikut Tahap,SKM Tahap 3,Sekat Pengambilan,"NO. 73, MEZZANINE FLOOR JALAN DATO' ISAAC'S 20100 KUALA TERENGGANU TERENGGANU PREMIS TAMBAHAN: TINGKAT 1, TINGKAT 2, TINGKAT 3 DAN NO. 75 MEZZANINE FLOOR, TINGKAT 1, TINGKAT 3, JALAN SULTAN SULAIMAN (JALAN DATO' ISAAC'S), 20100 KUALA TERENGGANU, TERENGGANU",09-6204460,unicete.my@gmail.com,1211,False,False
TERENGGANU,L01216,INSTITUT KEMAHIRAN UNICETE,OPERASI TEKNIKAL PAKAIAN WANITA,C141-005-3:2021,Program Penuh - Persijilan Tahap Tunggal,SKM Tahap 3,Aktif,"NO. 73, MEZZANINE FLOOR JALAN DATO' ISAAC'S 20100 KUALA TERENGGANU TERENGGANU PREMIS TAMBAHAN: TINGKAT 1, TINGKAT 2, TINGKAT 3 DAN NO. 75 MEZZANINE FLOOR, TINGKAT 1, TINGKAT 3, JALAN SULTAN SULAIMAN (JALAN DATO' ISAAC'S), 20100 KUALA TERENGGANU, TERENGGANU",09-6204460,unicete.my@gmail.com,1211,False,False
TERENGGANU,L01216,INSTITUT KEMAHIRAN UNICETE,PEMBUATAN PAKAIAN WANITA,C141-005-2:2021,Program Penuh - Persijilan Mengikut Tahap,SKM Tahap 2,Sekat Pengambilan,"NO. 73, MEZZANINE FLOOR JALAN DATO' ISAAC'S 20100 KUALA TERENGGANU TERENGGANU PREMIS TAMBAHAN: TINGKAT 1, TINGKAT 2, TINGKAT 3 DAN NO. 75 MEZZANINE FLOOR, TINGKAT 1, TINGKAT 3, JALAN SULTAN SULAIMAN (JALAN DATO' ISAAC'S), 20100 KUALA TERENGGANU, TERENGGANU",09-6204460,unicete.my@gmail.com,1211,False,False
TERENGGANU,K01511,KAMPUS SATELIT CIAST IKBN KEMASIK,PENGAJARAN TVET,P853-002-4:2021,Program Penuh - Persijilan Mengikut Tahap,Diploma Kemahiran Malaysia,Aktif,"KM. 19, 24200, JALAN KEMAMAN - DUNGUN, 24210 KEMASIK, TERENGGANU",09-864 0753/075,ISMAIL@CIAST.GOV.MY,1727,False,False
TERENGGANU,K01508,KAMPUS SATELIT CIAST ILP MARANG,PENGAJARAN TVET,P853-002-4:2021,Program Penuh - Persijilan Mengikut Tahap,Diploma Kemahiran Malaysia,Aktif,"KAMPUNG BUKIT PARIT, 21600 MARANG, TERENGGANU",09-6189061,fardila@ciast.gov.my,1725,False,False
TERENGGANU,L01763,KOLEJ INFORANA,OPERASI SENI KULINARI,I561-005-3:2022,Program Penuh - Persijilan Mengikut Tahap,SKM Tahap 3,Sekat Pengambilan,LOT 29295 JALAN TOK JEMBAL MUKIM KUALA NERUS 21300 KUALA TERENGGANU TERENGGANU PREMIS TAMBAHAN: LOT PT 31623-PT31626 LAMAN BAYU TOK JEMBAL 21300 KUALA NERUS TERENGGANU,0138524456,inforana_holdings@yahoo.com,1218,False,False
TERENGGANU,L01763,KOLEJ INFORANA,OPERASI SENI KULINARI,I561-005-3:2022,Program Penuh - Persijilan Tahap Tunggal,SKM Tahap 3,Aktif,LOT 29295 JALAN TOK JEMBAL MUKIM KUALA NERUS 21300 KUALA TERENGGANU TERENGGANU PREMIS TAMBAHAN: LOT PT 31623-PT31626 LAMAN BAYU TOK JEMBAL 21300 KUALA NERUS TERENGGANU,0138524456,inforana_holdings@yahoo.com,1218,False,False
TERENGGANU,L01763,KOLEJ INFORANA,PEMBUATAN PASTRI,HT-014-2:2011,Program Penuh - Persijilan Mengikut Tahap,SKM Tahap 2,Sekat Pengambilan,LOT 29295 JALAN TOK JEMBAL MUKIM KUALA NERUS 21300 KUALA TERENGGANU TERENGGANU PREMIS TAMBAHAN: LOT PT 31623-PT31626 LAMAN BAYU TOK JEMBAL 21300 KUALA NERUS TERENGGANU,0138524456,inforana_holdings@yahoo.com,1218,False,False
TERENGGANU,L01763,KOLEJ INFORANA,PENYEDIAAN DAN PENGHASILAN MAKANAN,I561-005-2:2022,Program Penuh - Persijilan Mengikut Tahap,SKM Tahap 2,Sekat Pengambilan,LOT 29295 JALAN TOK JEMBAL MUKIM KUALA NERUS 21300 KUALA TERENGGANU TERENGGANU PREMIS TAMBAHAN: LOT PT 31623-PT31626 LAMAN BAYU TOK JEMBAL 21300 KUALA NERUS TERENGGANU,0138524456,inforana_holdings@yahoo.com,1218,False,False
TERENGGANU,L01763,KOLEJ INFORANA,PENYEDIAAN DAN PENGHASILAN MAKANAN,I561-005-2:2022,Program Micro Credential,SKM Tahap 2,Aktif,LOT 29295 JALAN TOK JEMBAL MUKIM KUALA NERUS 21300 KUALA TERENGGANU TERENGGANU PREMIS TAMBAHAN: LOT PT 31623-PT31626 LAMAN BAYU TOK JEMBAL 21300 KUALA NERUS TERENGGANU,0138524456,inforana_holdings@yahoo.com,1218,False,False
TERENGGANU,L01763,KOLEJ INFORANA,Pembuatan Pastri,HT-014-3:2011,Program Penuh - Persijilan Mengikut Tahap,SKM Tahap 3,Sekat Pengambilan,LOT 29295 JALAN TOK JEMBAL MUKIM KUALA NERUS 21300 KUALA TERENGGANU TERENGGANU PREMIS TAMBAHAN: LOT PT 31623-PT31626 LAMAN BAYU TOK JEMBAL 21300 KUALA NERUS TERENGGANU,0138524456,inforana_holdings@yahoo.com,1218,False,False
TERENGGANU,L01763,KOLEJ INFORANA,Penyediaan & Pembuatan Makanan,HT-012-3:2012,Program Penuh - Persijilan Mengikut Tahap,SKM Tahap 3,Sekat Pengambilan,LOT 29295 JALAN TOK JEMBAL MUKIM KUALA NERUS 21300 KUALA TERENGGANU TERENGGANU PREMIS TAMBAHAN: LOT PT 31623-PT31626 LAMAN BAYU TOK JEMBAL 21300 KUALA NERUS TERENGGANU,0138524456,inforana_holdings@yahoo.com,1218,False,False
TERENGGANU,L01763,KOLEJ INFORANA,Penyediaan & Pembuatan Makanan,HT-012-2:2012,Program Penuh - Persijilan Mengikut Tahap,SKM Tahap 2,Sekat Pengambilan,LOT 29295 JALAN TOK JEMBAL MUKIM KUALA NERUS 21300 KUALA TERENGGANU TERENGGANU PREMIS TAMBAHAN: LOT PT 31623-PT31626 LAMAN BAYU TOK JEMBAL 21300 KUALA NERUS TERENGGANU,0138524456,inforana_holdings@yahoo.com,1218,False,False
TERENGGANU,L00513,KOLEJ KEMAHIRAN BERLIAN,OPERASI TEKNIKAL PAKAIAN WANITA,C141-005-3:2021,Program Penuh - Persijilan Tahap Tunggal,SKM Tahap 3,Aktif,"LOT 10240 & 10241, BATU 1 1/2 JALAN AIR PUTIH, CHUKAI 24000 KEMAMAN TERENGGANU",098599051,kolejkemahiranberlian@gmail.com,1204,False,False
TERENGGANU,L00513,KOLEJ KEMAHIRAN BERLIAN,Operasi Pengeluaran Pakaian,C141-006-4:2021,Program Penuh - Persijilan Mengikut Tahap,Diploma Kemahiran Malaysia,Aktif,"LOT 10240 & 10241, BATU 1 1/2 JALAN AIR PUTIH, CHUKAI 24000 KEMAMAN TERENGGANU",098599051,kolejkemahiranberlian@gmail.com,1204,False,False
TERENGGANU,L00513,KOLEJ KEMAHIRAN BERLIAN,PEMBUATAN PAKAIAN WANITA,C141-005-2:2021,Program Micro Credential,SKM Tahap 2,Aktif,"LOT 10240 & 10241, BATU 1 1/2 JALAN AIR PUTIH, CHUKAI 24000 KEMAMAN TERENGGANU",098599051,kolejkemahiranberlian@gmail.com,1204,False,False
TERENGGANU,L01215,KOLEJ KEMAHIRAN YAYASAN TERENGGANU,Operasi Sistem Komputer,IT-020-3:2013,Program Penuh - Persijilan Mengikut Tahap,SKM Tahap 3,Aktif,"LOT PT4048 BLOK E PEKEDAIAN LADANG TOK PELAM, JALAN SULTAN ZAINAL ABIDIN 20000 KUALA TERENGGANU, TERENGGANU",09-6220272,kolejkemahiranyt@yahoo.com,1210,False,False
TERENGGANU,L01215,KOLEJ KEMAHIRAN YAYASAN TERENGGANU,Pentadbiran Pejabat,N821-001-3:2020,Program Penuh - Persijilan Mengikut Tahap,SKM Tahap 3,Aktif,"LOT PT4048 BLOK E PEKEDAIAN LADANG TOK PELAM, JALAN SULTAN ZAINAL ABIDIN 20000 KUALA TERENGGANU, TERENGGANU",09-6220272,kolejkemahiranyt@yahoo.com,1210,False,False
TERENGGANU,L01215,KOLEJ KEMAHIRAN YAYASAN TERENGGANU,Pentadbiran Pejabat,N821-001-3:2020,Program Micro Credential - Tauliah Sedia Ada,SKM Tahap 3,Aktif,"LOT PT4048 BLOK E PEKEDAIAN LADANG TOK PELAM, JALAN SULTAN ZAINAL ABIDIN 20000 KUALA TERENGGANU, TERENGGANU",09-6220272,kolejkemahiranyt@yahoo.com,1210,False,False
TERENGGANU,L01215,KOLEJ KEMAHIRAN YAYASAN TERENGGANU,Pentadbiran Sistem Komputer,IT-020-4:2013,Program Penuh - Persijilan Mengikut Tahap,Diploma Kemahiran Malaysia,Aktif,"LOT PT4048 BLOK E PEKEDAIAN LADANG TOK PELAM, JALAN SULTAN ZAINAL ABIDIN 20000 KUALA TERENGGANU, TERENGGANU",09-6220272,kolejkemahiranyt@yahoo.com,1210,False,False
TERENGGANU,L01215,KOLEJ KEMAHIRAN YAYASAN TERENGGANU,Pentadbiran Sistem Maklumat,FB-081-4:2012,Program Penuh - Persijilan Mengikut Tahap,Diploma Kemahiran Malaysia,Sekat Pengambilan,"LOT PT4048 BLOK E PEKEDAIAN LADANG TOK PELAM, JALAN SULTAN ZAINAL ABIDIN 20000 KUALA TERENGGANU, TERENGGANU",09-6220272,kolejkemahiranyt@yahoo.com,1210,False,False
TERENGGANU,L01215,KOLEJ KEMAHIRAN YAYASAN TERENGGANU,Urut Terapeutik & Penjagaan,MP-082-4:2012,Program Penuh - Persijilan Mengikut Tahap,Diploma Kemahiran Malaysia,Sekat Pengambilan,"LOT PT4048 BLOK E PEKEDAIAN LADANG TOK PELAM, JALAN SULTAN ZAINAL ABIDIN 20000 KUALA TERENGGANU, TERENGGANU",09-6220272,kolejkemahiranyt@yahoo.com,1210,True,True
TERENGGANU,L00584,KOLEJ KETENGAH,PERKHIDMATAN PEMBAIKAN – KENDERAAN RINGAN,G452-002-2:2018,Program Penuh - Persijilan Mengikut Tahap,SKM Tahap 2,Sekat Pengambilan,"JALAN SULTAN SULAIMAN, BANDAR AL MUKTAFI BILLAH SHAH,",098222861,admin@kolejketengah.edu.my,16363,False,False
TERENGGANU,L00584,KOLEJ KETENGAH,PERKHIDMATAN PEMBAIKAN – KENDERAAN RINGAN,G452-002-2:2018,Program Micro Credential - Tauliah Sedia Ada,SKM Tahap 2,Aktif,"JALAN SULTAN SULAIMAN, BANDAR AL MUKTAFI BILLAH SHAH,",098222861,admin@kolejketengah.edu.my,16363,False,False
TERENGGANU,K01105,KOLEJ TEKNOLOGI TERMAJU JABATAN TENAGA MANUSIA (ADTEC JTM) KAMPUS KEMAMAN,APLIKASI KAWALAN PROSES,M749-010-4:2025,Program Penuh - Persijilan Mengikut Tahap,Diploma Kemahiran Malaysia,Aktif,"PAYOH, KEMASIK",+6098664000,p.adteckemaman@mohr.gov.my,1172,False,False
TERENGGANU,K01105,KOLEJ TEKNOLOGI TERMAJU JABATAN TENAGA MANUSIA (ADTEC JTM) KAMPUS KEMAMAN,APLIKASI KAWALAN PROSES,M749-010-4:2025,Program Penuh - Persijilan Tahap Tunggal,Diploma Kemahiran Malaysia,Aktif,"PAYOH, KEMASIK",+6098664000,p.adteckemaman@mohr.gov.my,1172,False,False
TERENGGANU,K01105,KOLEJ TEKNOLOGI TERMAJU JABATAN TENAGA MANUSIA (ADTEC JTM) KAMPUS KEMAMAN,Air/Mixed-Gas Surface-Supplied Diving,OG-040-3:2015,Program Micro Credential,SKM Tahap 3,Aktif,"PAYOH, KEMASIK",+6098664000,p.adteckemaman@mohr.gov.my,1172,False,False
TERENGGANU,K01105,KOLEJ TEKNOLOGI TERMAJU JABATAN TENAGA MANUSIA (ADTEC JTM) KAMPUS KEMAMAN,Kejuruteraan Penyelenggaraan Mesin Industri,C331-012-4:2020,Program Penuh - Persijilan Mengikut Tahap,Diploma Kemahiran Malaysia,Aktif,"PAYOH, KEMASIK",+6098664000,p.adteckemaman@mohr.gov.my,1172,False,False
TERENGGANU,K01105,KOLEJ TEKNOLOGI TERMAJU JABATAN TENAGA MANUSIA (ADTEC JTM) KAMPUS KEMAMAN,"Operasi Loji Mekanikal (Minyak, Gas & Petrokimia)",OG-015-3:2012,Program Micro Credential,SKM Tahap 3,Aktif,"PAYOH, KEMASIK",+6098664000,p.adteckemaman@mohr.gov.my,1172,False,False
TERENGGANU,K01105,KOLEJ TEKNOLOGI TERMAJU JABATAN TENAGA MANUSIA (ADTEC JTM) KAMPUS KEMAMAN,Operasi Selam Skuba,HT-400-3:2013,Program Micro Credential,SKM Tahap 3,Aktif,"PAYOH, KEMASIK",+6098664000,p.adteckemaman@mohr.gov.my,1172,False,False
TERENGGANU,K01105,KOLEJ TEKNOLOGI TERMAJU JABATAN TENAGA MANUSIA (ADTEC JTM) KAMPUS KEMAMAN,Operasi Servis Selepas Jualan – Kenderaan Bermotor,G452-002-4:2017,Program Penuh - Persijilan Mengikut Tahap,Diploma Kemahiran Malaysia,Aktif,"PAYOH, KEMASIK",+6098664000,p.adteckemaman@mohr.gov.my,1172,False,False
TERENGGANU,K01105,KOLEJ TEKNOLOGI TERMAJU JABATAN TENAGA MANUSIA (ADTEC JTM) KAMPUS KEMAMAN,"PEMASANGAN, PERUBAHAN DAN PENANGGALAN PERANCAH ASAS",BC-061-1:2015,Program Micro Credential,SKM Tahap 1,Aktif,"PAYOH, KEMASIK",+6098664000,p.adteckemaman@mohr.gov.my,1172,False,False
TERENGGANU,K01105,KOLEJ TEKNOLOGI TERMAJU JABATAN TENAGA MANUSIA (ADTEC JTM) KAMPUS KEMAMAN,PENGURUSAN TEKNOLOGI KIMPALAN,MC-024-4:2012,Program Penuh - Persijilan Mengikut Tahap,Diploma Kemahiran Malaysia,Aktif,"PAYOH, KEMASIK",+6098664000,p.adteckemaman@mohr.gov.my,1172,False,False
TERENGGANU,K01105,KOLEJ TEKNOLOGI TERMAJU JABATAN TENAGA MANUSIA (ADTEC JTM) KAMPUS KEMAMAN,PERKHIDMATAN PEMBAIKAN – KENDERAAN RINGAN,G452-002-2:2018,Program Micro Credential,SKM Tahap 2,Aktif,"PAYOH, KEMASIK",+6098664000,p.adteckemaman@mohr.gov.my,1172,False,False
TERENGGANU,K01105,KOLEJ TEKNOLOGI TERMAJU JABATAN TENAGA MANUSIA (ADTEC JTM) KAMPUS KEMAMAN,Pemasangan dan Penyelenggaraan Elektrik Voltan Rendah,F432-005-4:2019,Program Penuh - Persijilan Mengikut Tahap,Diploma Kemahiran Malaysia,Aktif,"PAYOH, KEMASIK",+6098664000,p.adteckemaman@mohr.gov.my,1172,False,False
TERENGGANU,K01105,KOLEJ TEKNOLOGI TERMAJU JABATAN TENAGA MANUSIA (ADTEC JTM) KAMPUS KEMAMAN,Pembantu Ahli Teknologi Kawalan Proses,CM-030-4,Program Penuh - Persijilan Mengikut Tahap,Diploma Kemahiran Malaysia,Sekat Pengambilan,"PAYOH, KEMASIK",+6098664000,p.adteckemaman@mohr.gov.my,1172,False,False
TERENGGANU,K01105,KOLEJ TEKNOLOGI TERMAJU JABATAN TENAGA MANUSIA (ADTEC JTM) KAMPUS KEMAMAN,Pengurus Binaan Awam Dan Struktur,CVS4,Program Penuh - Persijilan Mengikut Tahap,Diploma Kemahiran Malaysia,Aktif,"PAYOH, KEMASIK",+6098664000,p.adteckemaman@mohr.gov.my,1172,False,False
TERENGGANU,K01105,KOLEJ TEKNOLOGI TERMAJU JABATAN TENAGA MANUSIA (ADTEC JTM) KAMPUS KEMAMAN,"Pengurusan Rekabentuk, Pemasangan & Penyelenggaraan HVAC",ME-020-4:2012,Program Penuh - Persijilan Mengikut Tahap,Diploma Kemahiran Malaysia,Aktif,"PAYOH, KEMASIK",+6098664000,p.adteckemaman@mohr.gov.my,1172,False,False
TERENGGANU,K01105,KOLEJ TEKNOLOGI TERMAJU JABATAN TENAGA MANUSIA (ADTEC JTM) KAMPUS KEMAMAN,Pengurusan Teknikal Operasi Bangunan,N811-001-4:2017,Program Penuh - Persijilan Tahap Tunggal,Diploma Kemahiran Malaysia,Aktif,"PAYOH, KEMASIK",+6098664000,p.adteckemaman@mohr.gov.my,1172,False,False
TERENGGANU,K01105,KOLEJ TEKNOLOGI TERMAJU JABATAN TENAGA MANUSIA (ADTEC JTM) KAMPUS KEMAMAN,SERVIS DIAGNOSTIK – KENDERAAN RINGAN,G452-002-3:2018,Program Micro Credential,SKM Tahap 3,Aktif,"PAYOH, KEMASIK",+6098664000,p.adteckemaman@mohr.gov.my,1172,False,False
TERENGGANU,K01004,KOLEJ TEKNOLOGI TERMAJU JABATAN TENAGA MANUSIA (ADTEC JTM) KAMPUS KUALA TERENGGANU,JURUTEKNIK BINAAN BANGUNAN BERASASKAN KAYU,A-020-3,Program Penuh - Persijilan Tahap Tunggal,SKM Tahap 3,Aktif,KAWASAN PERINDUSTRIAN GONG BADAK 21300 GONG BADAK TERENGGANU,09-6652100,salmi@jtm.gov.my,1170,False,False
TERENGGANU,K01004,KOLEJ TEKNOLOGI TERMAJU JABATAN TENAGA MANUSIA (ADTEC JTM) KAMPUS KUALA TERENGGANU,OPERASI PEMESINAN CNC,C259-006-3:2020,Program Penuh - Persijilan Tahap Tunggal,SKM Tahap 3,Aktif,KAWASAN PERINDUSTRIAN GONG BADAK 21300 GONG BADAK TERENGGANU,09-6652100,salmi@jtm.gov.my,1170,False,False
TERENGGANU,K01004,KOLEJ TEKNOLOGI TERMAJU JABATAN TENAGA MANUSIA (ADTEC JTM) KAMPUS KUALA TERENGGANU,OPERASI PEMESINAN CNC,C259-006-3:2020,Program Micro Credential,SKM Tahap 3,Aktif,KAWASAN PERINDUSTRIAN GONG BADAK 21300 GONG BADAK TERENGGANU,09-6652100,salmi@jtm.gov.my,1170,False,False
TERENGGANU,K01004,KOLEJ TEKNOLOGI TERMAJU JABATAN TENAGA MANUSIA (ADTEC JTM) KAMPUS KUALA TERENGGANU,"Operasi Fabrikasi Paip(Minyak, Gas & Petrokimia)",OG-010-3:2011,Program Penuh - Persijilan Tahap Tunggal,SKM Tahap 3,Sekat Pengambilan,KAWASAN PERINDUSTRIAN GONG BADAK 21300 GONG BADAK TERENGGANU,09-6652100,salmi@jtm.gov.my,1170,False,False
TERENGGANU,K01004,KOLEJ TEKNOLOGI TERMAJU JABATAN TENAGA MANUSIA (ADTEC JTM) KAMPUS KUALA TERENGGANU,Operasi Pemesinan,MC-050-3:2015,Program Penuh - Persijilan Tahap Tunggal,SKM Tahap 3,Sekat Pengambilan,KAWASAN PERINDUSTRIAN GONG BADAK 21300 GONG BADAK TERENGGANU,09-6652100,salmi@jtm.gov.my,1170,False,False
TERENGGANU,K01004,KOLEJ TEKNOLOGI TERMAJU JABATAN TENAGA MANUSIA (ADTEC JTM) KAMPUS KUALA TERENGGANU,Operasi Penyelenggaraan Industri,ME-010-3:2012,Program Penuh - Persijilan Mengikut Tahap,SKM Tahap 3,Sekat Pengambilan,KAWASAN PERINDUSTRIAN GONG BADAK 21300 GONG BADAK TERENGGANU,09-6652100,salmi@jtm.gov.my,1170,False,False
TERENGGANU,K01004,KOLEJ TEKNOLOGI TERMAJU JABATAN TENAGA MANUSIA (ADTEC JTM) KAMPUS KUALA TERENGGANU,Operasi Penyelenggaraan Industri,C331-012-3:2020,Program Penuh - Persijilan Mengikut Tahap,SKM Tahap 3,Aktif,KAWASAN PERINDUSTRIAN GONG BADAK 21300 GONG BADAK TERENGGANU,09-6652100,salmi@jtm.gov.my,1170,False,False
TERENGGANU,K01004,KOLEJ TEKNOLOGI TERMAJU JABATAN TENAGA MANUSIA (ADTEC JTM) KAMPUS KUALA TERENGGANU,Operasi Penyelenggaraan Industri,C331-012-3:2020,Program Micro Credential,SKM Tahap 3,Aktif,KAWASAN PERINDUSTRIAN GONG BADAK 21300 GONG BADAK TERENGGANU,09-6652100,salmi@jtm.gov.my,1170,False,False
TERENGGANU,K01004,KOLEJ TEKNOLOGI TERMAJU JABATAN TENAGA MANUSIA (ADTEC JTM) KAMPUS KUALA TERENGGANU,Operasi Sistem Komputer,IT-020-3:2013,Program Penuh - Persijilan Mengikut Tahap,SKM Tahap 3,Aktif,KAWASAN PERINDUSTRIAN GONG BADAK 21300 GONG BADAK TERENGGANU,09-6652100,salmi@jtm.gov.my,1170,False,False
TERENGGANU,K01004,KOLEJ TEKNOLOGI TERMAJU JABATAN TENAGA MANUSIA (ADTEC JTM) KAMPUS KUALA TERENGGANU,PEMBINAAN BANGUNAN KAYU,F433-010-3:2025,Program Micro Credential,SKM Tahap 3,Aktif,KAWASAN PERINDUSTRIAN GONG BADAK 21300 GONG BADAK TERENGGANU,09-6652100,salmi@jtm.gov.my,1170,False,False
TERENGGANU,K01004,KOLEJ TEKNOLOGI TERMAJU JABATAN TENAGA MANUSIA (ADTEC JTM) KAMPUS KUALA TERENGGANU,PENYELIAAN PEMASANGAN PERPAIPAN DAN KUMBAHAN,F432-002-3:2017,Program Penuh - Persijilan Tahap Tunggal,SKM Tahap 3,Aktif,KAWASAN PERINDUSTRIAN GONG BADAK 21300 GONG BADAK TERENGGANU,09-6652100,salmi@jtm.gov.my,1170,False,False
TERENGGANU,K01004,KOLEJ TEKNOLOGI TERMAJU JABATAN TENAGA MANUSIA (ADTEC JTM) KAMPUS KUALA TERENGGANU,Pemasangan & Penyelenggaraan Elektrik Voltan Rendah,EE-320-4:2012,Program Penuh - Persijilan Mengikut Tahap,Diploma Kemahiran Malaysia,Sekat Pengambilan,KAWASAN PERINDUSTRIAN GONG BADAK 21300 GONG BADAK TERENGGANU,09-6652100,salmi@jtm.gov.my,1170,False,False
TERENGGANU,K01004,KOLEJ TEKNOLOGI TERMAJU JABATAN TENAGA MANUSIA (ADTEC JTM) KAMPUS KUALA TERENGGANU,Pemasangan & Penyelenggaraan Elektrik-Tiga Fasa,EE-320-3:2012,Program Penuh - Persijilan Tahap Tunggal,SKM Tahap 3,Sekat Pengambilan,KAWASAN PERINDUSTRIAN GONG BADAK 21300 GONG BADAK TERENGGANU,09-6652100,salmi@jtm.gov.my,1170,False,False
TERENGGANU,K01004,KOLEJ TEKNOLOGI TERMAJU JABATAN TENAGA MANUSIA (ADTEC JTM) KAMPUS KUALA TERENGGANU,Pemasangan dan Penyelenggaraan Elektrik Satu Fasa,F432-005-2:2019,Program Micro Credential,SKM Tahap 2,Aktif,KAWASAN PERINDUSTRIAN GONG BADAK 21300 GONG BADAK TERENGGANU,09-6652100,salmi@jtm.gov.my,1170,False,False
TERENGGANU,K01004,KOLEJ TEKNOLOGI TERMAJU JABATAN TENAGA MANUSIA (ADTEC JTM) KAMPUS KUALA TERENGGANU,Pemasangan dan Penyelenggaraan Elektrik Tiga Fasa,F432-005-3:2019,Program Penuh - Persijilan Tahap Tunggal,SKM Tahap 3,Aktif,KAWASAN PERINDUSTRIAN GONG BADAK 21300 GONG BADAK TERENGGANU,09-6652100,salmi@jtm.gov.my,1170,False,False
TERENGGANU,K01004,KOLEJ TEKNOLOGI TERMAJU JABATAN TENAGA MANUSIA (ADTEC JTM) KAMPUS KUALA TERENGGANU,Pemasangan dan Penyelenggaraan Elektrik Voltan Rendah,F432-005-4:2019,Program Penuh - Persijilan Mengikut Tahap,Diploma Kemahiran Malaysia,Aktif,KAWASAN PERINDUSTRIAN GONG BADAK 21300 GONG BADAK TERENGGANU,09-6652100,salmi@jtm.gov.my,1170,False,False
TERENGGANU,K01004,KOLEJ TEKNOLOGI TERMAJU JABATAN TENAGA MANUSIA (ADTEC JTM) KAMPUS KUALA TERENGGANU,Pemasangan dan Penyelenggaraan Elektrik Voltan Rendah,F432-005-4:2019,Program Micro Credential,Diploma Kemahiran Malaysia,Aktif,KAWASAN PERINDUSTRIAN GONG BADAK 21300 GONG BADAK TERENGGANU,09-6652100,salmi@jtm.gov.my,1170,False,False
TERENGGANU,K01004,KOLEJ TEKNOLOGI TERMAJU JABATAN TENAGA MANUSIA (ADTEC JTM) KAMPUS KUALA TERENGGANU,"Pemasangan dan Penyelenggaraan Tiga Fasa Pemanasan, Pengudaraan, Penyamanan Udara dan Penyejukbekuan (HVAC&R)",F432-008-3:2021,Program Penuh - Persijilan Mengikut Tahap,SKM Tahap 3,Aktif,KAWASAN PERINDUSTRIAN GONG BADAK 21300 GONG BADAK TERENGGANU,09-6652100,salmi@jtm.gov.my,1170,False,False
TERENGGANU,K01004,KOLEJ TEKNOLOGI TERMAJU JABATAN TENAGA MANUSIA (ADTEC JTM) KAMPUS KUALA TERENGGANU,Penyelia Awam & Struktur,CVS3,Program Penuh - Persijilan Mengikut Tahap,SKM Tahap 3,Aktif,KAWASAN PERINDUSTRIAN GONG BADAK 21300 GONG BADAK TERENGGANU,09-6652100,salmi@jtm.gov.my,1170,False,False
TERENGGANU,K01004,KOLEJ TEKNOLOGI TERMAJU JABATAN TENAGA MANUSIA (ADTEC JTM) KAMPUS KUALA TERENGGANU,Penyelia Paip & Kumbahan,PNS3,Program Penuh - Persijilan Tahap Tunggal,SKM Tahap 3,Sekat Pengambilan,KAWASAN PERINDUSTRIAN GONG BADAK 21300 GONG BADAK TERENGGANU,09-6652100,salmi@jtm.gov.my,1170,False,False
TERENGGANU,K01004,KOLEJ TEKNOLOGI TERMAJU JABATAN TENAGA MANUSIA (ADTEC JTM) KAMPUS KUALA TERENGGANU,Penyeliaan Pemasangan & Penyelenggaraan HVAC,ME-020-3:2012,Program Penuh - Persijilan Tahap Tunggal,SKM Tahap 3,Sekat Pengambilan,KAWASAN PERINDUSTRIAN GONG BADAK 21300 GONG BADAK TERENGGANU,09-6652100,salmi@jtm.gov.my,1170,False,False
TERENGGANU,K01026,KOLEJ TEKNOLOGI TERMAJU JABATAN TENAGA MANUSIA (ADTEC JTM) KAMPUS MARANG,Operasi Suntikan Acuan Plastik,MC-101-2:2015,Program Micro Credential,SKM Tahap 2,Aktif,"KAMPUNG BUKIT PARIT,",09-6189000,zahari.jusoh@mohr.gov.my,1171,False,False
TERENGGANU,K01026,KOLEJ TEKNOLOGI TERMAJU JABATAN TENAGA MANUSIA (ADTEC JTM) KAMPUS MARANG,Pemasangan Sistem Kejuruteraan Automasi Industri,MC-091-3:2016,Program Penuh - Persijilan Tahap Tunggal,SKM Tahap 3,Aktif,"KAMPUNG BUKIT PARIT,",09-6189000,zahari.jusoh@mohr.gov.my,1171,False,False
TERENGGANU,K01026,KOLEJ TEKNOLOGI TERMAJU JABATAN TENAGA MANUSIA (ADTEC JTM) KAMPUS MARANG,Penyeliaan Operasi Suntikan Acuan Plastik,MC-101-3:2015,Program Penuh - Persijilan Tahap Tunggal,SKM Tahap 3,Aktif,"KAMPUNG BUKIT PARIT,",09-6189000,zahari.jusoh@mohr.gov.my,1171,False,False
TERENGGANU,K01026,KOLEJ TEKNOLOGI TERMAJU JABATAN TENAGA MANUSIA (ADTEC JTM) KAMPUS MARANG,Perkhidmatan Kejuruteraan Automasi Industri,MC-091-2:2016,Program Micro Credential,SKM Tahap 2,Aktif,"KAMPUNG BUKIT PARIT,",09-6189000,zahari.jusoh@mohr.gov.my,1171,False,False
TERENGGANU,K01026,KOLEJ TEKNOLOGI TERMAJU JABATAN TENAGA MANUSIA (ADTEC JTM) KAMPUS MARANG,Piping Drafting (Oil & Gas),OG-022-3:2013,Program Penuh - Persijilan Mengikut Tahap,SKM Tahap 3,Aktif,"KAMPUNG BUKIT PARIT,",09-6189000,zahari.jusoh@mohr.gov.my,1171,False,False
TERENGGANU,K01026,KOLEJ TEKNOLOGI TERMAJU JABATAN TENAGA MANUSIA (ADTEC JTM) KAMPUS MARANG,SERVIS DIAGNOSTIK – KENDERAAN RINGAN,G452-002-3:2018,Program Penuh - Persijilan Tahap Tunggal,SKM Tahap 3,Aktif,"KAMPUNG BUKIT PARIT,",09-6189000,zahari.jusoh@mohr.gov.my,1171,False,False
TERENGGANU,K05052,KOLEJ VOKASIONAL BESUT,Automotif-Servis Selepas Jualan,TP-300-3:2013,Program Penuh - Persijilan Tahap Tunggal,SKM Tahap 3,Sekat Pengambilan,"KAMPONG RAJA, 22200 BESUT TERENGGANU",09-6979379,smtb.ppdbesut@gmail.com,1187,False,False
TERENGGANU,K05052,KOLEJ VOKASIONAL BESUT,OPERASI PEMESINAN CNC,C259-006-3:2020,Program Penuh - Persijilan Tahap Tunggal,SKM Tahap 3,Aktif,"KAMPONG RAJA, 22200 BESUT TERENGGANU",09-6979379,smtb.ppdbesut@gmail.com,1187,False,False
TERENGGANU,K05052,KOLEJ VOKASIONAL BESUT,OPERASI SENI KULINARI,I561-005-3:2022,Program Penuh - Persijilan Tahap Tunggal,SKM Tahap 3,Aktif,"KAMPONG RAJA, 22200 BESUT TERENGGANU",09-6979379,smtb.ppdbesut@gmail.com,1187,False,False
TERENGGANU,K05052,KOLEJ VOKASIONAL BESUT,Operasi Pemesinan,MC-050-3:2015,Program Penuh - Persijilan Tahap Tunggal,SKM Tahap 3,Sekat Pengambilan,"KAMPONG RAJA, 22200 BESUT TERENGGANU",09-6979379,smtb.ppdbesut@gmail.com,1187,False,False
TERENGGANU,K05052,KOLEJ VOKASIONAL BESUT,PERKHIDMATAN RANGKAIAN KOMPUTER,J619-003-3:2023,Program Penuh - Persijilan Mengikut Tahap,SKM Tahap 3,Aktif,"KAMPONG RAJA, 22200 BESUT TERENGGANU",09-6979379,smtb.ppdbesut@gmail.com,1187,False,False
TERENGGANU,K05052,KOLEJ VOKASIONAL BESUT,PROSES KIMPALAN ARKA LOGAM BERPERISAI,C259-008-3:2022,Program Penuh - Persijilan Mengikut Tahap,SKM Tahap 3,Aktif,"KAMPONG RAJA, 22200 BESUT TERENGGANU",09-6979379,smtb.ppdbesut@gmail.com,1187,False,False
TERENGGANU,K05052,KOLEJ VOKASIONAL BESUT,Pemasangan & Penyelenggaraan Elektrik-Tiga Fasa,EE-320-3:2012,Program Penuh - Persijilan Tahap Tunggal,SKM Tahap 3,Sekat Pengambilan,"KAMPONG RAJA, 22200 BESUT TERENGGANU",09-6979379,smtb.ppdbesut@gmail.com,1187,False,False
TERENGGANU,K05052,KOLEJ VOKASIONAL BESUT,Pemasangan dan Penyelenggaraan Elektrik Tiga Fasa,F432-005-3:2019,Program Penuh - Persijilan Tahap Tunggal,SKM Tahap 3,Aktif,"KAMPONG RAJA, 22200 BESUT TERENGGANU",09-6979379,smtb.ppdbesut@gmail.com,1187,False,False
TERENGGANU,K05052,KOLEJ VOKASIONAL BESUT,"Pemasangan dan Penyelenggaraan Satu Fasa Penyamanan Udara, Pengudaraan, Pemanasan (HVAC)",F432-007-3:2020,Program Penuh - Persijilan Mengikut Tahap,SKM Tahap 3,Aktif,"KAMPONG RAJA, 22200 BESUT TERENGGANU",09-6979379,smtb.ppdbesut@gmail.com,1187,False,False
TERENGGANU,K05052,KOLEJ VOKASIONAL BESUT,Pembinaan Bangunan Residensi,BC-030-3:2013,Program Penuh - Persijilan Mengikut Tahap,SKM Tahap 3,Sekat Pengambilan,"KAMPONG RAJA, 22200 BESUT TERENGGANU",09-6979379,smtb.ppdbesut@gmail.com,1187,False,False
TERENGGANU,K05052,KOLEJ VOKASIONAL BESUT,Penyediaan & Pembuatan Makanan,HT-012-3:2012,Program Penuh - Persijilan Tahap Tunggal,SKM Tahap 3,Sekat Pengambilan,"KAMPONG RAJA, 22200 BESUT TERENGGANU",09-6979379,smtb.ppdbesut@gmail.com,1187,False,False
TERENGGANU,K05052,KOLEJ VOKASIONAL BESUT,Penyeliaan Operasi Pembinaan Bangunan,F410-001-3:2019,Program Penuh - Persijilan Tahap Tunggal,SKM Tahap 3,Aktif,"KAMPONG RAJA, 22200 BESUT TERENGGANU",09-6979379,smtb.ppdbesut@gmail.com,1187,False,False
TERENGGANU,K05052,KOLEJ VOKASIONAL BESUT,Penyeliaan Pemasangan & Penyelenggaraan HVAC,ME-020-3:2012,Program Penuh - Persijilan Tahap Tunggal,SKM Tahap 3,Sekat Pengambilan,"KAMPONG RAJA, 22200 BESUT TERENGGANU",09-6979379,smtb.ppdbesut@gmail.com,1187,False,False
TERENGGANU,K05052,KOLEJ VOKASIONAL BESUT,Perkhidmatan Rangkaian Komputer,IT-030-3:2013,Program Penuh - Persijilan Mengikut Tahap,SKM Tahap 3,Sekat Pengambilan,"KAMPONG RAJA, 22200 BESUT TERENGGANU",09-6979379,smtb.ppdbesut@gmail.com,1187,False,False
TERENGGANU,K05052,KOLEJ VOKASIONAL BESUT,Perundingan Pelancongan,HT-101-3:2014,Program Penuh - Persijilan Mengikut Tahap,SKM Tahap 3,Sekat Pengambilan,"KAMPONG RAJA, 22200 BESUT TERENGGANU",09-6979379,smtb.ppdbesut@gmail.com,1187,False,False
TERENGGANU,K05052,KOLEJ VOKASIONAL BESUT,Proses Kimpalan Arka Kepingan Logam,MC-024-3:2012,Program Penuh - Persijilan Mengikut Tahap,SKM Tahap 3,Sekat Pengambilan,"KAMPONG RAJA, 22200 BESUT TERENGGANU",09-6979379,smtb.ppdbesut@gmail.com,1187,False,False
TERENGGANU,K05052,KOLEJ VOKASIONAL BESUT,SERVIS DIAGNOSTIK – KENDERAAN RINGAN,G452-002-3:2018,Program Penuh - Persijilan Tahap Tunggal,SKM Tahap 3,Aktif,"KAMPONG RAJA, 22200 BESUT TERENGGANU",09-6979379,smtb.ppdbesut@gmail.com,1187,False,False
TERENGGANU,K05097,KOLEJ VOKASIONAL DUNGUN,OPERASI TEKNIKAL PAKAIAN WANITA,C141-005-3:2021,Program Penuh - Persijilan Tahap Tunggal,SKM Tahap 3,Aktif,"KM 5, JALAN PAKA, 23000 DUNGUN, TERENGGANU.",09-8452700,THA1001@MOE.EDU.MY / SMTDUNGUN@YAHOO.COM,1665,False,False
TERENGGANU,K05097,KOLEJ VOKASIONAL DUNGUN,PROSES KIMPALAN ARKA LOGAM BERPERISAI,C259-008-3:2022,Program Penuh - Persijilan Mengikut Tahap,SKM Tahap 3,Aktif,"KM 5, JALAN PAKA, 23000 DUNGUN, TERENGGANU.",09-8452700,THA1001@MOE.EDU.MY / SMTDUNGUN@YAHOO.COM,1665,False,False
TERENGGANU,K05097,KOLEJ VOKASIONAL DUNGUN,Pemasangan & Penyelenggaraan Elektrik-Tiga Fasa,EE-320-3:2012,Program Penuh - Persijilan Tahap Tunggal,SKM Tahap 3,Sekat Pengambilan,"KM 5, JALAN PAKA, 23000 DUNGUN, TERENGGANU.",09-8452700,THA1001@MOE.EDU.MY / SMTDUNGUN@YAHOO.COM,1665,False,False
TERENGGANU,K05097,KOLEJ VOKASIONAL DUNGUN,Pemasangan dan Penyelenggaraan Elektrik Tiga Fasa,F432-005-3:2019,Program Penuh - Persijilan Tahap Tunggal,SKM Tahap 3,Aktif,"KM 5, JALAN PAKA, 23000 DUNGUN, TERENGGANU.",09-8452700,THA1001@MOE.EDU.MY / SMTDUNGUN@YAHOO.COM,1665,False,False
TERENGGANU,K05097,KOLEJ VOKASIONAL DUNGUN,Pembuatan Pakaian Wanita,TA-011-3:2012,Program Penuh - Persijilan Tahap Tunggal,SKM Tahap 3,Sekat Pengambilan,"KM 5, JALAN PAKA, 23000 DUNGUN, TERENGGANU.",09-8452700,THA1001@MOE.EDU.MY / SMTDUNGUN@YAHOO.COM,1665,False,False
TERENGGANU,K05097,KOLEJ VOKASIONAL DUNGUN,Pentadbiran Pejabat,N821-001-3:2020,Program Penuh - Persijilan Mengikut Tahap,SKM Tahap 3,Aktif,"KM 5, JALAN PAKA, 23000 DUNGUN, TERENGGANU.",09-8452700,THA1001@MOE.EDU.MY / SMTDUNGUN@YAHOO.COM,1665,False,False
TERENGGANU,K05097,KOLEJ VOKASIONAL DUNGUN,Penyeliaan Pengurusan Pejabat,FB-024-3:2012,Program Penuh - Persijilan Tahap Tunggal,SKM Tahap 3,Sekat Pengambilan,"KM 5, JALAN PAKA, 23000 DUNGUN, TERENGGANU.",09-8452700,THA1001@MOE.EDU.MY / SMTDUNGUN@YAHOO.COM,1665,False,False
TERENGGANU,K05097,KOLEJ VOKASIONAL DUNGUN,Proses Kimpalan Arka Kepingan Logam,MC-024-3:2012,Program Penuh - Persijilan Mengikut Tahap,SKM Tahap 3,Sekat Pengambilan,"KM 5, JALAN PAKA, 23000 DUNGUN, TERENGGANU.",09-8452700,THA1001@MOE.EDU.MY / SMTDUNGUN@YAHOO.COM,1665,False,False
TERENGGANU,K05097,KOLEJ VOKASIONAL DUNGUN,Setiausaha Korporat Eksekutif,FB-025-3:2012,Program Penuh - Persijilan Mengikut Tahap,SKM Tahap 3,Sekat Pengambilan,"KM 5, JALAN PAKA, 23000 DUNGUN, TERENGGANU.",09-8452700,THA1001@MOE.EDU.MY / SMTDUNGUN@YAHOO.COM,1665,False,False
TERENGGANU,K05034,KOLEJ VOKASIONAL KEMAMAN,Automotif-Servis Selepas Jualan,TP-300-3:2013,Program Penuh - Persijilan Tahap Tunggal,SKM Tahap 3,Sekat Pengambilan,"KM 6, JALAN AYER PUTEH, BINJAI 24000 KEMAMAN, TERENGGANU",09-8593178,THA2002@moe.edu.my,1186,False,False
TERENGGANU,K05034,KOLEJ VOKASIONAL KEMAMAN,OPERASI PEMESINAN CNC,C259-006-3:2020,Program Penuh - Persijilan Tahap Tunggal,SKM Tahap 3,Aktif,"KM 6, JALAN AYER PUTEH, BINJAI 24000 KEMAMAN, TERENGGANU",09-8593178,THA2002@moe.edu.my,1186,False,False
TERENGGANU,K05034,KOLEJ VOKASIONAL KEMAMAN,OPERASI SENI KULINARI,I561-005-3:2022,Program Penuh - Persijilan Tahap Tunggal,SKM Tahap 3,Aktif,"KM 6, JALAN AYER PUTEH, BINJAI 24000 KEMAMAN, TERENGGANU",09-8593178,THA2002@moe.edu.my,1186,False,False
TERENGGANU,K05034,KOLEJ VOKASIONAL KEMAMAN,Operasi Pemesinan,MC-050-3:2015,Program Penuh - Persijilan Tahap Tunggal,SKM Tahap 3,Sekat Pengambilan,"KM 6, JALAN AYER PUTEH, BINJAI 24000 KEMAMAN, TERENGGANU",09-8593178,THA2002@moe.edu.my,1186,False,False
TERENGGANU,K05034,KOLEJ VOKASIONAL KEMAMAN,PROSES KIMPALAN ARKA LOGAM BERPERISAI,C259-008-3:2022,Program Penuh - Persijilan Mengikut Tahap,SKM Tahap 3,Aktif,"KM 6, JALAN AYER PUTEH, BINJAI 24000 KEMAMAN, TERENGGANU",09-8593178,THA2002@moe.edu.my,1186,False,False
TERENGGANU,K05034,KOLEJ VOKASIONAL KEMAMAN,Pemasangan & Penyelenggaraan Elektrik-Tiga Fasa,EE-320-3:2012,Program Penuh - Persijilan Tahap Tunggal,SKM Tahap 3,Sekat Pengambilan,"KM 6, JALAN AYER PUTEH, BINJAI 24000 KEMAMAN, TERENGGANU",09-8593178,THA2002@moe.edu.my,1186,False,False
TERENGGANU,K05034,KOLEJ VOKASIONAL KEMAMAN,Pemasangan dan Penyelenggaraan Elektrik Tiga Fasa,F432-005-3:2019,Program Penuh - Persijilan Tahap Tunggal,SKM Tahap 3,Aktif,"KM 6, JALAN AYER PUTEH, BINJAI 24000 KEMAMAN, TERENGGANU",09-8593178,THA2002@moe.edu.my,1186,False,False
TERENGGANU,K05034,KOLEJ VOKASIONAL KEMAMAN,"Pemasangan dan Penyelenggaraan Satu Fasa Penyamanan Udara, Pengudaraan, Pemanasan (HVAC)",F432-007-3:2020,Program Penuh - Persijilan Mengikut Tahap,SKM Tahap 3,Aktif,"KM 6, JALAN AYER PUTEH, BINJAI 24000 KEMAMAN, TERENGGANU",09-8593178,THA2002@moe.edu.my,1186,False,False
TERENGGANU,K05034,KOLEJ VOKASIONAL KEMAMAN,Pembinaan Bangunan Residensi,BC-030-3:2013,Program Penuh - Persijilan Mengikut Tahap,SKM Tahap 3,Sekat Pengambilan,"KM 6, JALAN AYER PUTEH, BINJAI 24000 KEMAMAN, TERENGGANU",09-8593178,THA2002@moe.edu.my,1186,False,False
TERENGGANU,K05034,KOLEJ VOKASIONAL KEMAMAN,Penyediaan & Pembuatan Makanan,HT-012-3:2012,Program Penuh - Persijilan Tahap Tunggal,SKM Tahap 3,Sekat Pengambilan,"KM 6, JALAN AYER PUTEH, BINJAI 24000 KEMAMAN, TERENGGANU",09-8593178,THA2002@moe.edu.my,1186,False,False
TERENGGANU,K05034,KOLEJ VOKASIONAL KEMAMAN,Penyeliaan Operasi Pembinaan Bangunan,F410-001-3:2019,Program Penuh - Persijilan Tahap Tunggal,SKM Tahap 3,Aktif,"KM 6, JALAN AYER PUTEH, BINJAI 24000 KEMAMAN, TERENGGANU",09-8593178,THA2002@moe.edu.my,1186,False,False
TERENGGANU,K05034,KOLEJ VOKASIONAL KEMAMAN,Penyeliaan Pemasangan & Penyelenggaraan HVAC,ME-020-3:2012,Program Penuh - Persijilan Tahap Tunggal,SKM Tahap 3,Sekat Pengambilan,"KM 6, JALAN AYER PUTEH, BINJAI 24000 KEMAMAN, TERENGGANU",09-8593178,THA2002@moe.edu.my,1186,False,False
TERENGGANU,K05034,KOLEJ VOKASIONAL KEMAMAN,Penyeliaan dan Pengesanan Kerosakan Komponen dan Papan Elektronik,C261-001-3:2020,Program Penuh - Persijilan Tahap Tunggal,SKM Tahap 3,Aktif,"KM 6, JALAN AYER PUTEH, BINJAI 24000 KEMAMAN, TERENGGANU",09-8593178,THA2002@moe.edu.my,1186,False,False
TERENGGANU,K05034,KOLEJ VOKASIONAL KEMAMAN,Proses Kimpalan Arka Kepingan Logam,MC-024-3:2012,Program Penuh - Persijilan Mengikut Tahap,SKM Tahap 3,Sekat Pengambilan,"KM 6, JALAN AYER PUTEH, BINJAI 24000 KEMAMAN, TERENGGANU",09-8593178,THA2002@moe.edu.my,1186,False,False
TERENGGANU,K05034,KOLEJ VOKASIONAL KEMAMAN,SERVIS DIAGNOSTIK – KENDERAAN RINGAN,G452-002-3:2018,Program Penuh - Persijilan Tahap Tunggal,SKM Tahap 3,Aktif,"KM 6, JALAN AYER PUTEH, BINJAI 24000 KEMAMAN, TERENGGANU",09-8593178,THA2002@moe.edu.my,1186,False,False
TERENGGANU,K05034,KOLEJ VOKASIONAL KEMAMAN,Setiausaha Korporat Eksekutif,FB-025-3:2012,Program Penuh - Persijilan Mengikut Tahap,SKM Tahap 3,Sekat Pengambilan,"KM 6, JALAN AYER PUTEH, BINJAI 24000 KEMAMAN, TERENGGANU",09-8593178,THA2002@moe.edu.my,1186,False,False
TERENGGANU,K05034,KOLEJ VOKASIONAL KEMAMAN,"Troubleshooting, Pembaikpulihan & Penyelenggaraan Peralatan Elektronik",EE-021-3:2012,Program Penuh - Persijilan Tahap Tunggal,SKM Tahap 3,Sekat Pengambilan,"KM 6, JALAN AYER PUTEH, BINJAI 24000 KEMAMAN, TERENGGANU",09-8593178,THA2002@moe.edu.my,1186,False,False
TERENGGANU,K05108,KOLEJ VOKASIONAL KUALA BERANG,OPERASI PENGELUARAN BATIK,SS-100-3:2013,Program Penuh - Persijilan Mengikut Tahap,SKM Tahap 3,Aktif,"KM7 JALAN KUALA BERANG -SUNGAI TONG KAMPUNG TAJIN, HULU TERENGGANU TERENGGANU 21700 KUALA BERANG TERENGGANU",09-6814100,drmanbptv@yahoo.com,11931,False,False
TERENGGANU,K05108,KOLEJ VOKASIONAL KUALA BERANG,OPERASI TEKNIKAL PAKAIAN WANITA,C141-005-3:2021,Program Penuh - Persijilan Tahap Tunggal,SKM Tahap 3,Aktif,"KM7 JALAN KUALA BERANG -SUNGAI TONG KAMPUNG TAJIN, HULU TERENGGANU TERENGGANU 21700 KUALA BERANG TERENGGANU",09-6814100,drmanbptv@yahoo.com,11931,False,False
TERENGGANU,K05108,KOLEJ VOKASIONAL KUALA BERANG,Pembuatan Pakaian Wanita,TA-011-3:2012,Program Penuh - Persijilan Tahap Tunggal,SKM Tahap 3,Aktif,"KM7 JALAN KUALA BERANG -SUNGAI TONG KAMPUNG TAJIN, HULU TERENGGANU TERENGGANU 21700 KUALA BERANG TERENGGANU",09-6814100,drmanbptv@yahoo.com,11931,False,False
TERENGGANU,K05108,KOLEJ VOKASIONAL KUALA BERANG,Pembuatan Pastri,HT-014-3:2011,Program Penuh - Persijilan Tahap Tunggal,SKM Tahap 3,Sekat Pengambilan,"KM7 JALAN KUALA BERANG -SUNGAI TONG KAMPUNG TAJIN, HULU TERENGGANU TERENGGANU 21700 KUALA BERANG TERENGGANU",09-6814100,drmanbptv@yahoo.com,11931,False,False
TERENGGANU,K05108,KOLEJ VOKASIONAL KUALA BERANG,Perkhidmatan Estetik,S960-002-3:2020,Program Penuh - Persijilan Tahap Tunggal,SKM Tahap 3,Aktif,"KM7 JALAN KUALA BERANG -SUNGAI TONG KAMPUNG TAJIN, HULU TERENGGANU TERENGGANU 21700 KUALA BERANG TERENGGANU",09-6814100,drmanbptv@yahoo.com,11931,False,False
TERENGGANU,K05108,KOLEJ VOKASIONAL KUALA BERANG,Perkhidmatan Terapi Estetik,MP-060-3:2013,Program Penuh - Persijilan Tahap Tunggal,SKM Tahap 3,Sekat Pengambilan,"KM7 JALAN KUALA BERANG -SUNGAI TONG KAMPUNG TAJIN, HULU TERENGGANU TERENGGANU 21700 KUALA BERANG TERENGGANU",09-6814100,drmanbptv@yahoo.com,11931,False,False
TERENGGANU,K05033,KOLEJ VOKASIONAL WAKAF TEMBESU,Automotif-Servis Selepas Jualan,TP-300-3:2013,Program Penuh - Persijilan Tahap Tunggal,SKM Tahap 3,Sekat Pengambilan,"JALAN TENGKU OMAR, 21300 KUALA TERENGGANU TERENGGANU",09-6664220,tha7001@moe.edu.my,1185,False,False
TERENGGANU,K05033,KOLEJ VOKASIONAL WAKAF TEMBESU,OPERASI PEMESINAN CNC,C259-006-3:2020,Program Penuh - Persijilan Tahap Tunggal,SKM Tahap 3,Aktif,"JALAN TENGKU OMAR, 21300 KUALA TERENGGANU TERENGGANU",09-6664220,tha7001@moe.edu.my,1185,False,False
TERENGGANU,K05033,KOLEJ VOKASIONAL WAKAF TEMBESU,Operasi Pemesinan,MC-050-3:2015,Program Penuh - Persijilan Tahap Tunggal,SKM Tahap 3,Sekat Pengambilan,"JALAN TENGKU OMAR, 21300 KUALA TERENGGANU TERENGGANU",09-6664220,tha7001@moe.edu.my,1185,False,False
TERENGGANU,K05033,KOLEJ VOKASIONAL WAKAF TEMBESU,PROSES KIMPALAN ARKA LOGAM BERPERISAI,C259-008-3:2022,Program Penuh - Persijilan Mengikut Tahap,SKM Tahap 3,Aktif,"JALAN TENGKU OMAR, 21300 KUALA TERENGGANU TERENGGANU",09-6664220,tha7001@moe.edu.my,1185,False,False
TERENGGANU,K05033,KOLEJ VOKASIONAL WAKAF TEMBESU,Pemasangan & Penyelenggaraan Elektrik-Tiga Fasa,EE-320-3:2012,Program Penuh - Persijilan Tahap Tunggal,SKM Tahap 3,Sekat Pengambilan,"JALAN TENGKU OMAR, 21300 KUALA TERENGGANU TERENGGANU",09-6664220,tha7001@moe.edu.my,1185,False,False
TERENGGANU,K05033,KOLEJ VOKASIONAL WAKAF TEMBESU,Pemasangan dan Penyelenggaraan Elektrik Tiga Fasa,F432-005-3:2019,Program Penuh - Persijilan Tahap Tunggal,SKM Tahap 3,Aktif,"JALAN TENGKU OMAR, 21300 KUALA TERENGGANU TERENGGANU",09-6664220,tha7001@moe.edu.my,1185,False,False
TERENGGANU,K05033,KOLEJ VOKASIONAL WAKAF TEMBESU,"Pemasangan dan Penyelenggaraan Satu Fasa Penyamanan Udara, Pengudaraan, Pemanasan (HVAC)",F432-007-3:2020,Program Penuh - Persijilan Mengikut Tahap,SKM Tahap 3,Aktif,"JALAN TENGKU OMAR, 21300 KUALA TERENGGANU TERENGGANU",09-6664220,tha7001@moe.edu.my,1185,False,False
TERENGGANU,K05033,KOLEJ VOKASIONAL WAKAF TEMBESU,Pembinaan Bangunan Residensi,BC-030-3:2013,Program Penuh - Persijilan Mengikut Tahap,SKM Tahap 3,Sekat Pengambilan,"JALAN TENGKU OMAR, 21300 KUALA TERENGGANU TERENGGANU",09-6664220,tha7001@moe.edu.my,1185,False,False
TERENGGANU,K05033,KOLEJ VOKASIONAL WAKAF TEMBESU,Penyeliaan Operasi Pembinaan Bangunan,F410-001-3:2019,Program Penuh - Persijilan Tahap Tunggal,SKM Tahap 3,Aktif,"JALAN TENGKU OMAR, 21300 KUALA TERENGGANU TERENGGANU",09-6664220,tha7001@moe.edu.my,1185,False,False
TERENGGANU,K05033,KOLEJ VOKASIONAL WAKAF TEMBESU,Penyeliaan Pemasangan & Penyelenggaraan HVAC,ME-020-3:2012,Program Penuh - Persijilan Tahap Tunggal,SKM Tahap 3,Sekat Pengambilan,"JALAN TENGKU OMAR, 21300 KUALA TERENGGANU TERENGGANU",09-6664220,tha7001@moe.edu.my,1185,False,False
TERENGGANU,K05033,KOLEJ VOKASIONAL WAKAF TEMBESU,Penyeliaan dan Pengesanan Kerosakan Komponen dan Papan Elektronik,C261-001-3:2020,Program Penuh - Persijilan Tahap Tunggal,SKM Tahap 3,Aktif,"JALAN TENGKU OMAR, 21300 KUALA TERENGGANU TERENGGANU",09-6664220,tha7001@moe.edu.my,1185,False,False
TERENGGANU,K05033,KOLEJ VOKASIONAL WAKAF TEMBESU,Perakaunan,FB-100-3:2012,Program Penuh - Persijilan Mengikut Tahap,SKM Tahap 3,Aktif,"JALAN TENGKU OMAR, 21300 KUALA TERENGGANU TERENGGANU",09-6664220,tha7001@moe.edu.my,1185,False,False
TERENGGANU,K05033,KOLEJ VOKASIONAL WAKAF TEMBESU,Proses Kimpalan Arka Kepingan Logam,MC-024-3:2012,Program Penuh - Persijilan Mengikut Tahap,SKM Tahap 3,Sekat Pengambilan,"JALAN TENGKU OMAR, 21300 KUALA TERENGGANU TERENGGANU",09-6664220,tha7001@moe.edu.my,1185,False,False
TERENGGANU,K05033,KOLEJ VOKASIONAL WAKAF TEMBESU,SERVIS DIAGNOSTIK – KENDERAAN RINGAN,G452-002-3:2018,Program Penuh - Persijilan Tahap Tunggal,SKM Tahap 3,Aktif,"JALAN TENGKU OMAR, 21300 KUALA TERENGGANU TERENGGANU",09-6664220,tha7001@moe.edu.my,1185,False,False
TERENGGANU,K05033,KOLEJ VOKASIONAL WAKAF TEMBESU,Setiausaha Korporat Eksekutif,FB-025-3:2012,Program Penuh - Persijilan Mengikut Tahap,SKM Tahap 3,Sekat Pengambilan,"JALAN TENGKU OMAR, 21300 KUALA TERENGGANU TERENGGANU",09-6664220,tha7001@moe.edu.my,1185,False,False
TERENGGANU,K05033,KOLEJ VOKASIONAL WAKAF TEMBESU,"Troubleshooting, Pembaikpulihan & Penyelenggaraan Peralatan Elektronik",EE-021-3:2012,Program Penuh - Persijilan Tahap Tunggal,SKM Tahap 3,Sekat Pengambilan,"JALAN TENGKU OMAR, 21300 KUALA TERENGGANU TERENGGANU",09-6664220,tha7001@moe.edu.my,1185,False,False
TERENGGANU,L01479,KT SKILL INSTITUTE,OPERASI PEMESINAN,C259-006-2:2020,Program Penuh - Persijilan Mengikut Tahap,SKM Tahap 2,Aktif,F18-F27 KAWASAN PERINDUSTRIAN CHENDERING,09-6164410,ktskill@ktsi.edu.my,1217,False,False
TERENGGANU,L01479,KT SKILL INSTITUTE,Pemasangan dan Penyelenggaraan Elektrik Satu Fasa,F432-005-2:2019,Program Penuh - Persijilan Mengikut Tahap,SKM Tahap 2,Aktif,F18-F27 KAWASAN PERINDUSTRIAN CHENDERING,09-6164410,ktskill@ktsi.edu.my,1217,False,False
TERENGGANU,L01479,KT SKILL INSTITUTE,Pemasangan dan Penyelenggaraan Elektrik Tiga Fasa,F432-005-3:2019,Program Penuh - Persijilan Mengikut Tahap,SKM Tahap 3,Aktif,F18-F27 KAWASAN PERINDUSTRIAN CHENDERING,09-6164410,ktskill@ktsi.edu.my,1217,False,False
TERENGGANU,L01479,KT SKILL INSTITUTE,"Pemasangan dan Penyelenggaraan Satu Fasa Penyamanan Udara, Pengudaraan, Pemanasan (HVAC)",F432-007-3:2020,Program Penuh - Persijilan Mengikut Tahap,SKM Tahap 3,Aktif,F18-F27 KAWASAN PERINDUSTRIAN CHENDERING,09-6164410,ktskill@ktsi.edu.my,1217,False,False
TERENGGANU,L00290,MIZA ELECTRICAL CENTRE (CAWANGAN KEMAMAN),Pemasangan dan Penyelenggaraan Elektrik Satu Fasa,F432-005-2:2019,Program Penuh - Persijilan Mengikut Tahap,SKM Tahap 2,Aktif,"LOT PT 16272, JALAN INJIN GERGAJI, TAMAN IG PESONA, KG, INJIN GERGAJI, 24000 KEMAMAN, TERENGGANU",019-923 7961 /,mizaelectrical@gmail.com,1202,False,False
TERENGGANU,L02993,PROFESSIONAL MUTAWWIF DEVELOPMENT INTERNATIONAL COLLEGE KAMPUS UiTM KUALA TERENGGANU,Pengurusan Mutawwif Umrah Dan Ziarah,N791-001-4:2016,Program Penuh - Persijilan Tahap Tunggal,Diploma Kemahiran Malaysia,Aktif,"PROFESSIONAL MUTAWWIF DEVELOPMENT INTERNATIONAL UNIVERSITY COLLEGE - KAMPUS UiTM TERENGGANU, KOMPLEKS AKADEMIK, D/A UiTM CAWANGAN TERENGGANU, KAMPUS KUALA TERENGGANU, 21080 KUALA TERENGGANU, TERENGGANU",0124477855,pmdicterengganu@pmdic.edu.my,19632,False,False
TERENGGANU,K14038,PUSAT LATIHAN INDUSTRI PERKAYUAN TERENGGANU,Lukisan Pelan Senibina,BC-050-3:2013,Program Penuh - Persijilan Mengikut Tahap,SKM Tahap 3,Sekat Pengambilan,"LOT 3400, KAMPUS TTITC TERIS 21700 KUALA BERANG, TERENGGANU",0183674799,enquiry@ttitc.edu.my,1198,False,False
TERENGGANU,K14038,PUSAT LATIHAN INDUSTRI PERKAYUAN TERENGGANU,Operasi Pembuatan Perabot,RB-050-3:2012,Program Penuh - Persijilan Tahap Tunggal,SKM Tahap 3,Sekat Pengambilan,"LOT 3400, KAMPUS TTITC TERIS 21700 KUALA BERANG, TERENGGANU",0183674799,enquiry@ttitc.edu.my,1198,False,False
TERENGGANU,K14038,PUSAT LATIHAN INDUSTRI PERKAYUAN TERENGGANU,Operasi Pembuatan Perabot,RB-050-2:2012,Program Micro Credential,SKM Tahap 2,Aktif,"LOT 3400, KAMPUS TTITC TERIS 21700 KUALA BERANG, TERENGGANU",0183674799,enquiry@ttitc.edu.my,1198,False,False
TERENGGANU,K14038,PUSAT LATIHAN INDUSTRI PERKAYUAN TERENGGANU,Operasi Pengeluaran Perabot,RB-053-4:2014,Program Penuh - Persijilan Mengikut Tahap,Diploma Kemahiran Malaysia,Sekat Pengambilan,"LOT 3400, KAMPUS TTITC TERIS 21700 KUALA BERANG, TERENGGANU",0183674799,enquiry@ttitc.edu.my,1198,False,False
TERENGGANU,K14038,PUSAT LATIHAN INDUSTRI PERKAYUAN TERENGGANU,PELUKIS KANAN REKAAN DALAMAN,ID-040-3,Program Penuh - Persijilan Mengikut Tahap,SKM Tahap 3,Aktif,"LOT 3400, KAMPUS TTITC TERIS 21700 KUALA BERANG, TERENGGANU",0183674799,enquiry@ttitc.edu.my,1198,False,False
TERENGGANU,K14038,PUSAT LATIHAN INDUSTRI PERKAYUAN TERENGGANU,PELUKIS REKAAN DALAMAN,ID-040-2,Program Penuh - Persijilan Tahap Tunggal,SKM Tahap 2,Aktif,"LOT 3400, KAMPUS TTITC TERIS 21700 KUALA BERANG, TERENGGANU",0183674799,enquiry@ttitc.edu.my,1198,False,False
TERENGGANU,K14038,PUSAT LATIHAN INDUSTRI PERKAYUAN TERENGGANU,PENGUKIRAN KAYU,SS-200-3:2013,Program Penuh - Persijilan Tahap Tunggal,SKM Tahap 3,Sekat Pengambilan,"LOT 3400, KAMPUS TTITC TERIS 21700 KUALA BERANG, TERENGGANU",0183674799,enquiry@ttitc.edu.my,1198,False,False
TERENGGANU,K14028,PUSAT PEMBANGUNAN KEMAHIRAN NEGERI TERENGGANU (TESDEC),Lukisan Pelan Senibina,BC-050-3:2013,Program Penuh - Persijilan Mengikut Tahap,SKM Tahap 3,Sekat Pengambilan,KAMPUS INDUK TESDEC KAWASAN PERINDUSTRIAN BUKIT KHOR 21600 MARANG TERENGGANU,09-6272222,info@tesdec.edu.my,1197,False,False
TERENGGANU,K14028,PUSAT PEMBANGUNAN KEMAHIRAN NEGERI TERENGGANU (TESDEC),"Operasi Fabrikasi Paip(Minyak, Gas & Petrokimia)",OG-010-2:2011,Program Micro Credential,SKM Tahap 2,Aktif,KAMPUS INDUK TESDEC KAWASAN PERINDUSTRIAN BUKIT KHOR 21600 MARANG TERENGGANU,09-6272222,info@tesdec.edu.my,1197,False,False
TERENGGANU,K14028,PUSAT PEMBANGUNAN KEMAHIRAN NEGERI TERENGGANU (TESDEC),PEMBUATAN PAKAIAN WANITA,C141-005-2:2021,Program Penuh - Persijilan Mengikut Tahap,SKM Tahap 2,Aktif,KAMPUS INDUK TESDEC KAWASAN PERINDUSTRIAN BUKIT KHOR 21600 MARANG TERENGGANU,09-6272222,info@tesdec.edu.my,1197,False,False
TERENGGANU,K14028,PUSAT PEMBANGUNAN KEMAHIRAN NEGERI TERENGGANU (TESDEC),PERKHIDMATAN PEMBAIKAN – KENDERAAN RINGAN,G452-002-2:2018,Program Penuh - Persijilan Mengikut Tahap,SKM Tahap 2,Aktif,KAMPUS INDUK TESDEC KAWASAN PERINDUSTRIAN BUKIT KHOR 21600 MARANG TERENGGANU,09-6272222,info@tesdec.edu.my,1197,False,False
TERENGGANU,K14028,PUSAT PEMBANGUNAN KEMAHIRAN NEGERI TERENGGANU (TESDEC),PERKHIDMATAN PEMBAIKAN – KENDERAAN RINGAN,G452-002-2:2018,Program Micro Credential - Tauliah Sedia Ada,SKM Tahap 2,Aktif,KAMPUS INDUK TESDEC KAWASAN PERINDUSTRIAN BUKIT KHOR 21600 MARANG TERENGGANU,09-6272222,info@tesdec.edu.my,1197,False,False
TERENGGANU,K14028,PUSAT PEMBANGUNAN KEMAHIRAN NEGERI TERENGGANU (TESDEC),Pemasangan dan Penyelenggaraan Elektrik Satu Fasa,F432-005-2:2019,Program Penuh - Persijilan Mengikut Tahap,SKM Tahap 2,Aktif,KAMPUS INDUK TESDEC KAWASAN PERINDUSTRIAN BUKIT KHOR 21600 MARANG TERENGGANU,09-6272222,info@tesdec.edu.my,1197,False,False
TERENGGANU,K14028,PUSAT PEMBANGUNAN KEMAHIRAN NEGERI TERENGGANU (TESDEC),Pemasangan dan Penyelenggaraan Sistem Solar Photovoltaic (PV),F432-009-2:2021,Program Micro Credential,SKM Tahap 2,Aktif,KAMPUS INDUK TESDEC KAWASAN PERINDUSTRIAN BUKIT KHOR 21600 MARANG TERENGGANU,09-6272222,info@tesdec.edu.my,1197,False,False
TERENGGANU,K14028,PUSAT PEMBANGUNAN KEMAHIRAN NEGERI TERENGGANU (TESDEC),Pembuatan Pakaian Wanita,TA-011-3:2012,Program Penuh - Persijilan Tahap Tunggal,SKM Tahap 3,Sekat Pengambilan,KAMPUS INDUK TESDEC KAWASAN PERINDUSTRIAN BUKIT KHOR 21600 MARANG TERENGGANU,09-6272222,info@tesdec.edu.my,1197,False,False
TERENGGANU,K14028,PUSAT PEMBANGUNAN KEMAHIRAN NEGERI TERENGGANU (TESDEC),Proses Kimpalan Arka Kepingan Logam,MC-024-3:2012,Program Penuh - Persijilan Mengikut Tahap,SKM Tahap 3,Sekat Pengambilan,KAMPUS INDUK TESDEC KAWASAN PERINDUSTRIAN BUKIT KHOR 21600 MARANG TERENGGANU,09-6272222,info@tesdec.edu.my,1197,False,False
TERENGGANU,K14028,PUSAT PEMBANGUNAN KEMAHIRAN NEGERI TERENGGANU (TESDEC),Proses Kimpalan Arka Kepingan Logam,MC-024-3:2012,Program Micro Credential - Tauliah Sedia Ada,SKM Tahap 3,Aktif,KAMPUS INDUK TESDEC KAWASAN PERINDUSTRIAN BUKIT KHOR 21600 MARANG TERENGGANU,09-6272222,info@tesdec.edu.my,1197,False,False
TERENGGANU,L00746,RANACO VOCATIONAL TRAINING CENTRE,Operasi Servis Makanan & Minuman,I561-002-2:2018,Program Penuh - Persijilan Mengikut Tahap,SKM Tahap 2,Sekat Pengambilan,PT 4568 JLN BENGKEL 1 KAWASAN PERINDUSTRIAN JAKAR II 24000 KEMAMAN TERENGGANU,09-8503160,ct_ramlah@reti.edu.my,1207,False,False
TERENGGANU,L00746,RANACO VOCATIONAL TRAINING CENTRE,Operasi Sokongan Navigasi,H501-003-2:2019,Program Penuh - Persijilan Mengikut Tahap,SKM Tahap 2,Aktif,PT 4568 JLN BENGKEL 1 KAWASAN PERINDUSTRIAN JAKAR II 24000 KEMAMAN TERENGGANU,09-8503160,ct_ramlah@reti.edu.my,1207,False,False
TERENGGANU,L00746,RANACO VOCATIONAL TRAINING CENTRE,Penyelia Keselamatan dan Kesihatan Tapak Binaan,CSH3,Program Penuh - Persijilan Mengikut Tahap,SKM Tahap 3,Sekat Pengambilan,PT 4568 JLN BENGKEL 1 KAWASAN PERINDUSTRIAN JAKAR II 24000 KEMAMAN TERENGGANU,09-8503160,ct_ramlah@reti.edu.my,1207,False,False
TERENGGANU,L01942,REAL MILLENIUM HEALTH & BEAUTY,Dandanan Rambut,HT-090-2:2012,Program Penuh - Persijilan Mengikut Tahap,SKM Tahap 2,Aktif,79B.C TINGKAT 1 & 2 JALAN SULTAN ISMAIL 20200 KUALA TERENGGANU TERENGGANU,09 622 1252,real5588@yahoo.com,1220,False,False
TERENGGANU,L01942,REAL MILLENIUM HEALTH & BEAUTY,Dandanan Rambut,HT-090-3:2012,Program Micro Credential,SKM Tahap 3,Aktif,79B.C TINGKAT 1 & 2 JALAN SULTAN ISMAIL 20200 KUALA TERENGGANU TERENGGANU,09 622 1252,real5588@yahoo.com,1220,False,False
TERENGGANU,L01942,REAL MILLENIUM HEALTH & BEAUTY,Perkhidmatan Kecantikan,S960-002-1:2020,Program Penuh - Persijilan Mengikut Tahap,SKM Tahap 1,Aktif,79B.C TINGKAT 1 & 2 JALAN SULTAN ISMAIL 20200 KUALA TERENGGANU TERENGGANU,09 622 1252,real5588@yahoo.com,1220,False,False
TERENGGANU,L01942,REAL MILLENIUM HEALTH & BEAUTY,Perkhidmatan Terapi Kecantikan,S960-002-2:2020,Program Penuh - Persijilan Mengikut Tahap,SKM Tahap 2,Aktif,79B.C TINGKAT 1 & 2 JALAN SULTAN ISMAIL 20200 KUALA TERENGGANU TERENGGANU,09 622 1252,real5588@yahoo.com,1220,False,False
TERENGGANU,NDT005,RSA ACADEMY,Pemeriksaan Ultrasonik- Binaan Berkimpalan (Pengukuran Ketebalan & Pelaminaan)Minyak & Gas,MC-113-1:2015,Program Penuh - Persijilan Mengikut Tahap,SKM Tahap 1,Aktif,"C-20-1, JALAN UDANG 1, RIVER FRONT BUSINESS CENTRE, 24000 CHUKAI, KEMAMAN, TERENGGANU",09-858 2168,rsaacasb@gmail.com,1823,False,False
TERENGGANU,NDT005,RSA ACADEMY,Pemeriksaan Ultrasonik- Binaan Berkimpalan (Plat & Paip)Minyak & Gas,MC-113-2:2015,Program Penuh - Persijilan Mengikut Tahap,SKM Tahap 2,Aktif,"C-20-1, JALAN UDANG 1, RIVER FRONT BUSINESS CENTRE, 24000 CHUKAI, KEMAMAN, TERENGGANU",09-858 2168,rsaacasb@gmail.com,1823,False,False
TERENGGANU,NDT005,RSA ACADEMY,Pengujian Arus Pusar – Tiub & Plat (Minyak & Gas),MC-111-1:2014,Program Penuh - Persijilan Mengikut Tahap,SKM Tahap 1,Aktif,"C-20-1, JALAN UDANG 1, RIVER FRONT BUSINESS CENTRE, 24000 CHUKAI, KEMAMAN, TERENGGANU",09-858 2168,rsaacasb@gmail.com,1823,False,False
TERENGGANU,NDT005,RSA ACADEMY,Pengujian Arus Pusar – Tiub & Plat (Minyak & Gas),MC-111-2:2014,Program Penuh - Persijilan Mengikut Tahap,SKM Tahap 2,Aktif,"C-20-1, JALAN UDANG 1, RIVER FRONT BUSINESS CENTRE, 24000 CHUKAI, KEMAMAN, TERENGGANU",09-858 2168,rsaacasb@gmail.com,1823,False,False
TERENGGANU,NDT005,RSA ACADEMY,Pengujian Partikel Magnetik – Pembinaan Terkimpal (Minyak & Gas),MC-114-1:2014,Program Penuh - Persijilan Mengikut Tahap,SKM Tahap 1,Aktif,"C-20-1, JALAN UDANG 1, RIVER FRONT BUSINESS CENTRE, 24000 CHUKAI, KEMAMAN, TERENGGANU",09-858 2168,rsaacasb@gmail.com,1823,False,False
TERENGGANU,NDT005,RSA ACADEMY,Pengujian Partikel Magnetik – Pembinaan Terkimpal (Minyak & Gas),MC-114-2:2014,Program Penuh - Persijilan Mengikut Tahap,SKM Tahap 2,Aktif,"C-20-1, JALAN UDANG 1, RIVER FRONT BUSINESS CENTRE, 24000 CHUKAI, KEMAMAN, TERENGGANU",09-858 2168,rsaacasb@gmail.com,1823,False,False
TERENGGANU,NDT005,RSA ACADEMY,Pengujian Penembusan- Pembinaan Terkimpal (Minyak & Gas),MC-112-1:2014,Program Penuh - Persijilan Mengikut Tahap,SKM Tahap 1,Aktif,"C-20-1, JALAN UDANG 1, RIVER FRONT BUSINESS CENTRE, 24000 CHUKAI, KEMAMAN, TERENGGANU",09-858 2168,rsaacasb@gmail.com,1823,False,False
TERENGGANU,NDT005,RSA ACADEMY,Pengujian Penembusan- Pembinaan Terkimpal (Minyak & Gas),MC-112-2:2014,Program Penuh - Persijilan Mengikut Tahap,SKM Tahap 2,Aktif,"C-20-1, JALAN UDANG 1, RIVER FRONT BUSINESS CENTRE, 24000 CHUKAI, KEMAMAN, TERENGGANU",09-858 2168,rsaacasb@gmail.com,1823,False,False
TERENGGANU,NDT005,RSA ACADEMY,Pentafsiran Radiografi – Pembinaan Berkimpalan,MC-115-2:2016,Program Penuh - Persijilan Mengikut Tahap,SKM Tahap 2,Aktif,"C-20-1, JALAN UDANG 1, RIVER FRONT BUSINESS CENTRE, 24000 CHUKAI, KEMAMAN, TERENGGANU",09-858 2168,rsaacasb@gmail.com,1823,False,False
TERENGGANU,NDT005,RSA ACADEMY,UJIAN RADIOGRAFI - BINAAN TERKIMPAL,M712-011-1:2022,Program Penuh - Persijilan Mengikut Tahap,SKM Tahap 1,Aktif,"C-20-1, JALAN UDANG 1, RIVER FRONT BUSINESS CENTRE, 24000 CHUKAI, KEMAMAN, TERENGGANU",09-858 2168,rsaacasb@gmail.com,1823,False,False
TERENGGANU,NDT005,RSA ACADEMY,UJIAN RADIOGRAFI - BINAAN TERKIMPAL,M712-011-2:2022,Program Penuh - Persijilan Mengikut Tahap,SKM Tahap 2,Aktif,"C-20-1, JALAN UDANG 1, RIVER FRONT BUSINESS CENTRE, 24000 CHUKAI, KEMAMAN, TERENGGANU",09-858 2168,rsaacasb@gmail.com,1823,False,False
TERENGGANU,NDT003,RUANE-TATI SDN BHD,UJIAN RADIOGRAFI - BINAAN TERKIMPAL,M712-011-1:2022,Program Penuh - Persijilan Mengikut Tahap,SKM Tahap 1,Aktif,"PT 4847, JALAN PANCHOR, TELOK KALONG, 24000 KEMAMAN, TERENGGANU.",09-863 1033,admin@ruanetati.com,1821,False,False
TERENGGANU,NDT003,RUANE-TATI SDN BHD,UJIAN RADIOGRAFI - BINAAN TERKIMPAL,M712-011-2:2022,Program Penuh - Persijilan Mengikut Tahap,SKM Tahap 2,Aktif,"PT 4847, JALAN PANCHOR, TELOK KALONG, 24000 KEMAMAN, TERENGGANU.",09-863 1033,admin@ruanetati.com,1821,False,False
TERENGGANU,K05922,SEKOLAH MENENGAH KEBANGSAAN AYER PUTEH,PEMBUATAN PASTRI,HT-014-2:2011,Program Micro Credential,SKM Tahap 2,Aktif,"Jalan Ayer Puteh, Kampung Tebak, 24050 Kemaman, Terengganu",09-8502671,TEA2024@moe.edu.my,16785,False,False
TERENGGANU,K05303,SEKOLAH MENENGAH KEBANGSAAN BADRUL ALAM SHAH,OPERASI PENGELUARAN TANAMAN,A016-001-3:2016,Program Micro Credential,SKM Tahap 3,Aktif,"24200 KEMASEK, KEMAMAN, TERENGGANU",09-8662220,TEA2023@moe.edu.my,1580,False,False
TERENGGANU,K05303,SEKOLAH MENENGAH KEBANGSAAN BADRUL ALAM SHAH,OPERASI PENGELUARAN TANAMAN,A016-004-3:2024,Program Micro Credential,SKM Tahap 3,Aktif,"24200 KEMASEK, KEMAMAN, TERENGGANU",09-8662220,TEA2023@moe.edu.my,1580,False,False
TERENGGANU,K05303,SEKOLAH MENENGAH KEBANGSAAN BADRUL ALAM SHAH,Pembuatan Roti,HT-013-2:2011,Program Micro Credential,SKM Tahap 2,Aktif,"24200 KEMASEK, KEMAMAN, TERENGGANU",09-8662220,TEA2023@moe.edu.my,1580,False,False
TERENGGANU,K05303,SEKOLAH MENENGAH KEBANGSAAN BADRUL ALAM SHAH,Penyediaan & Pembuatan Makanan,HT-012-2:2012,Program Penuh - Persijilan Mengikut Tahap,SKM Tahap 2,Aktif,"24200 KEMASEK, KEMAMAN, TERENGGANU",09-8662220,TEA2023@moe.edu.my,1580,False,False
TERENGGANU,K05308,SEKOLAH MENENGAH KEBANGSAAN BALAI BESAR,PENYEDIAAN DAN PENGHASILAN MAKANAN,I561-005-2:2022,Program Micro Credential,SKM Tahap 2,Aktif,"23000 DUNGUN, TERENGGANU",09-8457600,TEA1043@moe.edu.my,1575,False,False
TERENGGANU,K05308,SEKOLAH MENENGAH KEBANGSAAN BALAI BESAR,Pembuatan Pakaian Wanita,TA-011-2:2012,Program Penuh - Persijilan Tahap Tunggal,SKM Tahap 2,Aktif,"23000 DUNGUN, TERENGGANU",09-8457600,TEA1043@moe.edu.my,1575,False,False
TERENGGANU,K05308,SEKOLAH MENENGAH KEBANGSAAN BALAI BESAR,Penyediaan & Pembuatan Makanan,HT-012-2:2012,Program Micro Credential,SKM Tahap 2,Aktif,"23000 DUNGUN, TERENGGANU",09-8457600,TEA1043@moe.edu.my,1575,False,False
TERENGGANU,K05436,SEKOLAH MENENGAH KEBANGSAAN BELARA,Juruteknik Tanaman,AF-010-2,Program Penuh - Persijilan Tahap Tunggal,SKM Tahap 2,Sekat Pengambilan,"MANIR, 21200 KUALA TERENGGANU, TERENGGANU",09-6152080,TEA3110@moe.edu.my,7419,False,False
TERENGGANU,K05436,SEKOLAH MENENGAH KEBANGSAAN BELARA,OPERASI PENGELUARAN TANAMAN,A016-001-3:2016,Program Penuh - Persijilan Mengikut Tahap,SKM Tahap 3,Aktif,"MANIR, 21200 KUALA TERENGGANU, TERENGGANU",09-6152080,TEA3110@moe.edu.my,7419,False,False
TERENGGANU,K05436,SEKOLAH MENENGAH KEBANGSAAN BELARA,Pembuatan Pakaian Wanita,TA-011-1:2012,Program Micro Credential,SKM Tahap 1,Aktif,"MANIR, 21200 KUALA TERENGGANU, TERENGGANU",09-6152080,TEA3110@moe.edu.my,7419,False,False
TERENGGANU,K05337,SEKOLAH MENENGAH KEBANGSAAN BUKIT BESI,Perkhidmatan Estetik,MP-060-2:2013,Program Penuh - Persijilan Mengikut Tahap,SKM Tahap 2,Sekat Pengambilan,"JALAN RAKSA, 23200 DUNGUN, TERENGGANU",09-8337400,TEA_1042@YAHOO.COM,1713,False,False
TERENGGANU,K05337,SEKOLAH MENENGAH KEBANGSAAN BUKIT BESI,Perkhidmatan Terapi Kecantikan,S960-002-2:2020,Program Penuh - Persijilan Tahap Tunggal,SKM Tahap 2,Aktif,"JALAN RAKSA, 23200 DUNGUN, TERENGGANU",09-8337400,TEA_1042@YAHOO.COM,1713,False,False
TERENGGANU,K05923,SEKOLAH MENENGAH KEBANGSAAN BUKIT DIMAN,Pembuatan Roti,HT-013-2:2011,Program Micro Credential,SKM Tahap 2,Aktif,SMK BUKIT DIMAN,096861493,TEA5044@moe.edu.my,16784,False,False
TERENGGANU,K05307,SEKOLAH MENENGAH KEBANGSAAN BUKIT TUNGGAL,Juruteknik Akuakultur (Hatceri),AF-033-2,Program Penuh - Persijilan Tahap Tunggal,SKM Tahap 2,Aktif,21200 KUALA TERENGGANU,09-6624406,TEA7004@moe.edu.my,1579,False,False
TERENGGANU,K05358,SEKOLAH MENENGAH KEBANGSAAN CHALOK MODEL KHAS,Pembuatan Pakaian Wanita,TA-011-2:2012,Program Penuh - Persijilan Tahap Tunggal,SKM Tahap 2,Aktif,21450 SETIU,09-6576013,SMKCHALOK@GMAIL.COM,1747,False,False
TERENGGANU,K05934,SEKOLAH MENENGAH KEBANGSAAN CHUNG HWA WEI SIN,Penyediaan & Pembuatan Makanan,HT-012-2:2012,Program Micro Credential,SKM Tahap 2,Aktif,"SEKOLAH MENENGAH KEBANGSAAN CHUNG HWA WEI SIN, JALAN BUKIT KECIL, 21100 KUALA TERENGGANU, TERENGGANU.",09-6203735,sekolah-6259-cm8@moe-dl.edu.my,16779,False,False
TERENGGANU,K05304,SEKOLAH MENENGAH KEBANGSAAN JENAGOR,Penyediaan & Pembuatan Makanan,HT-012-2:2012,Program Penuh - Persijilan Mengikut Tahap,SKM Tahap 2,Aktif,21700 KUALA BERANG,09-6818184,SMKJENAGOR5041@GMAIL.COM,1696,False,False
TERENGGANU,K05664,SEKOLAH MENENGAH KEBANGSAAN JERANGAU,Juruteknik Tanaman,AF-010-2,Program Penuh - Persijilan Tahap Tunggal,SKM Tahap 2,Sekat Pengambilan,"KG JERAGAU, 23200 BUKIT BESI, TERENGGANU",09-8384822,tea1035@moe.edu.my,1193,False,False
TERENGGANU,K05664,SEKOLAH MENENGAH KEBANGSAAN JERANGAU,OPERASI PENGELUARAN TANAMAN,A016-001-3:2016,Program Penuh - Persijilan Mengikut Tahap,SKM Tahap 3,Aktif,"KG JERAGAU, 23200 BUKIT BESI, TERENGGANU",09-8384822,tea1035@moe.edu.my,1193,False,False
TERENGGANU,K05664,SEKOLAH MENENGAH KEBANGSAAN JERANGAU,PEMBUATAN PASTRI,HT-014-2:2011,Program Micro Credential,SKM Tahap 2,Aktif,"KG JERAGAU, 23200 BUKIT BESI, TERENGGANU",09-8384822,tea1035@moe.edu.my,1193,False,False
TERENGGANU,K05924,SEKOLAH MENENGAH KEBANGSAAN KETENGAH JAYA,PEMBUATAN PASTRI,HT-014-2:2011,Program Micro Credential,SKM Tahap 2,Aktif,"Felda Kerteh 4, 22300 BANDAR KETENGAH JAYA",098200150,TEA1037@moe.edu.my,16780,False,False
TERENGGANU,K05325,SEKOLAH MENENGAH KEBANGSAAN KIJAL,OPERASI PENGELUARAN TANAMAN,A016-001-3:2016,Program Micro Credential,SKM Tahap 3,Aktif,"24100 KIJAL, KEMAMAN, TERENGGANU",09-8589235,TEA2026@moe.edu.my,1688,False,False
TERENGGANU,K05325,SEKOLAH MENENGAH KEBANGSAAN KIJAL,"Pemasangan dan Penyelenggaraan Satu Fasa Penyamanan Udara, Pengudaraan, Pemanasan (HVAC)",F432-007-3:2020,Program Penuh - Persijilan Mengikut Tahap,SKM Tahap 3,Aktif,"24100 KIJAL, KEMAMAN, TERENGGANU",09-8589235,TEA2026@moe.edu.my,1688,False,False
TERENGGANU,K05325,SEKOLAH MENENGAH KEBANGSAAN KIJAL,"Peralatan Penyamanan Udara HVAC -Satu Fasa (Pemasangan, Servis, Troubleshooting & Pembaikpulihan)",ME-020-2:2012,Program Penuh - Persijilan Mengikut Tahap,SKM Tahap 2,Sekat Pengambilan,"24100 KIJAL, KEMAMAN, TERENGGANU",09-8589235,TEA2026@moe.edu.my,1688,False,False
TERENGGANU,K05665,SEKOLAH MENENGAH KEBANGSAAN KOMPLEKS MENGABANG TELIPOT,Juruteknik Tanaman,AF-010-2,Program Penuh - Persijilan Tahap Tunggal,SKM Tahap 2,Sekat Pengambilan,"SEKOLAH MENENGAH KEBANGSAAN KOMPLEKS MENGABANG TELIPOT 21030 KUALA TERENGGANU, TERENGGANU",096696172,tea7005@moe.edu.my,1194,False,False
TERENGGANU,K05665,SEKOLAH MENENGAH KEBANGSAAN KOMPLEKS MENGABANG TELIPOT,OPERASI PENGELUARAN TANAMAN,A016-001-3:2016,Program Penuh - Persijilan Mengikut Tahap,SKM Tahap 3,Aktif,"SEKOLAH MENENGAH KEBANGSAAN KOMPLEKS MENGABANG TELIPOT 21030 KUALA TERENGGANU, TERENGGANU",096696172,tea7005@moe.edu.my,1194,False,False
TERENGGANU,K05665,SEKOLAH MENENGAH KEBANGSAAN KOMPLEKS MENGABANG TELIPOT,Pembuatan Pakaian Wanita,TA-011-1:2012,Program Micro Credential,SKM Tahap 1,Aktif,"SEKOLAH MENENGAH KEBANGSAAN KOMPLEKS MENGABANG TELIPOT 21030 KUALA TERENGGANU, TERENGGANU",096696172,tea7005@moe.edu.my,1194,False,False
TERENGGANU,K05305,SEKOLAH MENENGAH KEBANGSAAN KOMPLEKS SEBERANG TAKIR,Pemasangan & Penyelenggaraan Elektrik-Satu Fasa,EE-320-2:2012,Program Penuh - Persijilan Mengikut Tahap,SKM Tahap 2,Sekat Pengambilan,"21300 KUALA TERENGGANU, TERENGGANU",09-6672163,tea7007@moe.edu.my,1577,False,False
TERENGGANU,K05305,SEKOLAH MENENGAH KEBANGSAAN KOMPLEKS SEBERANG TAKIR,Pemasangan dan Penyelenggaraan Elektrik Satu Fasa,F432-005-2:2019,Program Penuh - Persijilan Mengikut Tahap,SKM Tahap 2,Aktif,"21300 KUALA TERENGGANU, TERENGGANU",09-6672163,tea7007@moe.edu.my,1577,False,False
TERENGGANU,K05305,SEKOLAH MENENGAH KEBANGSAAN KOMPLEKS SEBERANG TAKIR,Pembuatan Roti,HT-013-2:2011,Program Micro Credential,SKM Tahap 2,Aktif,"21300 KUALA TERENGGANU, TERENGGANU",09-6672163,tea7007@moe.edu.my,1577,False,False
TERENGGANU,K05512,SEKOLAH MENENGAH KEBANGSAAN KUALA TELEMONG,PELUKIS REKAAN DALAMAN,ID-040-2,Program Penuh - Persijilan Tahap Tunggal,SKM Tahap 2,Aktif,"21210 Kuala Terengganu, Terengganu",09-614 2446,TEA5040@moe.edu.my,10918,False,False
TERENGGANU,K05512,SEKOLAH MENENGAH KEBANGSAAN KUALA TELEMONG,Pembuatan Roti,HT-013-2:2011,Program Micro Credential,SKM Tahap 2,Aktif,"21210 Kuala Terengganu, Terengganu",09-614 2446,TEA5040@moe.edu.my,10918,False,False
TERENGGANU,K05662,SEKOLAH MENENGAH KEBANGSAAN MERCHANG,PERKHIDMATAN PEMBAIKAN – KENDERAAN RINGAN,G452-002-2:2018,Program Penuh - Persijilan Mengikut Tahap,SKM Tahap 2,Aktif,"KG. MERCHANG, 21610 MARANG, TERENGGANU",09-8321187,tea4011@moe.edu.my,1191,False,False
TERENGGANU,K05662,SEKOLAH MENENGAH KEBANGSAAN MERCHANG,Pembuatan Roti,HT-013-2:2011,Program Micro Credential,SKM Tahap 2,Aktif,"KG. MERCHANG, 21610 MARANG, TERENGGANU",09-8321187,tea4011@moe.edu.my,1191,False,False
TERENGGANU,K05660,SEKOLAH MENENGAH KEBANGSAAN PELAGAT,OPERASI SENI KULINARI,I561-005-3:2022,Program Penuh - Persijilan Tahap Tunggal,SKM Tahap 3,Aktif,"KG PADANG LUAS, 22000 JERTIH, TERENGGANU",09-6972937,smkpgt.ppdbesut@gmail.com,1189,False,False
TERENGGANU,K05660,SEKOLAH MENENGAH KEBANGSAAN PELAGAT,PENYEDIAAN DAN PENGHASILAN MAKANAN,I561-005-2:2022,Program Micro Credential,SKM Tahap 2,Aktif,"KG PADANG LUAS, 22000 JERTIH, TERENGGANU",09-6972937,smkpgt.ppdbesut@gmail.com,1189,False,False
TERENGGANU,K05660,SEKOLAH MENENGAH KEBANGSAAN PELAGAT,Penyediaan & Pembuatan Makanan,HT-012-2:2012,Program Penuh - Persijilan Mengikut Tahap,SKM Tahap 2,Aktif,"KG PADANG LUAS, 22000 JERTIH, TERENGGANU",09-6972937,smkpgt.ppdbesut@gmail.com,1189,False,False
TERENGGANU,K05660,SEKOLAH MENENGAH KEBANGSAAN PELAGAT,Penyediaan & Pembuatan Makanan,HT-012-2:2012,Program Micro Credential,SKM Tahap 2,Aktif,"KG PADANG LUAS, 22000 JERTIH, TERENGGANU",09-6972937,smkpgt.ppdbesut@gmail.com,1189,False,False
TERENGGANU,K05788,SEKOLAH MENENGAH KEBANGSAAN PENGKALAN BERANGAN,Pembuatan Roti,HT-013-2:2011,Program Micro Credential,SKM Tahap 2,Aktif,SEKOLAH MENENGAH KEBANGSAAN PENGKALAN BERANGAN 21040 MARANG TERENGGANU,09-6805150,TEA4015@moe.gov.my,13660,False,False
TERENGGANU,K05519,SEKOLAH MENENGAH KEBANGSAAN RENEK,Juruteknik Tanaman,AF-010-2,Program Penuh - Persijilan Tahap Tunggal,SKM Tahap 2,Sekat Pengambilan,"22020 JERTEH, BESUT, TERENGGANU.",09-6974037,smkr.ppdbesut@gmail.com,10094,False,False
TERENGGANU,K05519,SEKOLAH MENENGAH KEBANGSAAN RENEK,OPERASI PENGELUARAN TANAMAN,A016-001-3:2016,Program Penuh - Persijilan Mengikut Tahap,SKM Tahap 3,Aktif,"22020 JERTEH, BESUT, TERENGGANU.",09-6974037,smkr.ppdbesut@gmail.com,10094,False,False
TERENGGANU,K05485,SEKOLAH MENENGAH KEBANGSAAN RUSILA,OPERASI SENI KULINARI,I561-005-3:2022,Program Penuh - Persijilan Tahap Tunggal,SKM Tahap 3,Aktif,"MARANG, 21080 KUALA TERENGGANU, TERENGGANU.",09-6178546,tea4016@moe.edu.my,8427,False,False
TERENGGANU,K05485,SEKOLAH MENENGAH KEBANGSAAN RUSILA,Operasi Servis Makanan & Minuman,I561-002-2:2018,Program Micro Credential,SKM Tahap 2,Aktif,"MARANG, 21080 KUALA TERENGGANU, TERENGGANU.",09-6178546,tea4016@moe.edu.my,8427,False,False
TERENGGANU,K05485,SEKOLAH MENENGAH KEBANGSAAN RUSILA,PEMBUATAN PAKAIAN WANITA,C141-005-2:2021,Program Micro Credential,SKM Tahap 2,Aktif,"MARANG, 21080 KUALA TERENGGANU, TERENGGANU.",09-6178546,tea4016@moe.edu.my,8427,False,False
TERENGGANU,K05485,SEKOLAH MENENGAH KEBANGSAAN RUSILA,Pembuatan Pakaian Wanita,TA-011-1:2012,Program Micro Credential,SKM Tahap 1,Aktif,"MARANG, 21080 KUALA TERENGGANU, TERENGGANU.",09-6178546,tea4016@moe.edu.my,8427,False,False
TERENGGANU,K05485,SEKOLAH MENENGAH KEBANGSAAN RUSILA,Penyediaan & Pembuatan Makanan,HT-012-2:2012,Program Penuh - Persijilan Mengikut Tahap,SKM Tahap 2,Aktif,"MARANG, 21080 KUALA TERENGGANU, TERENGGANU.",09-6178546,tea4016@moe.edu.my,8427,False,False
TERENGGANU,K05602,SEKOLAH MENENGAH KEBANGSAAN SAUJANA,Juruteknik Akuakultur (Hatceri),AF-033-2,Program Penuh - Persijilan Tahap Tunggal,SKM Tahap 2,Aktif,22110 SETIU TERENGGANU,01165752004,tea6082@moe.edu.my,1188,False,False
TERENGGANU,K05602,SEKOLAH MENENGAH KEBANGSAAN SAUJANA,PENYELIAAN OPERASI AKUAKULTUR AIR TAWAR,A032-006-3:2022,Program Penuh - Persijilan Tahap Tunggal,SKM Tahap 3,Aktif,22110 SETIU TERENGGANU,01165752004,tea6082@moe.edu.my,1188,False,False
TERENGGANU,K05306,SEKOLAH MENENGAH KEBANGSAAN SEBERANG MARANG,Pemasangan & Penyelenggaraan Elektrik-Satu Fasa,EE-320-2:2012,Program Penuh - Persijilan Mengikut Tahap,SKM Tahap 2,Sekat Pengambilan,"21600 MARANG, TERENGGANU",09-6184264,tea4017@moe.edu.my,1578,False,False
TERENGGANU,K05306,SEKOLAH MENENGAH KEBANGSAAN SEBERANG MARANG,Pemasangan dan Penyelenggaraan Elektrik Satu Fasa,F432-005-2:2019,Program Penuh - Persijilan Mengikut Tahap,SKM Tahap 2,Aktif,"21600 MARANG, TERENGGANU",09-6184264,tea4017@moe.edu.my,1578,False,False
TERENGGANU,K05306,SEKOLAH MENENGAH KEBANGSAAN SEBERANG MARANG,Pembuatan Roti,HT-013-2:2011,Program Micro Credential,SKM Tahap 2,Aktif,"21600 MARANG, TERENGGANU",09-6184264,tea4017@moe.edu.my,1578,False,False
TERENGGANU,K05935,SEKOLAH MENENGAH KEBANGSAAN SERI BERANG,"Refleksologi Kaki, Tangan dan Telinga",MP-080-3:2011,Program Micro Credential,SKM Tahap 3,Aktif,KUALA BERANG HULU TERENGGANU,096816454,TEA5039@moe.edu.my,16786,False,True
TERENGGANU,K05315,SEKOLAH MENENGAH KEBANGSAAN SERI BUDIMAN,Perkhidmatan Estetik,MP-060-2:2013,Program Penuh - Persijilan Mengikut Tahap,SKM Tahap 2,Sekat Pengambilan,"LORONG BUDIMAN, 20400 KUALA TERENGGANU, TERENGGANU",09-6221780,tea3085a@yahoo.com.my,1586,False,False
TERENGGANU,K05315,SEKOLAH MENENGAH KEBANGSAAN SERI BUDIMAN,Perkhidmatan Terapi Kecantikan,S960-002-2:2020,Program Penuh - Persijilan Tahap Tunggal,SKM Tahap 2,Aktif,"LORONG BUDIMAN, 20400 KUALA TERENGGANU, TERENGGANU",09-6221780,tea3085a@yahoo.com.my,1586,False,False
TERENGGANU,K05563,SEKOLAH MENENGAH KEBANGSAAN SERI BUKIT PUTERI,Operasi Servis Makanan & Minuman,I561-002-2:2018,Program Micro Credential,SKM Tahap 2,Aktif,"SMK SERI BUKIT PUTERI, KG BAHARU, KUALA BESUT",096917600,smksb.ppdbesut@gmail.com,13199,False,False
TERENGGANU,K05515,SEKOLAH MENENGAH KEBANGSAAN SERI RASAU,Juruteknik Tanaman,AF-010-2,Program Penuh - Persijilan Tahap Tunggal,SKM Tahap 2,Sekat Pengambilan,"23300 KETENGAH JAYA, TERENGGANU.",09-8202936,TEA1036@moe.edu.my,9879,False,False
TERENGGANU,K05515,SEKOLAH MENENGAH KEBANGSAAN SERI RASAU,OPERASI PENGELUARAN TANAMAN,A016-001-3:2016,Program Penuh - Persijilan Mengikut Tahap,SKM Tahap 3,Aktif,"23300 KETENGAH JAYA, TERENGGANU.",09-8202936,TEA1036@moe.edu.my,9879,False,False
TERENGGANU,K05515,SEKOLAH MENENGAH KEBANGSAAN SERI RASAU,Penyediaan & Pembuatan Makanan,HT-012-2:2012,Program Micro Credential,SKM Tahap 2,Aktif,"23300 KETENGAH JAYA, TERENGGANU.",09-8202936,TEA1036@moe.edu.my,9879,False,False
TERENGGANU,K05661,SEKOLAH MENENGAH KEBANGSAAN SULTAN AHMAD,Operasi Pembuatan Perabot,RB-050-2:2012,Program Penuh - Persijilan Mengikut Tahap,SKM Tahap 2,Sekat Pengambilan,"21000 KUALA TERENGGANU, TERENGGANU",09-6222272,TEA3112@moe.edu.my,1190,False,False
TERENGGANU,K05432,SEKOLAH MENENGAH KEBANGSAAN SULTAN MANSOR,OPERASI SENI KULINARI,I561-005-3:2022,Program Penuh - Persijilan Tahap Tunggal,SKM Tahap 3,Aktif,"21070 KUALA TERENGGANU, TERENGGANU",096192723,TEA3118@moe.edu.my,7377,False,False
TERENGGANU,K05432,SEKOLAH MENENGAH KEBANGSAAN SULTAN MANSOR,PEMBUATAN PAKAIAN WANITA,C141-005-2:2021,Program Micro Credential,SKM Tahap 2,Aktif,"21070 KUALA TERENGGANU, TERENGGANU",096192723,TEA3118@moe.edu.my,7377,False,False
TERENGGANU,K05432,SEKOLAH MENENGAH KEBANGSAAN SULTAN MANSOR,Pembuatan Pakaian Wanita,TA-011-1:2012,Program Micro Credential,SKM Tahap 1,Aktif,"21070 KUALA TERENGGANU, TERENGGANU",096192723,TEA3118@moe.edu.my,7377,False,False
TERENGGANU,K05432,SEKOLAH MENENGAH KEBANGSAAN SULTAN MANSOR,Penyediaan & Pembuatan Makanan,HT-012-2:2012,Program Penuh - Persijilan Mengikut Tahap,SKM Tahap 2,Aktif,"21070 KUALA TERENGGANU, TERENGGANU",096192723,TEA3118@moe.edu.my,7377,False,False
TERENGGANU,K05489,SEKOLAH MENENGAH KEBANGSAAN SULTAN OMAR,PERKHIDMATAN PEMBAIKAN – KENDERAAN RINGAN,G452-002-2:2018,Program Penuh - Persijilan Mengikut Tahap,SKM Tahap 2,Aktif,"23000 DUNGUN,",09-8481831,smksod@gmail.com,8685,False,False
TERENGGANU,K05489,SEKOLAH MENENGAH KEBANGSAAN SULTAN OMAR,Pembuatan Roti,HT-013-2:2011,Program Micro Credential,SKM Tahap 2,Aktif,"23000 DUNGUN,",09-8481831,smksod@gmail.com,8685,False,False
TERENGGANU,K05663,SEKOLAH MENENGAH KEBANGSAAN SUNGAI TONG,PEMBUATAN PASTRI,HT-014-2:2011,Program Micro Credential,SKM Tahap 2,Aktif,"SUNGAI TONG, 21500 SETIU, TERENGGANU",09-6571776,,1192,False,False
TERENGGANU,K05663,SEKOLAH MENENGAH KEBANGSAAN SUNGAI TONG,PERKHIDMATAN PEMBAIKAN – KENDERAAN RINGAN,G452-002-2:2018,Program Penuh - Persijilan Mengikut Tahap,SKM Tahap 2,Aktif,"SUNGAI TONG, 21500 SETIU, TERENGGANU",09-6571776,,1192,False,False
TERENGGANU,K05925,SEKOLAH MENENGAH KEBANGSAAN TENGKU AMPUAN INTAN,Pembuatan Pakaian Wanita,TA-011-1:2012,Program Micro Credential,SKM Tahap 1,Aktif,"Jalan Sekayu, Kampung Batu 24, 21700 Kuala Berang, Terengganu",09-6811231,tee5036@moe.edu.my,16783,False,False
TERENGGANU,K05420,SEKOLAH MENENGAH KEBANGSAAN TENGKU BARIAH,OPERASI SENI KULINARI,I561-005-3:2022,Program Penuh - Persijilan Tahap Tunggal,SKM Tahap 3,Aktif,"""JALAN PASIR PANJANG, 21100 KUALA TERENGGANU, TERENGGANU """,096247277,TEB3092@YAHOO.COM,7263,False,False
TERENGGANU,K05420,SEKOLAH MENENGAH KEBANGSAAN TENGKU BARIAH,Penyediaan & Pembuatan Makanan,HT-012-2:2012,Program Penuh - Persijilan Mengikut Tahap,SKM Tahap 2,Aktif,"""JALAN PASIR PANJANG, 21100 KUALA TERENGGANU, TERENGGANU """,096247277,TEB3092@YAHOO.COM,7263,False,False
TERENGGANU,K05926,SEKOLAH MENENGAH KEBANGSAAN TENGKU MAHMUD 2,PEMBUATAN PASTRI,HT-014-2:2011,Program Micro Credential,SKM Tahap 2,Aktif,Alor Lintang 22200 Besut Terengganu,09-6957158,smktm2.ppdbesut@gmail.com,16781,False,False
TERENGGANU,K05927,SEKOLAH MENENGAH KEBANGSAAN TENGKU MUHAMMAD ISMAIL,Pembuatan Pakaian Wanita,TA-011-1:2012,Program Micro Credential,SKM Tahap 1,Aktif,SEKOLAH MENENGAH KEBANGSAAN TENGKU MUHAMMAD ISMAIL 20400 KUALA TERENGGANU TERENGGANU,096301800,tea3130@moe.edu.my,16782,False,False
TERENGGANU,K05357,SEKOLAH MENENGAH KEBANGSAAN TUN INDERA,Pembuatan Pakaian Wanita,TA-011-2:2012,Program Penuh - Persijilan Tahap Tunggal,SKM Tahap 2,Aktif,21700 KUALA BERANG,09-6812236,smktunindera@gmail.com,1748,False,False
TERENGGANU,K05823,SMK AJIL,Penyediaan & Pembuatan Makanan,HT-012-2:2012,Program Micro Credential,SKM Tahap 2,Aktif,JALAN JERANGAU,09-6861228,tea5036@moe.edu.my,13656,False,False
TERENGGANU,K05791,SMK BUKIT GUNTONG,Pembuatan Roti,HT-013-2:2011,Program Micro Credential,SKM Tahap 2,Aktif,"SMK BUKIT GUNTONG 21060 KUALA NERUS, TERENGGANU",096625588,tea7003@moe.edu.my,13847,False,False
TERENGGANU,K05832,SMK BUKIT KUANG,Pembuatan Roti,HT-013-2:2011,Program Micro Credential,SKM Tahap 2,Aktif,"BUKIT KUANG, CHUKAI, KEMANAN",098581782,TEA2039@moe.edu.my,13529,False,False
TERENGGANU,K05833,SMK CENEH BARU,Pembuatan Roti,HT-013-2:2011,Program Micro Credential,SKM Tahap 2,Aktif,"BANDAR CENEH BARU, KEMAMAN,",098730223,TEA2021@moe.edu.my,13665,False,False
TERENGGANU,K05711,SMK CHENDERING,Pembuatan Roti,HT-013-2:2011,Program Micro Credential,SKM Tahap 2,Aktif,"JALAN KUBANG IKAN, 21080 KUALA TERENGGANU, TERENGGANU",013-9174223,tea3117@moe.edu.my,12905,False,False
TERENGGANU,K05768,SMK GELIGA,PEMBUATAN PASTRI,HT-014-2:2011,Program Micro Credential,SKM Tahap 2,Aktif,"KAMPUNG GELIGA,24000 KEMAMAN",098681440,TEA2028@moe.edu.my,13534,False,False
TERENGGANU,K05496,SMK HAJI ABDUL RAHMAN LIMBONG,Motosikal - Perkhidmatan Pembaikan,G454-001-2:2018,Program Penuh - Persijilan Tahap Tunggal,SKM Tahap 2,Aktif,"21200 KUALA TERENGGANU, TERENGGANU",09-6152315,tea3088@moe.edu.my,9985,False,False
TERENGGANU,K05496,SMK HAJI ABDUL RAHMAN LIMBONG,OPERASI PENGELUARAN TANAMAN,A016-001-3:2016,Program Micro Credential,SKM Tahap 3,Aktif,"21200 KUALA TERENGGANU, TERENGGANU",09-6152315,tea3088@moe.edu.my,9985,False,False
TERENGGANU,K05496,SMK HAJI ABDUL RAHMAN LIMBONG,Servis & Penyelenggaraan Motosikal,TP-118-2:2012,Program Penuh - Persijilan Tahap Tunggal,SKM Tahap 2,Sekat Pengambilan,"21200 KUALA TERENGGANU, TERENGGANU",09-6152315,tea3088@moe.edu.my,9985,False,False
TERENGGANU,K05599,SMK IBRAHIM FIKRI,Pembuatan Roti,HT-013-2:2011,Program Micro Credential,SKM Tahap 2,Aktif,21300 KUALA NERUS TERENGGANU,096624297,tea7001@moe.edu.my,12826,False,False
TERENGGANU,K05829,SMK JABI,OPERASI PENGELUARAN TANAMAN,A016-001-3:2016,Program Micro Credential,SKM Tahap 3,Aktif,"PEKAN JABI, JERTEH,",09-69411707,smkjabi.ppdbesut@gmail.com,13521,False,False
TERENGGANU,K05897,SMK KAMPUNG BARU KERTEH,PEMBUATAN PASTRI,HT-014-2:2011,Program Micro Credential,SKM Tahap 2,Aktif,CHABANG 24300,09-8260040,TEA2034@moe.edu.my,13663,False,False
TERENGGANU,K05792,SMK KUALA BESUT,Penyediaan & Pembuatan Makanan,HT-012-2:2012,Program Micro Credential,SKM Tahap 2,Aktif,"JALAN KUALA BESUT, BESUT,",096919393,smkkb.ppdbesut@gmail.com,13533,False,False
TERENGGANU,K05689,SMK MEGAT PANJI ALAM,Pembuatan Roti,HT-013-2:2011,Program Micro Credential,SKM Tahap 2,Aktif,"JALAN PANJI ALAM, KAMPUNG NIBUNG, 21100 KUALA TERENGGANU, TERENGGANU",096221877,tea3081@moe.edu.my,12824,False,False
TERENGGANU,K05789,SMK MENERONG,Pembuatan Roti,HT-013-2:2011,Program Micro Credential,SKM Tahap 2,Aktif,KG. MENERONG AJIL,01165753911,TEA5038@moe.edu.my,13523,False,False
TERENGGANU,K05561,SMK PADANG KEMUNTING,Operasi Servis Makanan & Minuman,I561-002-2:2018,Program Micro Credential,SKM Tahap 2,Aktif,"SMK PADANG KEMUNTING, 21020 KUALA NERUS, KUALA TERENGGANU, TERENGGANU",096698212,tea7008@moe.edu.my,12849,False,False
TERENGGANU,K05824,SMK PENAREK,Operasi Servis Makanan & Minuman,I561-002-2:2018,Program Micro Credential,SKM Tahap 2,Aktif,"JALAN PENARIK, KAMPUNG SEKEPING",01165752542,smkp6081@gmail.com,13531,False,False
TERENGGANU,K05562,SMK PERMAISURI NUR ZAHIRAH,Operasi Servis Makanan & Minuman,I561-002-2:2018,Program Micro Credential,SKM Tahap 2,Aktif,"JALAN BUKIT KELUANG, 22200 BESUT",096953262,smkpnz.ppdbesut@gmail.com,12862,False,False
TERENGGANU,K05562,SMK PERMAISURI NUR ZAHIRAH,"Refleksologi Kaki, Tangan dan Telinga",MP-080-3:2011,Program Micro Credential,SKM Tahap 3,Aktif,"JALAN BUKIT KELUANG, 22200 BESUT",096953262,smkpnz.ppdbesut@gmail.com,12862,False,True
TERENGGANU,K05588,SMK PUTRA,Pembuatan Pakaian Wanita,TA-011-1:2012,Program Micro Credential,SKM Tahap 1,Aktif,"KG. DARAU, JERTEH",096973590,smkpt.ppdbesut@gmail.com,12795,False,False
TERENGGANU,K05708,SMK SERI BANDI,OPERASI PENGELUARAN TANAMAN,A016-001-3:2016,Program Micro Credential,SKM Tahap 3,Aktif,"BANDAR SERI BANDI, 24000 KEMAMAN, TERENGGANU",098675131,tea2036seseri@gmail.com,13260,False,False
TERENGGANU,K05694,SMK SERI NERING,Penyediaan & Pembuatan Makanan,HT-012-2:2012,Program Micro Credential,SKM Tahap 2,Aktif,"KAMPUNG PULAU RIMAU, 22000 JERTEH, TERENGGANU",09-6971355,tea0059@moe.edu.my,12848,False,False
TERENGGANU,K05686,SMK SERI NILAM,Pembuatan Roti,HT-013-2:2011,Program Micro Credential,SKM Tahap 2,Aktif,"JALAN KUBANG TANGGA, 20050 KUALA TERENGGANU, TERENGGANU.",09 6301700,tea3123@moe.edu.my,13195,False,False
TERENGGANU,K05749,SMK SERI PAKA,PEMBUATAN PASTRI,HT-014-2:2011,Program Micro Credential,SKM Tahap 2,Aktif,"23100 PAKA, TERENGGANU",098274978,TEA1040@gmail.edu.my,12859,False,False
TERENGGANU,K05560,SMK SERI PAYONG,PEMBUATAN PASTRI,HT-014-2:2011,Program Micro Credential,SKM Tahap 2,Aktif,"KAMPUNG BUKIT PAYONG 21400 MARANG, TERENGGANU",096191236,TEA40202@moe.edu.my,12785,False,False
TERENGGANU,K05751,SMK SULTAN ISMAIL,Pembuatan Roti,HT-013-2:2011,Program Micro Credential,SKM Tahap 2,Aktif,JALAN KMN - K. TRG,098591955,TEB2025@emoe.edu.my,12865,False,False
TERENGGANU,K05707,SMK SURA,Pembuatan Roti,HT-013-2:2011,Program Micro Credential,SKM Tahap 2,Aktif,"JALAN PANTAI SURA, KG. SURA TENGAH, DUNGUN",098484798,tea1034@moe.edu.my,12767,False,False
TERENGGANU,K05766,SMK TEMBILA,Pembuatan Roti,HT-013-2:2011,Program Micro Credential,SKM Tahap 2,Aktif,"JALAN PENGKALAN KUBOR, 22200 BESUT, TERENGGANU",09-6955324,smktba.ppdbesut@gmail.com,13535,False,False
TERENGGANU,K05691,SMK TENGKU IBRAHIM,Pembuatan Roti,HT-013-2:2011,Program Micro Credential,SKM Tahap 2,Aktif,"BANDAR PERMAISURI, SETIU",096092323,tea6057@moe.edu.my,12779,False,False
TERENGGANU,K05787,SMK TOK DOR,Penyediaan & Pembuatan Makanan,HT-012-2:2012,Program Micro Credential,SKM Tahap 2,Aktif,"KG TOK DOR, 22020 JERTEH",096945011,smktd.ppdbesut@gmail.com,13520,False,False
TERENGGANU,K05564,SMK TUN TELANAI,Operasi Pembuatan Perabot,RB-050-2:2012,Program Micro Credential,SKM Tahap 2,Aktif,KAMPUNG PADANG TANJUNG 21400 MARANG TERENGGANU,096191375,tea4012@moe.gov.my,13244,False,False
TERENGGANU,K05564,SMK TUN TELANAI,Pembuatan Roti,HT-013-2:2011,Program Micro Credential,SKM Tahap 2,Aktif,KAMPUNG PADANG TANJUNG 21400 MARANG TERENGGANU,096191375,tea4012@moe.gov.my,13244,False,False
TERENGGANU,K05873,SMK WAKAF TAPAI,Pembuatan Roti,HT-013-2:2011,Program Micro Credential,SKM Tahap 2,Aktif,21040 MARANG TERENGGANU,09-6804120,TEA4018@moe.edu.my,13657,False,False
TERENGGANU,K05688,SMK. BUKIT BESAR,Penyediaan & Pembuatan Makanan,HT-012-2:2012,Program Micro Credential,SKM Tahap 2,Aktif,"JALAN SULTAN MOHAMAD, 20050 KUALA TERENGGANU, TERENGGANU",096236594,tea3119@moe.edu.my,12874,False,False
TERENGGANU,K05688,SMK. BUKIT BESAR,"Refleksologi Kaki, Tangan dan Telinga",MP-080-3:2011,Program Micro Credential,SKM Tahap 3,Aktif,"JALAN SULTAN MOHAMAD, 20050 KUALA TERENGGANU, TERENGGANU",096236594,tea3119@moe.edu.my,12874,False,True
TERENGGANU,K14045,TATI Applied Technology Institute,OPERASI PEMESINAN,C259-006-2:2020,Program Micro Credential - Tauliah Sedia Ada,SKM Tahap 2,Aktif,"KAMPUS TATIUC, JALAN PANCHOR, TELUK KALONG",09-863 1543,tatiskills.adm@gmail.com,1199,False,False
TERENGGANU,K14045,TATI Applied Technology Institute,OPERASI PEMESINAN CNC,C259-006-3:2020,Program Penuh - Persijilan Tahap Tunggal,SKM Tahap 3,Aktif,"KAMPUS TATIUC, JALAN PANCHOR, TELUK KALONG",09-863 1543,tatiskills.adm@gmail.com,1199,False,False
TERENGGANU,K14045,TATI Applied Technology Institute,OPERASI PEMESINAN CNC,C259-006-3:2020,Program Micro Credential - Tauliah Sedia Ada,SKM Tahap 3,Aktif,"KAMPUS TATIUC, JALAN PANCHOR, TELUK KALONG",09-863 1543,tatiskills.adm@gmail.com,1199,False,False
TERENGGANU,K14045,TATI Applied Technology Institute,PENGURUSAN TEKNOLOGI KIMPALAN,MC-024-4:2012,Program Micro Credential,Diploma Kemahiran Malaysia,Aktif,"KAMPUS TATIUC, JALAN PANCHOR, TELUK KALONG",09-863 1543,tatiskills.adm@gmail.com,1199,False,False
TERENGGANU,K14045,TATI Applied Technology Institute,PROSES KIMPALAN ARKA LOGAM BERPERISAI,C259-008-3:2022,Program Penuh - Persijilan Mengikut Tahap,SKM Tahap 3,Aktif,"KAMPUS TATIUC, JALAN PANCHOR, TELUK KALONG",09-863 1543,tatiskills.adm@gmail.com,1199,False,False
TERENGGANU,K14045,TATI Applied Technology Institute,PROSES KIMPALAN ARKA LOGAM BERPERISAI,C259-008-3:2022,Program Micro Credential - Tauliah Sedia Ada,SKM Tahap 3,Aktif,"KAMPUS TATIUC, JALAN PANCHOR, TELUK KALONG",09-863 1543,tatiskills.adm@gmail.com,1199,False,False
TERENGGANU,K14045,TATI Applied Technology Institute,Perkhidmatan Kejuruteraan Automasi Industri,MC-091-2:2016,Program Penuh - Persijilan Mengikut Tahap,SKM Tahap 2,Aktif,"KAMPUS TATIUC, JALAN PANCHOR, TELUK KALONG",09-863 1543,tatiskills.adm@gmail.com,1199,False,False
TERENGGANU,K14045,TATI Applied Technology Institute,Proses Kimpalan Arka Kepingan Logam,MC-024-3:2012,Program Penuh - Persijilan Mengikut Tahap,SKM Tahap 3,Sekat Pengambilan,"KAMPUS TATIUC, JALAN PANCHOR, TELUK KALONG",09-863 1543,tatiskills.adm@gmail.com,1199,False,False
TERENGGANU,K12005,TVETMARA BESUT,Ahli Teknologi Elektrik Automotif,TP-310-5,Program Penuh - Persijilan Tahap Tunggal,Diploma LanjutanKemahiran Malaysia,Aktif,JALAN BATU TUMBUH ALUR LINTANG TERENGGANU,09-6957244,azmi.ismail@mara.gov.my,1196,False,False
TERENGGANU,K12005,TVETMARA BESUT,PENGURUSAN TEKNOLOGI KIMPALAN,MC-024-4:2012,Program Penuh - Persijilan Tahap Tunggal,Diploma Kemahiran Malaysia,Aktif,JALAN BATU TUMBUH ALUR LINTANG TERENGGANU,09-6957244,azmi.ismail@mara.gov.my,1196,False,False
TERENGGANU,K12005,TVETMARA BESUT,Pelukisan Pelan Mekanikal,MC-080-3:2013,Program Penuh - Persijilan Mengikut Tahap,SKM Tahap 3,Sekat Pengambilan,JALAN BATU TUMBUH ALUR LINTANG TERENGGANU,09-6957244,azmi.ismail@mara.gov.my,1196,False,False
TERENGGANU,K12005,TVETMARA BESUT,Pemasangan dan Penyelenggaraan Elektrik Tiga Fasa,F432-005-3:2019,Program Penuh - Persijilan Tahap Tunggal,SKM Tahap 3,Sekat Pengambilan,JALAN BATU TUMBUH ALUR LINTANG TERENGGANU,09-6957244,azmi.ismail@mara.gov.my,1196,False,False
TERENGGANU,K12005,TVETMARA BESUT,Pemasangan dan Penyelenggaraan Elektrik Voltan Rendah,F432-005-4:2019,Program Penuh - Persijilan Tahap Tunggal,Diploma Kemahiran Malaysia,Sekat Pengambilan,JALAN BATU TUMBUH ALUR LINTANG TERENGGANU,09-6957244,azmi.ismail@mara.gov.my,1196,False,False
TERENGGANU,K12005,TVETMARA BESUT,"Pengurusan Rekabentuk, Pemasangan & Penyelenggaraan HVAC",ME-020-4:2012,Program Penuh - Persijilan Tahap Tunggal,Diploma Kemahiran Malaysia,Sekat Pengambilan,JALAN BATU TUMBUH ALUR LINTANG TERENGGANU,09-6957244,azmi.ismail@mara.gov.my,1196,False,False
TERENGGANU,K12005,TVETMARA BESUT,Penyeliaan Pemasangan & Penyelenggaraan HVAC,ME-020-3:2012,Program Penuh - Persijilan Tahap Tunggal,SKM Tahap 3,Sekat Pengambilan,JALAN BATU TUMBUH ALUR LINTANG TERENGGANU,09-6957244,azmi.ismail@mara.gov.my,1196,False,False
KELANTAN,L02878,AKADEMI EMAS MALAYSIA (AKEMA),SENI DAN KRAF BARANG KEMAS KONTEMPORARI,C321-001-3:2023,Program Penuh - Persijilan Tahap Tunggal,SKM Tahap 3,Aktif,"LOT 962, SEKSYEN 11, TAMAN EMAS MALAYSIA, TINGKAT 1, BAZAR TUAN PADANG, JALAN DATO' PATI, 15000 KOTA BHARU, KELANTAN",097418858,akademiemasmalaysia.akema@gmail.com,17852,False,False
KELANTAN,L02878,AKADEMI EMAS MALAYSIA (AKEMA),SENI DAN KRAF BARANG KEMAS KONTEMPORARI,C321-001-3:2023,Program Micro Credential - Tauliah Sedia Ada,SKM Tahap 3,Aktif,"LOT 962, SEKSYEN 11, TAMAN EMAS MALAYSIA, TINGKAT 1, BAZAR TUAN PADANG, JALAN DATO' PATI, 15000 KOTA BHARU, KELANTAN",097418858,akademiemasmalaysia.akema@gmail.com,17852,False,False
KELANTAN,L02378,AKADEMI PANTAI TIMUR,PEMBUATAN PASTRI,HT-014-2:2011,Program Penuh - Persijilan Mengikut Tahap,SKM Tahap 2,Sekat Pengambilan,"NO. 4838, JALAN PENGKALAN CHEPA 15400 KOTA BHARU KELANTAN",097472410,aptkelantan@gmail.com,224,False,False
KELANTAN,L02378,AKADEMI PANTAI TIMUR,PERKHIDMATAN PEMBAIKAN – KENDERAAN RINGAN,G452-002-2:2018,Program Penuh - Persijilan Mengikut Tahap,SKM Tahap 2,Aktif,"NO. 4838, JALAN PENGKALAN CHEPA 15400 KOTA BHARU KELANTAN",097472410,aptkelantan@gmail.com,224,False,False
KELANTAN,L02378,AKADEMI PANTAI TIMUR,Pemasangan Sistem Kejuruteraan Automasi Industri,MC-091-3:2016,Program Penuh - Persijilan Mengikut Tahap,SKM Tahap 3,Sekat Pengambilan,"NO. 4838, JALAN PENGKALAN CHEPA 15400 KOTA BHARU KELANTAN",097472410,aptkelantan@gmail.com,224,False,False
KELANTAN,L02378,AKADEMI PANTAI TIMUR,Pembuatan Pastri,HT-014-3:2011,Program Penuh - Persijilan Mengikut Tahap,SKM Tahap 3,Sekat Pengambilan,"NO. 4838, JALAN PENGKALAN CHEPA 15400 KOTA BHARU KELANTAN",097472410,aptkelantan@gmail.com,224,False,False
KELANTAN,L02378,AKADEMI PANTAI TIMUR,Perkhidmatan Kejuruteraan Automasi Industri,MC-091-2:2016,Program Penuh - Persijilan Mengikut Tahap,SKM Tahap 2,Sekat Pengambilan,"NO. 4838, JALAN PENGKALAN CHEPA 15400 KOTA BHARU KELANTAN",097472410,aptkelantan@gmail.com,224,False,False
KELANTAN,L02378,AKADEMI PANTAI TIMUR,SERVIS DIAGNOSTIK – KENDERAAN RINGAN,G452-002-3:2018,Program Penuh - Persijilan Mengikut Tahap,SKM Tahap 3,Aktif,"NO. 4838, JALAN PENGKALAN CHEPA 15400 KOTA BHARU KELANTAN",097472410,aptkelantan@gmail.com,224,False,False
KELANTAN,L02378,AKADEMI PANTAI TIMUR,SERVIS DIAGNOSTIK – KENDERAAN RINGAN,G452-002-3:2018,Program Penuh - Persijilan Tahap Tunggal,SKM Tahap 3,Aktif,"NO. 4838, JALAN PENGKALAN CHEPA 15400 KOTA BHARU KELANTAN",097472410,aptkelantan@gmail.com,224,False,False
KELANTAN,L02378,AKADEMI PANTAI TIMUR,SOKONGAN SISTEM KEJURUTERAAN AUTOMASI INDUSTRI,MC-091-4:2016,Program Penuh - Persijilan Mengikut Tahap,Diploma Kemahiran Malaysia,Sekat Pengambilan,"NO. 4838, JALAN PENGKALAN CHEPA 15400 KOTA BHARU KELANTAN",097472410,aptkelantan@gmail.com,224,False,False
KELANTAN,L00953,AyMIN ASTONIANS INTERNATIONAL COLLEGE,PERKHIDMATAN PEMBAIKAN – KENDERAAN RINGAN,G452-002-2:2018,Program Penuh - Persijilan Mengikut Tahap,SKM Tahap 2,Aktif,"UNIT 1-3 & 1-4, KOMPLEKS PONDOK ANTARABANGSA, JALAN RAJA PEREMPUAN ZAINAB 2, KUBANG KERIAN,",09-7653931,atsbkb_edu@yahoo.com,216,False,False
KELANTAN,L02996,GEO TRAINING STUDIO (CAWANGAN KELANTAN),PEMANDUAN PELANCONG BANDAR,N791-008-3:2025,Program Penuh - Persijilan Mengikut Tahap,SKM Tahap 3,Aktif,"PT 347, TINGKAT 2 JALAN SULTAN YAHYA PETRA KAMPUNG LANGGAR 15200, KOTA BHARU KELANTAN",0102316415,suefiza_78@yahoo.com,19764,False,False
KELANTAN,K02189,GIATMARA BACHOK,Automotif-Servis Selepas Jualan,TP-300-2:2013,Program Penuh - Persijilan Mengikut Tahap,SKM Tahap 2,Sekat Pengambilan,"LOT 665, SERDANG BARU 16310 BACHOK, KELANTAN",09-7787311,gmbachok@giatmara.edu.my,194,False,False
KELANTAN,K02189,GIATMARA BACHOK,PEMBUATAN PAKAIAN WANITA,C141-005-2:2021,Program Penuh - Persijilan Mengikut Tahap,SKM Tahap 2,Aktif,"LOT 665, SERDANG BARU 16310 BACHOK, KELANTAN",09-7787311,gmbachok@giatmara.edu.my,194,False,False
KELANTAN,K02189,GIATMARA BACHOK,PERKHIDMATAN PEMBAIKAN – KENDERAAN RINGAN,G452-002-2:2018,Program Penuh - Persijilan Mengikut Tahap,SKM Tahap 2,Aktif,"LOT 665, SERDANG BARU 16310 BACHOK, KELANTAN",09-7787311,gmbachok@giatmara.edu.my,194,False,False
KELANTAN,K02189,GIATMARA BACHOK,Pemasangan & Penyelenggaraan Elektrik-Satu Fasa,EE-320-2:2012,Program Penuh - Persijilan Mengikut Tahap,SKM Tahap 2,Sekat Pengambilan,"LOT 665, SERDANG BARU 16310 BACHOK, KELANTAN",09-7787311,gmbachok@giatmara.edu.my,194,False,False
KELANTAN,K02189,GIATMARA BACHOK,Pemasangan dan Penyelenggaraan Elektrik Satu Fasa,F432-005-2:2019,Program Penuh - Persijilan Mengikut Tahap,SKM Tahap 2,Aktif,"LOT 665, SERDANG BARU 16310 BACHOK, KELANTAN",09-7787311,gmbachok@giatmara.edu.my,194,False,False
KELANTAN,K02189,GIATMARA BACHOK,Pembuatan Pakaian Wanita,TA-011-2:2012,Program Penuh - Persijilan Tahap Tunggal,SKM Tahap 2,Sekat Pengambilan,"LOT 665, SERDANG BARU 16310 BACHOK, KELANTAN",09-7787311,gmbachok@giatmara.edu.my,194,False,False
KELANTAN,K02127,GIATMARA GUA MUSANG,Automotif-Servis Selepas Jualan,TP-300-2:2013,Program Penuh - Persijilan Mengikut Tahap,SKM Tahap 2,Sekat Pengambilan,"FELDA CHIKU LIMA 18300 GUA MUSANG, KELANTAN",09-9285242,gmguamusang@giatmara.edu.my,192,False,False
KELANTAN,K02127,GIATMARA GUA MUSANG,Motosikal - Perkhidmatan Pembaikan,G454-001-2:2018,Program Penuh - Persijilan Tahap Tunggal,SKM Tahap 2,Aktif,"FELDA CHIKU LIMA 18300 GUA MUSANG, KELANTAN",09-9285242,gmguamusang@giatmara.edu.my,192,False,False
KELANTAN,K02127,GIATMARA GUA MUSANG,PERKHIDMATAN PEMBAIKAN – KENDERAAN RINGAN,G452-002-2:2018,Program Penuh - Persijilan Mengikut Tahap,SKM Tahap 2,Aktif,"FELDA CHIKU LIMA 18300 GUA MUSANG, KELANTAN",09-9285242,gmguamusang@giatmara.edu.my,192,False,False
KELANTAN,K02127,GIATMARA GUA MUSANG,Servis & Penyelenggaraan Motosikal,TP-118-2:2012,Program Penuh - Persijilan Tahap Tunggal,SKM Tahap 2,Sekat Pengambilan,"FELDA CHIKU LIMA 18300 GUA MUSANG, KELANTAN",09-9285242,gmguamusang@giatmara.edu.my,192,False,False
KELANTAN,K02118,GIATMARA JELI,Automotif-Servis Selepas Jualan,TP-300-2:2013,Program Penuh - Persijilan Mengikut Tahap,SKM Tahap 2,Sekat Pengambilan,"LOT 6099 KAMPUNG WAKAF ZING, 17700 AYER LANAS KELANTAN",09-9468553,gmjeli@giatmara.edu.my,190,False,False
KELANTAN,K02118,GIATMARA JELI,OPERASI TEKNIKAL PAKAIAN WANITA,C141-005-3:2021,Program Penuh - Persijilan Mengikut Tahap,SKM Tahap 3,Aktif,"LOT 6099 KAMPUNG WAKAF ZING, 17700 AYER LANAS KELANTAN",09-9468553,gmjeli@giatmara.edu.my,190,False,False
KELANTAN,K02118,GIATMARA JELI,PEMBUATAN PAKAIAN WANITA,C141-005-2:2021,Program Penuh - Persijilan Mengikut Tahap,SKM Tahap 2,Aktif,"LOT 6099 KAMPUNG WAKAF ZING, 17700 AYER LANAS KELANTAN",09-9468553,gmjeli@giatmara.edu.my,190,False,False
KELANTAN,K02118,GIATMARA JELI,PERKHIDMATAN PEMBAIKAN – KENDERAAN RINGAN,G452-002-2:2018,Program Penuh - Persijilan Mengikut Tahap,SKM Tahap 2,Aktif,"LOT 6099 KAMPUNG WAKAF ZING, 17700 AYER LANAS KELANTAN",09-9468553,gmjeli@giatmara.edu.my,190,False,False
KELANTAN,K02118,GIATMARA JELI,Pemasangan & Penyelenggaraan Elektrik-Satu Fasa,EE-320-2:2012,Program Penuh - Persijilan Mengikut Tahap,SKM Tahap 2,Sekat Pengambilan,"LOT 6099 KAMPUNG WAKAF ZING, 17700 AYER LANAS KELANTAN",09-9468553,gmjeli@giatmara.edu.my,190,False,False
KELANTAN,K02118,GIATMARA JELI,Pemasangan dan Penyelenggaraan Elektrik Satu Fasa,F432-005-2:2019,Program Penuh - Persijilan Mengikut Tahap,SKM Tahap 2,Aktif,"LOT 6099 KAMPUNG WAKAF ZING, 17700 AYER LANAS KELANTAN",09-9468553,gmjeli@giatmara.edu.my,190,False,False
KELANTAN,K02118,GIATMARA JELI,Pembuatan Pakaian Wanita,TA-011-3:2012,Program Penuh - Persijilan Mengikut Tahap,SKM Tahap 3,Sekat Pengambilan,"LOT 6099 KAMPUNG WAKAF ZING, 17700 AYER LANAS KELANTAN",09-9468553,gmjeli@giatmara.edu.my,190,False,False
KELANTAN,K02118,GIATMARA JELI,Pengemasan & Pengecatan Semula Kenderaan,G452-005-3:2019,Program Penuh - Persijilan Mengikut Tahap,SKM Tahap 3,Aktif,"LOT 6099 KAMPUNG WAKAF ZING, 17700 AYER LANAS KELANTAN",09-9468553,gmjeli@giatmara.edu.my,190,False,False
KELANTAN,K02118,GIATMARA JELI,SERVIS DIAGNOSTIK – KENDERAAN RINGAN,G452-002-3:2018,Program Penuh - Persijilan Mengikut Tahap,SKM Tahap 3,Aktif,"LOT 6099 KAMPUNG WAKAF ZING, 17700 AYER LANAS KELANTAN",09-9468553,gmjeli@giatmara.edu.my,190,False,False
KELANTAN,K02071,GIATMARA KOTA BHARU,Automotif-Servis Selepas Jualan,TP-300-2:2013,Program Penuh - Persijilan Mengikut Tahap,SKM Tahap 2,Sekat Pengambilan,"JALAN TELIPOT, 15150 KOTA BHARU, KELANTAN",09-7447058,gmkotabharu@giatmara.edu.my,186,False,False
KELANTAN,K02071,GIATMARA KOTA BHARU,PERKHIDMATAN PEMBAIKAN – KENDERAAN RINGAN,G452-002-2:2018,Program Penuh - Persijilan Mengikut Tahap,SKM Tahap 2,Aktif,"JALAN TELIPOT, 15150 KOTA BHARU, KELANTAN",09-7447058,gmkotabharu@giatmara.edu.my,186,False,False
KELANTAN,K02071,GIATMARA KOTA BHARU,Pemasangan & Penyelenggaraan Elektrik-Satu Fasa,EE-320-2:2012,Program Penuh - Persijilan Mengikut Tahap,SKM Tahap 2,Sekat Pengambilan,"JALAN TELIPOT, 15150 KOTA BHARU, KELANTAN",09-7447058,gmkotabharu@giatmara.edu.my,186,False,False
KELANTAN,K02071,GIATMARA KOTA BHARU,Pemasangan & Penyelenggaraan Elektrik-Tiga Fasa,EE-320-3:2012,Program Penuh - Persijilan Mengikut Tahap,SKM Tahap 3,Sekat Pengambilan,"JALAN TELIPOT, 15150 KOTA BHARU, KELANTAN",09-7447058,gmkotabharu@giatmara.edu.my,186,False,False
KELANTAN,K02071,GIATMARA KOTA BHARU,Pemasangan dan Penyelenggaraan Elektrik Satu Fasa,F432-005-2:2019,Program Penuh - Persijilan Mengikut Tahap,SKM Tahap 2,Aktif,"JALAN TELIPOT, 15150 KOTA BHARU, KELANTAN",09-7447058,gmkotabharu@giatmara.edu.my,186,False,False
KELANTAN,K02071,GIATMARA KOTA BHARU,Pemasangan dan Penyelenggaraan Elektrik Tiga Fasa,F432-005-3:2019,Program Penuh - Persijilan Mengikut Tahap,SKM Tahap 3,Aktif,"JALAN TELIPOT, 15150 KOTA BHARU, KELANTAN",09-7447058,gmkotabharu@giatmara.edu.my,186,False,False
KELANTAN,K02214,GIATMARA KUALA KRAI,Motosikal - Perkhidmatan Pembaikan,G454-001-2:2018,Program Penuh - Persijilan Tahap Tunggal,SKM Tahap 2,Aktif,KAMPUNG JELAWANG DABONG 18200 KUALA KRAI KELANTAN,099362689,gmkualakrai@giatmara.edu.my,196,False,False
KELANTAN,K02214,GIATMARA KUALA KRAI,PEMBUATAN PAKAIAN WANITA,C141-005-2:2021,Program Penuh - Persijilan Mengikut Tahap,SKM Tahap 2,Aktif,KAMPUNG JELAWANG DABONG 18200 KUALA KRAI KELANTAN,099362689,gmkualakrai@giatmara.edu.my,196,False,False
KELANTAN,K02214,GIATMARA KUALA KRAI,Pembuatan Pakaian Wanita,TA-011-2:2012,Program Penuh - Persijilan Tahap Tunggal,SKM Tahap 2,Sekat Pengambilan,KAMPUNG JELAWANG DABONG 18200 KUALA KRAI KELANTAN,099362689,gmkualakrai@giatmara.edu.my,196,False,False
KELANTAN,K02214,GIATMARA KUALA KRAI,Servis & Penyelenggaraan Motosikal,TP-118-2:2012,Program Penuh - Persijilan Tahap Tunggal,SKM Tahap 2,Sekat Pengambilan,KAMPUNG JELAWANG DABONG 18200 KUALA KRAI KELANTAN,099362689,gmkualakrai@giatmara.edu.my,196,False,False
KELANTAN,K02247,GIATMARA KUBANG KERIAN,PEMBUATAN PAKAIAN WANITA,C141-005-2:2021,Program Penuh - Persijilan Mengikut Tahap,SKM Tahap 2,Aktif,"TINGKAT 2, KAMPUNG PADANG BONGOR, KUBANG KERIAN, 16150, KOTA BAHRU, KELANTAN",09-7666871 / 70,gmkubangkerian@giatmara.edu.my,200,False,False
KELANTAN,K02247,GIATMARA KUBANG KERIAN,PEMBUATAN PASTRI,HT-014-2:2011,Program Penuh - Persijilan Mengikut Tahap,SKM Tahap 2,Aktif,"TINGKAT 2, KAMPUNG PADANG BONGOR, KUBANG KERIAN, 16150, KOTA BAHRU, KELANTAN",09-7666871 / 70,gmkubangkerian@giatmara.edu.my,200,False,False
KELANTAN,K02247,GIATMARA KUBANG KERIAN,Pembuatan Pakaian Wanita,TA-011-2:2012,Program Penuh - Persijilan Tahap Tunggal,SKM Tahap 2,Sekat Pengambilan,"TINGKAT 2, KAMPUNG PADANG BONGOR, KUBANG KERIAN, 16150, KOTA BAHRU, KELANTAN",09-7666871 / 70,gmkubangkerian@giatmara.edu.my,200,False,False
KELANTAN,K02247,GIATMARA KUBANG KERIAN,Perkhidmatan Estetik,MP-060-2:2013,Program Penuh - Persijilan Mengikut Tahap,SKM Tahap 2,Sekat Pengambilan,"TINGKAT 2, KAMPUNG PADANG BONGOR, KUBANG KERIAN, 16150, KOTA BAHRU, KELANTAN",09-7666871 / 70,gmkubangkerian@giatmara.edu.my,200,False,False
KELANTAN,K02247,GIATMARA KUBANG KERIAN,Perkhidmatan Terapi Kecantikan,S960-002-2:2020,Program Penuh - Persijilan Tahap Tunggal,SKM Tahap 2,Aktif,"TINGKAT 2, KAMPUNG PADANG BONGOR, KUBANG KERIAN, 16150, KOTA BAHRU, KELANTAN",09-7666871 / 70,gmkubangkerian@giatmara.edu.my,200,False,False
KELANTAN,K02072,GIATMARA MACHANG,Automotif-Servis Selepas Jualan,TP-300-2:2013,Program Penuh - Persijilan Mengikut Tahap,SKM Tahap 2,Sekat Pengambilan,"BALAI POLIS LAMA, MACHANG, 18500 MACHANG, KELANTAN",09-9750016,gmmachang@giatmara.edu.my,187,False,False
KELANTAN,K02072,GIATMARA MACHANG,Operasi Sistem Komputer,IT-020-3:2013,Program Penuh - Persijilan Mengikut Tahap,SKM Tahap 3,Aktif,"BALAI POLIS LAMA, MACHANG, 18500 MACHANG, KELANTAN",09-9750016,gmmachang@giatmara.edu.my,187,False,False
KELANTAN,K02072,GIATMARA MACHANG,PERKHIDMATAN PEMBAIKAN – KENDERAAN RINGAN,G452-002-2:2018,Program Penuh - Persijilan Mengikut Tahap,SKM Tahap 2,Aktif,"BALAI POLIS LAMA, MACHANG, 18500 MACHANG, KELANTAN",09-9750016,gmmachang@giatmara.edu.my,187,False,False
KELANTAN,K02072,GIATMARA MACHANG,Penyeliaan dan Pengesanan Kerosakan Komponen dan Papan Elektronik,C261-001-3:2020,Program Penuh - Persijilan Tahap Tunggal,SKM Tahap 3,Aktif,"BALAI POLIS LAMA, MACHANG, 18500 MACHANG, KELANTAN",09-9750016,gmmachang@giatmara.edu.my,187,False,False
KELANTAN,K02130,GIATMARA NILAM PURI,Automotif-Servis Selepas Jualan,TP-300-2:2013,Program Penuh - Persijilan Mengikut Tahap,SKM Tahap 2,Sekat Pengambilan,KAMPUNG BADAK MATI BANGGU 16150 KOTA BHARU KELANTAN,09-7447058,gmkotabbharu@giatmara.edu.my,193,False,False
KELANTAN,K02130,GIATMARA NILAM PURI,Penyediaan & Pembuatan Makanan,HT-012-2:2012,Program Penuh - Persijilan Mengikut Tahap,SKM Tahap 2,Aktif,KAMPUNG BADAK MATI BANGGU 16150 KOTA BHARU KELANTAN,09-7447058,gmkotabbharu@giatmara.edu.my,193,False,False
KELANTAN,K02074,GIATMARA PASIR MAS,Automotif-Servis Selepas Jualan,TP-300-2:2013,Program Penuh - Persijilan Mengikut Tahap,SKM Tahap 2,Sekat Pengambilan,"LOT 2772, KAMPUNG SAKAR, 17030 PASIR MAS, KELANTAN",09-7901710,gmpasirmas@giatmara.edu.my,189,False,False
KELANTAN,K02074,GIATMARA PASIR MAS,Motosikal - Perkhidmatan Pembaikan,G454-001-2:2018,Program Penuh - Persijilan Tahap Tunggal,SKM Tahap 2,Aktif,"LOT 2772, KAMPUNG SAKAR, 17030 PASIR MAS, KELANTAN",09-7901710,gmpasirmas@giatmara.edu.my,189,False,False
KELANTAN,K02074,GIATMARA PASIR MAS,PERKHIDMATAN PEMBAIKAN – KENDERAAN RINGAN,G452-002-2:2018,Program Penuh - Persijilan Mengikut Tahap,SKM Tahap 2,Aktif,"LOT 2772, KAMPUNG SAKAR, 17030 PASIR MAS, KELANTAN",09-7901710,gmpasirmas@giatmara.edu.my,189,False,False
KELANTAN,K02074,GIATMARA PASIR MAS,Pemasangan & Penyelenggaraan Elektrik-Satu Fasa,EE-320-2:2012,Program Penuh - Persijilan Mengikut Tahap,SKM Tahap 2,Sekat Pengambilan,"LOT 2772, KAMPUNG SAKAR, 17030 PASIR MAS, KELANTAN",09-7901710,gmpasirmas@giatmara.edu.my,189,False,False
KELANTAN,K02074,GIATMARA PASIR MAS,Pemasangan dan Penyelenggaraan Elektrik Satu Fasa,F432-005-2:2019,Program Penuh - Persijilan Mengikut Tahap,SKM Tahap 2,Aktif,"LOT 2772, KAMPUNG SAKAR, 17030 PASIR MAS, KELANTAN",09-7901710,gmpasirmas@giatmara.edu.my,189,False,False
KELANTAN,K02074,GIATMARA PASIR MAS,Servis & Penyelenggaraan Motosikal,TP-118-2:2012,Program Penuh - Persijilan Tahap Tunggal,SKM Tahap 2,Sekat Pengambilan,"LOT 2772, KAMPUNG SAKAR, 17030 PASIR MAS, KELANTAN",09-7901710,gmpasirmas@giatmara.edu.my,189,False,False
KELANTAN,K02121,GIATMARA PASIR PUTEH,Operasi Pembinaan Bangunan,F410-001-2:2019,Program Penuh - Persijilan Mengikut Tahap,SKM Tahap 2,Aktif,"LOT 1466 MUKIM SELINSING 16810 PASIR PUTEH, KELANTAN",09-7891319,gmpasirputeh@giatmara.edu.my,191,False,False
KELANTAN,K02121,GIATMARA PASIR PUTEH,"Pemasangan dan Penyelenggaraan Satu Fasa Penyamanan Udara, Pengudaraan, Pemanasan (HVAC)",F432-007-3:2020,Program Penuh - Persijilan Mengikut Tahap,SKM Tahap 3,Aktif,"LOT 1466 MUKIM SELINSING 16810 PASIR PUTEH, KELANTAN",09-7891319,gmpasirputeh@giatmara.edu.my,191,False,False
KELANTAN,K02121,GIATMARA PASIR PUTEH,Pengeluaran Hiasan Dalaman (Fabrik),ID-031-3:2013,Program Penuh - Persijilan Mengikut Tahap,SKM Tahap 3,Aktif,"LOT 1466 MUKIM SELINSING 16810 PASIR PUTEH, KELANTAN",09-7891319,gmpasirputeh@giatmara.edu.my,191,False,False
KELANTAN,K02121,GIATMARA PASIR PUTEH,"Peralatan Penyamanan Udara HVAC -Satu Fasa (Pemasangan, Servis, Troubleshooting & Pembaikpulihan)",ME-020-2:2012,Program Penuh - Persijilan Mengikut Tahap,SKM Tahap 2,Sekat Pengambilan,"LOT 1466 MUKIM SELINSING 16810 PASIR PUTEH, KELANTAN",09-7891319,gmpasirputeh@giatmara.edu.my,191,False,False
KELANTAN,K02245,GIATMARA PENGKALAN CHEPA,Pemasangan & Penyelenggaraan Elektrik-Satu Fasa,EE-320-2:2012,Program Penuh - Persijilan Mengikut Tahap,SKM Tahap 2,Sekat Pengambilan,"LOT 5205 (PT 4203-BLOK A), KAWASAN PERINDUSTRIAN II, 16100 KOTA BHARU, KELANTAN",09-7714141,gmpengkalanchepa@giatmara.edu.my,198,False,False
KELANTAN,K02245,GIATMARA PENGKALAN CHEPA,Pemasangan dan Penyelenggaraan Elektrik Satu Fasa,F432-005-2:2019,Program Penuh - Persijilan Mengikut Tahap,SKM Tahap 2,Aktif,"LOT 5205 (PT 4203-BLOK A), KAWASAN PERINDUSTRIAN II, 16100 KOTA BHARU, KELANTAN",09-7714141,gmpengkalanchepa@giatmara.edu.my,198,False,False
KELANTAN,K02245,GIATMARA PENGKALAN CHEPA,Penyeliaan dan Pengesanan Kerosakan Komponen dan Papan Elektronik,C261-001-3:2020,Program Penuh - Persijilan Tahap Tunggal,SKM Tahap 3,Aktif,"LOT 5205 (PT 4203-BLOK A), KAWASAN PERINDUSTRIAN II, 16100 KOTA BHARU, KELANTAN",09-7714141,gmpengkalanchepa@giatmara.edu.my,198,False,False
KELANTAN,K02325,GIATMARA PRIMA MELOR,Jahitan Pakaian Lelaki,C141-001-2:2017,Program Penuh - Persijilan Mengikut Tahap,SKM Tahap 2,Aktif,"LOT 26, GM 617, KAMPUNG PADANG SALIM, PERINGAT, 16400 KOTA BHARU, KELANTAN",09-7822311,gmmelor@giatmara.edu.my,16290,False,False
KELANTAN,K02325,GIATMARA PRIMA MELOR,Motosikal - Perkhidmatan Pembaikan,G454-001-2:2018,Program Penuh - Persijilan Tahap Tunggal,SKM Tahap 2,Aktif,"LOT 26, GM 617, KAMPUNG PADANG SALIM, PERINGAT, 16400 KOTA BHARU, KELANTAN",09-7822311,gmmelor@giatmara.edu.my,16290,False,False
KELANTAN,K02325,GIATMARA PRIMA MELOR,OPERASI TEKNIKAL PAKAIAN WANITA,C141-005-3:2021,Program Penuh - Persijilan Mengikut Tahap,SKM Tahap 3,Aktif,"LOT 26, GM 617, KAMPUNG PADANG SALIM, PERINGAT, 16400 KOTA BHARU, KELANTAN",09-7822311,gmmelor@giatmara.edu.my,16290,False,False
KELANTAN,K02325,GIATMARA PRIMA MELOR,PEMBUATAN PASTRI,HT-014-2:2011,Program Penuh - Persijilan Mengikut Tahap,SKM Tahap 2,Aktif,"LOT 26, GM 617, KAMPUNG PADANG SALIM, PERINGAT, 16400 KOTA BHARU, KELANTAN",09-7822311,gmmelor@giatmara.edu.my,16290,False,False
KELANTAN,K02325,GIATMARA PRIMA MELOR,PENYEDIAAN DAN PENGHASILAN MAKANAN,I561-005-2:2022,Program Micro Credential,SKM Tahap 2,Aktif,"LOT 26, GM 617, KAMPUNG PADANG SALIM, PERINGAT, 16400 KOTA BHARU, KELANTAN",09-7822311,gmmelor@giatmara.edu.my,16290,False,False
KELANTAN,K02325,GIATMARA PRIMA MELOR,Penyediaan & Pembuatan Makanan,HT-012-2:2012,Program Penuh - Persijilan Mengikut Tahap,SKM Tahap 2,Aktif,"LOT 26, GM 617, KAMPUNG PADANG SALIM, PERINGAT, 16400 KOTA BHARU, KELANTAN",09-7822311,gmmelor@giatmara.edu.my,16290,False,False
KELANTAN,K02325,GIATMARA PRIMA MELOR,SERVIS DIAGNOSTIK – KENDERAAN RINGAN,G452-002-3:2018,Program Penuh - Persijilan Mengikut Tahap,SKM Tahap 3,Aktif,"LOT 26, GM 617, KAMPUNG PADANG SALIM, PERINGAT, 16400 KOTA BHARU, KELANTAN",09-7822311,gmmelor@giatmara.edu.my,16290,False,False
KELANTAN,K02223,GIATMARA RANTAU PANJANG,Automotif-Servis Selepas Jualan,TP-300-3:2013,Program Penuh - Persijilan Mengikut Tahap,SKM Tahap 3,Sekat Pengambilan,"FELCRA BUKIT TANDAK 17200 RANTAU PANJANG, KELANTAN",013-8806471,gmrantaupanjang@giatmara.edu.my,197,False,False
KELANTAN,K02223,GIATMARA RANTAU PANJANG,PEMBUATAN PAKAIAN WANITA,C141-005-2:2021,Program Penuh - Persijilan Mengikut Tahap,SKM Tahap 2,Aktif,"FELCRA BUKIT TANDAK 17200 RANTAU PANJANG, KELANTAN",013-8806471,gmrantaupanjang@giatmara.edu.my,197,False,False
KELANTAN,K02223,GIATMARA RANTAU PANJANG,PERKHIDMATAN PEMBAIKAN – KENDERAAN RINGAN,G452-002-2:2018,Program Penuh - Persijilan Mengikut Tahap,SKM Tahap 2,Aktif,"FELCRA BUKIT TANDAK 17200 RANTAU PANJANG, KELANTAN",013-8806471,gmrantaupanjang@giatmara.edu.my,197,False,False
KELANTAN,K02223,GIATMARA RANTAU PANJANG,Pemasangan & Penyelenggaraan Elektrik-Satu Fasa,EE-320-2:2012,Program Penuh - Persijilan Mengikut Tahap,SKM Tahap 2,Sekat Pengambilan,"FELCRA BUKIT TANDAK 17200 RANTAU PANJANG, KELANTAN",013-8806471,gmrantaupanjang@giatmara.edu.my,197,False,False
KELANTAN,K02223,GIATMARA RANTAU PANJANG,Pemasangan dan Penyelenggaraan Elektrik Satu Fasa,F432-005-2:2019,Program Penuh - Persijilan Mengikut Tahap,SKM Tahap 2,Aktif,"FELCRA BUKIT TANDAK 17200 RANTAU PANJANG, KELANTAN",013-8806471,gmrantaupanjang@giatmara.edu.my,197,False,False
KELANTAN,K02223,GIATMARA RANTAU PANJANG,Pembuatan Pakaian Wanita,TA-011-2:2012,Program Penuh - Persijilan Tahap Tunggal,SKM Tahap 2,Sekat Pengambilan,"FELCRA BUKIT TANDAK 17200 RANTAU PANJANG, KELANTAN",013-8806471,gmrantaupanjang@giatmara.edu.my,197,False,False
KELANTAN,K02223,GIATMARA RANTAU PANJANG,SERVIS DIAGNOSTIK – KENDERAAN RINGAN,G452-002-3:2018,Program Penuh - Persijilan Mengikut Tahap,SKM Tahap 3,Aktif,"FELCRA BUKIT TANDAK 17200 RANTAU PANJANG, KELANTAN",013-8806471,gmrantaupanjang@giatmara.edu.my,197,False,False
KELANTAN,K02206,GIATMARA TANAH MERAH,Motosikal - Perkhidmatan Pembaikan,G454-001-2:2018,Program Penuh - Persijilan Tahap Tunggal,SKM Tahap 2,Aktif,"Lot 3639-3643, Kawasan Industri Mukim Maka, 17500, Tanah Merah, Kelantan",019 - 9872067,gmtanahmerah@giatmara.edu.my,195,False,False
KELANTAN,K02206,GIATMARA TANAH MERAH,PEMBUATAN PAKAIAN WANITA,C141-005-2:2021,Program Penuh - Persijilan Mengikut Tahap,SKM Tahap 2,Aktif,"Lot 3639-3643, Kawasan Industri Mukim Maka, 17500, Tanah Merah, Kelantan",019 - 9872067,gmtanahmerah@giatmara.edu.my,195,False,False
KELANTAN,K02206,GIATMARA TANAH MERAH,Pemasangan & Penyelenggaraan Elektrik-Satu Fasa,EE-320-2:2012,Program Penuh - Persijilan Mengikut Tahap,SKM Tahap 2,Sekat Pengambilan,"Lot 3639-3643, Kawasan Industri Mukim Maka, 17500, Tanah Merah, Kelantan",019 - 9872067,gmtanahmerah@giatmara.edu.my,195,False,False
KELANTAN,K02206,GIATMARA TANAH MERAH,Pemasangan dan Penyelenggaraan Elektrik Satu Fasa,F432-005-2:2019,Program Penuh - Persijilan Mengikut Tahap,SKM Tahap 2,Aktif,"Lot 3639-3643, Kawasan Industri Mukim Maka, 17500, Tanah Merah, Kelantan",019 - 9872067,gmtanahmerah@giatmara.edu.my,195,False,False
KELANTAN,K02206,GIATMARA TANAH MERAH,Pembuatan Pakaian Wanita,TA-011-2:2012,Program Penuh - Persijilan Tahap Tunggal,SKM Tahap 2,Sekat Pengambilan,"Lot 3639-3643, Kawasan Industri Mukim Maka, 17500, Tanah Merah, Kelantan",019 - 9872067,gmtanahmerah@giatmara.edu.my,195,False,False
KELANTAN,K02206,GIATMARA TANAH MERAH,Servis & Penyelenggaraan Motosikal,TP-118-2:2012,Program Penuh - Persijilan Tahap Tunggal,SKM Tahap 2,Sekat Pengambilan,"Lot 3639-3643, Kawasan Industri Mukim Maka, 17500, Tanah Merah, Kelantan",019 - 9872067,gmtanahmerah@giatmara.edu.my,195,False,False
KELANTAN,K02073,GIATMARA TUMPAT,Operasi Pembuatan Perabot,RB-050-2:2012,Program Penuh - Persijilan Mengikut Tahap,SKM Tahap 2,Aktif,"KG. TUJUH, 16200 TUMPAT, KELANTAN",09-7211994,gmtumpat@giatmara.edu.my,188,False,False
KELANTAN,K02073,GIATMARA TUMPAT,Pengemasan & Pengecatan Semula Kenderaan,G452-005-3:2019,Program Penuh - Persijilan Mengikut Tahap,SKM Tahap 3,Aktif,"KG. TUJUH, 16200 TUMPAT, KELANTAN",09-7211994,gmtumpat@giatmara.edu.my,188,False,False
KELANTAN,K02073,GIATMARA TUMPAT,Penyemburan Cat Automotif,TP-306-2:2012,Program Penuh - Persijilan Tahap Tunggal,SKM Tahap 2,Sekat Pengambilan,"KG. TUJUH, 16200 TUMPAT, KELANTAN",09-7211994,gmtumpat@giatmara.edu.my,188,False,False
KELANTAN,K02073,GIATMARA TUMPAT,Proses Kimpalan Arka Kepingan Logam,MC-024-3:2012,Program Penuh - Persijilan Mengikut Tahap,SKM Tahap 3,Aktif,"KG. TUJUH, 16200 TUMPAT, KELANTAN",09-7211994,gmtumpat@giatmara.edu.my,188,False,False
KELANTAN,K03023,INSTITUT KEMAHIRAN BELIA NEGARA TANAH MERAH,OPERASI TEKNIKAL PAKAIAN WANITA,C141-005-3:2021,Program Penuh - Persijilan Tahap Tunggal,SKM Tahap 3,Aktif,JALAN BUKIT PANAU,09-9509900,ikbntm@kbs.gov.my,7033,False,False
KELANTAN,K03023,INSTITUT KEMAHIRAN BELIA NEGARA TANAH MERAH,PEMBANGUNAN PRODUK INDUSTRI,MC-040-3:2013,Program Penuh - Persijilan Mengikut Tahap,SKM Tahap 3,Aktif,JALAN BUKIT PANAU,09-9509900,ikbntm@kbs.gov.my,7033,False,False
KELANTAN,K03023,INSTITUT KEMAHIRAN BELIA NEGARA TANAH MERAH,Pembuatan Pakaian Wanita,TA-011-3:2012,Program Penuh - Persijilan Tahap Tunggal,SKM Tahap 3,Sekat Pengambilan,JALAN BUKIT PANAU,09-9509900,ikbntm@kbs.gov.my,7033,False,False
KELANTAN,K03023,INSTITUT KEMAHIRAN BELIA NEGARA TANAH MERAH,Penyeliaan dan Jahitan Pakaian Lelaki,C141-001-3:2017,Program Penuh - Persijilan Tahap Tunggal,SKM Tahap 3,Aktif,JALAN BUKIT PANAU,09-9509900,ikbntm@kbs.gov.my,7033,False,False
KELANTAN,K03011,INSTITUT KEMAHIRAN TINGGI BELIA NEGARA BACHOK,Automotif-Servis Selepas Jualan,TP-300-3:2013,Program Penuh - Persijilan Tahap Tunggal,SKM Tahap 3,Sekat Pengambilan,"16300 BACHOK, KELANTAN DARUL NAIM,",09-7787700,ikbn_bachok@kbs.gov.my,201,False,False
KELANTAN,K03011,INSTITUT KEMAHIRAN TINGGI BELIA NEGARA BACHOK,KENDERAAN PERDAGANGAN – SERVIS DIAGNOSTIK,G452-001-3:2017,Program Penuh - Persijilan Tahap Tunggal,SKM Tahap 3,Aktif,"16300 BACHOK, KELANTAN DARUL NAIM,",09-7787700,ikbn_bachok@kbs.gov.my,201,False,False
KELANTAN,K03011,INSTITUT KEMAHIRAN TINGGI BELIA NEGARA BACHOK,KENDERAAN PERDAGANGAN – SERVIS PEMBAIKAN,G452-001-2:2017,Program Micro Credential - Tauliah Sedia Ada,SKM Tahap 2,Aktif,"16300 BACHOK, KELANTAN DARUL NAIM,",09-7787700,ikbn_bachok@kbs.gov.my,201,False,False
KELANTAN,K03011,INSTITUT KEMAHIRAN TINGGI BELIA NEGARA BACHOK,OPERASI SENI KULINARI,I561-005-3:2022,Program Penuh - Persijilan Tahap Tunggal,SKM Tahap 3,Aktif,"16300 BACHOK, KELANTAN DARUL NAIM,",09-7787700,ikbn_bachok@kbs.gov.my,201,False,False
KELANTAN,K03011,INSTITUT KEMAHIRAN TINGGI BELIA NEGARA BACHOK,Operasi Pembuatan Perabot,RB-050-3:2012,Program Penuh - Persijilan Mengikut Tahap,SKM Tahap 3,Sekat Pengambilan,"16300 BACHOK, KELANTAN DARUL NAIM,",09-7787700,ikbn_bachok@kbs.gov.my,201,False,False
KELANTAN,K03011,INSTITUT KEMAHIRAN TINGGI BELIA NEGARA BACHOK,Operasi Pembuatan Perabot,RB-050-3:2012,Program Penuh - Persijilan Tahap Tunggal,SKM Tahap 3,Sekat Pengambilan,"16300 BACHOK, KELANTAN DARUL NAIM,",09-7787700,ikbn_bachok@kbs.gov.my,201,False,False
KELANTAN,K03011,INSTITUT KEMAHIRAN TINGGI BELIA NEGARA BACHOK,PENYELENGGARAAN JENTERA TOLAK TANAH,TP-100-3:2013,Program Penuh - Persijilan Mengikut Tahap,SKM Tahap 3,Aktif,"16300 BACHOK, KELANTAN DARUL NAIM,",09-7787700,ikbn_bachok@kbs.gov.my,201,False,False
KELANTAN,K03011,INSTITUT KEMAHIRAN TINGGI BELIA NEGARA BACHOK,Pembuatan Pastri,HT-014-3:2011,Program Penuh - Persijilan Tahap Tunggal,SKM Tahap 3,Aktif,"16300 BACHOK, KELANTAN DARUL NAIM,",09-7787700,ikbn_bachok@kbs.gov.my,201,False,False
KELANTAN,K03011,INSTITUT KEMAHIRAN TINGGI BELIA NEGARA BACHOK,Pengemasan & Pengecatan Semula Kenderaan,G452-005-3:2019,Program Penuh - Persijilan Mengikut Tahap,SKM Tahap 3,Aktif,"16300 BACHOK, KELANTAN DARUL NAIM,",09-7787700,ikbn_bachok@kbs.gov.my,201,False,False
KELANTAN,K03011,INSTITUT KEMAHIRAN TINGGI BELIA NEGARA BACHOK,Pengurus Binaan Awam Dan Struktur,CVS4,Program Penuh - Persijilan Mengikut Tahap,Diploma Kemahiran Malaysia,Sekat Pengambilan,"16300 BACHOK, KELANTAN DARUL NAIM,",09-7787700,ikbn_bachok@kbs.gov.my,201,False,False
KELANTAN,K03011,INSTITUT KEMAHIRAN TINGGI BELIA NEGARA BACHOK,Pentadbiran Teknikal Senibina,BC-050-4:2013,Program Penuh - Persijilan Mengikut Tahap,Diploma Kemahiran Malaysia,Sekat Pengambilan,"16300 BACHOK, KELANTAN DARUL NAIM,",09-7787700,ikbn_bachok@kbs.gov.my,201,False,False
KELANTAN,K03011,INSTITUT KEMAHIRAN TINGGI BELIA NEGARA BACHOK,Penyediaan & Pembuatan Makanan,HT-012-3:2012,Program Penuh - Persijilan Tahap Tunggal,SKM Tahap 3,Sekat Pengambilan,"16300 BACHOK, KELANTAN DARUL NAIM,",09-7787700,ikbn_bachok@kbs.gov.my,201,False,False
KELANTAN,K03011,INSTITUT KEMAHIRAN TINGGI BELIA NEGARA BACHOK,Penyelia Awam & Struktur,CVS3,Program Penuh - Persijilan Mengikut Tahap,SKM Tahap 3,Aktif,"16300 BACHOK, KELANTAN DARUL NAIM,",09-7787700,ikbn_bachok@kbs.gov.my,201,False,False
KELANTAN,K03011,INSTITUT KEMAHIRAN TINGGI BELIA NEGARA BACHOK,Penyeliaan Operasi Makanan & Minuman,I561-002-3:2018,Program Penuh - Persijilan Tahap Tunggal,SKM Tahap 3,Sekat Pengambilan,"16300 BACHOK, KELANTAN DARUL NAIM,",09-7787700,ikbn_bachok@kbs.gov.my,201,False,False
KELANTAN,K03011,INSTITUT KEMAHIRAN TINGGI BELIA NEGARA BACHOK,Penyemburan Cat Automotif,TP-306-3:2012,Program Penuh - Persijilan Tahap Tunggal,SKM Tahap 3,Sekat Pengambilan,"16300 BACHOK, KELANTAN DARUL NAIM,",09-7787700,ikbn_bachok@kbs.gov.my,201,False,False
KELANTAN,K03011,INSTITUT KEMAHIRAN TINGGI BELIA NEGARA BACHOK,SERVIS DIAGNOSTIK – KENDERAAN RINGAN,G452-002-3:2018,Program Penuh - Persijilan Tahap Tunggal,SKM Tahap 3,Sekat Pengambilan,"16300 BACHOK, KELANTAN DARUL NAIM,",09-7787700,ikbn_bachok@kbs.gov.my,201,False,False
KELANTAN,K06040,INSTITUT LATIHAN FAMA KOTA BHARU (ILFKB),OPERASI JUALAN DAN PEMASARAN PRODUK BERASASKAN PERTANIAN,A016-003-3:2020,Program Penuh - Persijilan Mengikut Tahap,SKM Tahap 3,Aktif,"LOT 1770 JALAN DATO' LUNDANG 15200 KOTA BHARU, KELANTAN",03-60330003,ilfkb@fama.gov.my,18632,False,False
KELANTAN,K06038,INSTITUT LATIHAN MEKANISASI DAN AUTOMASI PELADANG,PENYELENGGARAAN & BAIKPULIH JENTERA KECIL DAN PERALATAN PERTANIAN,C331-004-3:2017,Program Penuh - Persijilan Mengikut Tahap,SKM Tahap 3,Aktif,"LOT 3007, CABANG 3 PANJI",097718220,ipp.panji@gmail.com,13792,False,False
KELANTAN,L02441,INSTITUT TEKNIKAL TAN CHONG,PERKHIDMATAN PEMBAIKAN – KENDERAAN RINGAN,G452-002-2:2018,Program Penuh - Persijilan Mengikut Tahap,SKM Tahap 2,Sekat Pengambilan,"PT 425, BANDAR BARU TUNJONG, JALAN KOTA JELASIN KJ 4/1 BATU 4, JALAN KUALA KRAI 16100 KOTA BHARU KELANTAN DARUL NAIM",09-7405623,eduinquiries@tanchonggroup.com,226,False,False
KELANTAN,L02441,INSTITUT TEKNIKAL TAN CHONG,SERVIS DIAGNOSTIK – KENDERAAN RINGAN,G452-002-3:2018,Program Penuh - Persijilan Mengikut Tahap,SKM Tahap 3,Aktif,"PT 425, BANDAR BARU TUNJONG, JALAN KOTA JELASIN KJ 4/1 BATU 4, JALAN KUALA KRAI 16100 KOTA BHARU KELANTAN DARUL NAIM",09-7405623,eduinquiries@tanchonggroup.com,226,False,False
KELANTAN,K01509,KAMPUS SATELIT CIAST ADTEC JTM KAMPUS KOTA BHARU,PENGAJARAN TVET,P853-002-4:2021,Program Penuh - Persijilan Mengikut Tahap,Diploma Kemahiran Malaysia,Aktif,"JALAN 14/44, PERSIARAN PADANG GOLF, PENGKALAN CHEPA, 16100 KOTA BHARU, KELANTAN",09-7718993,MOHD.SUKRI@CIAST.GOV.MY,1726,False,False
KELANTAN,K06016,KOLEJ RISDA,PEMBUATAN PAKAIAN WANITA,C141-005-2:2021,Program Penuh - Persijilan Mengikut Tahap,SKM Tahap 2,Aktif,"PEJABAT RISDA STESEN PASIR PUTEH, JALAN PEGAWAI 16800 PASIR PUTEH, KELANTAN",09-7860257,kriskelantan@yahoo.com,212,False,False
KELANTAN,K01008,KOLEJ TEKNOLOGI TERMAJU JABATAN TENAGA MANUSIA (ADTEC JTM) KAMPUS KOTA BHARU,Operasi Pembuatan Perabot,RB-050-3:2012,Program Penuh - Persijilan Tahap Tunggal,SKM Tahap 3,Aktif,"PENGKALAN CHEPA, 16100 KOTA BHARU, KELANTAN",09-7742315,zaid@jtm.gov.my,185,False,False
KELANTAN,K01008,KOLEJ TEKNOLOGI TERMAJU JABATAN TENAGA MANUSIA (ADTEC JTM) KAMPUS KOTA BHARU,Operasi Pembuatan Perabot,RB-050-2:2012,Program Micro Credential,SKM Tahap 2,Aktif,"PENGKALAN CHEPA, 16100 KOTA BHARU, KELANTAN",09-7742315,zaid@jtm.gov.my,185,False,False
KELANTAN,K01008,KOLEJ TEKNOLOGI TERMAJU JABATAN TENAGA MANUSIA (ADTEC JTM) KAMPUS KOTA BHARU,Operasi Penyelenggaraan Industri,ME-010-3:2012,Program Penuh - Persijilan Mengikut Tahap,SKM Tahap 3,Sekat Pengambilan,"PENGKALAN CHEPA, 16100 KOTA BHARU, KELANTAN",09-7742315,zaid@jtm.gov.my,185,False,False
KELANTAN,K01008,KOLEJ TEKNOLOGI TERMAJU JABATAN TENAGA MANUSIA (ADTEC JTM) KAMPUS KOTA BHARU,Operasi Penyelenggaraan Industri,C331-012-3:2020,Program Penuh - Persijilan Mengikut Tahap,SKM Tahap 3,Aktif,"PENGKALAN CHEPA, 16100 KOTA BHARU, KELANTAN",09-7742315,zaid@jtm.gov.my,185,False,False
KELANTAN,K01008,KOLEJ TEKNOLOGI TERMAJU JABATAN TENAGA MANUSIA (ADTEC JTM) KAMPUS KOTA BHARU,Operasi Sistem Komputer,IT-020-3:2013,Program Micro Credential,SKM Tahap 3,Aktif,"PENGKALAN CHEPA, 16100 KOTA BHARU, KELANTAN",09-7742315,zaid@jtm.gov.my,185,False,False
KELANTAN,K01008,KOLEJ TEKNOLOGI TERMAJU JABATAN TENAGA MANUSIA (ADTEC JTM) KAMPUS KOTA BHARU,PROSES KIMPALAN ARKA LOGAM BERPERISAI,C259-008-3:2022,Program Penuh - Persijilan Mengikut Tahap,SKM Tahap 3,Aktif,"PENGKALAN CHEPA, 16100 KOTA BHARU, KELANTAN",09-7742315,zaid@jtm.gov.my,185,False,False
KELANTAN,K01008,KOLEJ TEKNOLOGI TERMAJU JABATAN TENAGA MANUSIA (ADTEC JTM) KAMPUS KOTA BHARU,Pemasangan & Penyelenggaraan Elektrik-Tiga Fasa,EE-320-3:2012,Program Penuh - Persijilan Tahap Tunggal,SKM Tahap 3,Sekat Pengambilan,"PENGKALAN CHEPA, 16100 KOTA BHARU, KELANTAN",09-7742315,zaid@jtm.gov.my,185,False,False
KELANTAN,K01008,KOLEJ TEKNOLOGI TERMAJU JABATAN TENAGA MANUSIA (ADTEC JTM) KAMPUS KOTA BHARU,Pemasangan dan Penyelenggaraan Elektrik Tiga Fasa,F432-005-3:2019,Program Penuh - Persijilan Tahap Tunggal,SKM Tahap 3,Aktif,"PENGKALAN CHEPA, 16100 KOTA BHARU, KELANTAN",09-7742315,zaid@jtm.gov.my,185,False,False
KELANTAN,K01008,KOLEJ TEKNOLOGI TERMAJU JABATAN TENAGA MANUSIA (ADTEC JTM) KAMPUS KOTA BHARU,"Pemasangan dan Penyelenggaraan Tiga Fasa Pemanasan, Pengudaraan, Penyamanan Udara dan Penyejukbekuan (HVAC&R)",F432-008-3:2021,Program Penuh - Persijilan Mengikut Tahap,SKM Tahap 3,Aktif,"PENGKALAN CHEPA, 16100 KOTA BHARU, KELANTAN",09-7742315,zaid@jtm.gov.my,185,False,False
KELANTAN,K01008,KOLEJ TEKNOLOGI TERMAJU JABATAN TENAGA MANUSIA (ADTEC JTM) KAMPUS KOTA BHARU,"Pemasangan dan Penyelenggaraan Tiga Fasa Pemanasan, Pengudaraan, Penyamanan Udara dan Penyejukbekuan (HVAC&R)",F432-008-3:2021,Program Micro Credential,SKM Tahap 3,Aktif,"PENGKALAN CHEPA, 16100 KOTA BHARU, KELANTAN",09-7742315,zaid@jtm.gov.my,185,False,False
KELANTAN,K01008,KOLEJ TEKNOLOGI TERMAJU JABATAN TENAGA MANUSIA (ADTEC JTM) KAMPUS KOTA BHARU,Penyelia Awam & Struktur,CVS3,Program Penuh - Persijilan Mengikut Tahap,SKM Tahap 3,Aktif,"PENGKALAN CHEPA, 16100 KOTA BHARU, KELANTAN",09-7742315,zaid@jtm.gov.my,185,False,False
KELANTAN,K01008,KOLEJ TEKNOLOGI TERMAJU JABATAN TENAGA MANUSIA (ADTEC JTM) KAMPUS KOTA BHARU,Penyeliaan Pemasangan & Penyelenggaraan HVAC,ME-020-3:2012,Program Penuh - Persijilan Tahap Tunggal,SKM Tahap 3,Sekat Pengambilan,"PENGKALAN CHEPA, 16100 KOTA BHARU, KELANTAN",09-7742315,zaid@jtm.gov.my,185,False,False
KELANTAN,K01008,KOLEJ TEKNOLOGI TERMAJU JABATAN TENAGA MANUSIA (ADTEC JTM) KAMPUS KOTA BHARU,Proses Kimpalan Arka Kepingan Logam,MC-024-3:2012,Program Penuh - Persijilan Mengikut Tahap,SKM Tahap 3,Sekat Pengambilan,"PENGKALAN CHEPA, 16100 KOTA BHARU, KELANTAN",09-7742315,zaid@jtm.gov.my,185,False,False
KELANTAN,K01008,KOLEJ TEKNOLOGI TERMAJU JABATAN TENAGA MANUSIA (ADTEC JTM) KAMPUS KOTA BHARU,SERVIS DIAGNOSTIK – KENDERAAN RINGAN,G452-002-3:2018,Program Penuh - Persijilan Tahap Tunggal,SKM Tahap 3,Aktif,"PENGKALAN CHEPA, 16100 KOTA BHARU, KELANTAN",09-7742315,zaid@jtm.gov.my,185,False,False
KELANTAN,K05100,KOLEJ VOKASIONAL BACHOK,OPERASI SENI KULINARI,I561-005-3:2022,Program Penuh - Persijilan Tahap Tunggal,SKM Tahap 3,Aktif,"PERSIARAN TAN SRI MOHAMAED YAACOB 16300 BACHOK, KELANTAN",09-7783834 / 09,kvbachok@gmail.com,1584,False,False
KELANTAN,K05100,KOLEJ VOKASIONAL BACHOK,Pembuatan Pakaian Wanita,TA-011-3:2012,Program Penuh - Persijilan Tahap Tunggal,SKM Tahap 3,Aktif,"PERSIARAN TAN SRI MOHAMAED YAACOB 16300 BACHOK, KELANTAN",09-7783834 / 09,kvbachok@gmail.com,1584,False,False
KELANTAN,K05100,KOLEJ VOKASIONAL BACHOK,Pentadbiran Pejabat,N821-001-3:2020,Program Penuh - Persijilan Mengikut Tahap,SKM Tahap 3,Aktif,"PERSIARAN TAN SRI MOHAMAED YAACOB 16300 BACHOK, KELANTAN",09-7783834 / 09,kvbachok@gmail.com,1584,False,False
KELANTAN,K05100,KOLEJ VOKASIONAL BACHOK,Penyediaan & Pembuatan Makanan,HT-012-3:2012,Program Penuh - Persijilan Tahap Tunggal,SKM Tahap 3,Aktif,"PERSIARAN TAN SRI MOHAMAED YAACOB 16300 BACHOK, KELANTAN",09-7783834 / 09,kvbachok@gmail.com,1584,False,False
KELANTAN,K05100,KOLEJ VOKASIONAL BACHOK,Penyediaan & Pembuatan Makanan,HT-012-2:2012,Program Penuh - Persijilan Mengikut Tahap,SKM Tahap 2,Sekat Pengambilan,"PERSIARAN TAN SRI MOHAMAED YAACOB 16300 BACHOK, KELANTAN",09-7783834 / 09,kvbachok@gmail.com,1584,False,False
KELANTAN,K05100,KOLEJ VOKASIONAL BACHOK,Penyeliaan Pengurusan Pejabat,FB-024-3:2012,Program Penuh - Persijilan Tahap Tunggal,SKM Tahap 3,Sekat Pengambilan,"PERSIARAN TAN SRI MOHAMAED YAACOB 16300 BACHOK, KELANTAN",09-7783834 / 09,kvbachok@gmail.com,1584,False,False
KELANTAN,K05100,KOLEJ VOKASIONAL BACHOK,Penyeliaan dan Pengesanan Kerosakan Komponen dan Papan Elektronik,C261-001-3:2020,Program Penuh - Persijilan Tahap Tunggal,SKM Tahap 3,Aktif,"PERSIARAN TAN SRI MOHAMAED YAACOB 16300 BACHOK, KELANTAN",09-7783834 / 09,kvbachok@gmail.com,1584,False,False
KELANTAN,K05100,KOLEJ VOKASIONAL BACHOK,Perkhidmatan Estetik,S960-002-3:2020,Program Penuh - Persijilan Tahap Tunggal,SKM Tahap 3,Aktif,"PERSIARAN TAN SRI MOHAMAED YAACOB 16300 BACHOK, KELANTAN",09-7783834 / 09,kvbachok@gmail.com,1584,False,False
KELANTAN,K05100,KOLEJ VOKASIONAL BACHOK,Perkhidmatan Terapi Estetik,MP-060-3:2013,Program Penuh - Persijilan Tahap Tunggal,SKM Tahap 3,Sekat Pengambilan,"PERSIARAN TAN SRI MOHAMAED YAACOB 16300 BACHOK, KELANTAN",09-7783834 / 09,kvbachok@gmail.com,1584,False,False
KELANTAN,K05100,KOLEJ VOKASIONAL BACHOK,"Troubleshooting, Pembaikpulihan & Penyelenggaraan Peralatan Elektronik",EE-021-3:2012,Program Penuh - Persijilan Tahap Tunggal,SKM Tahap 3,Sekat Pengambilan,"PERSIARAN TAN SRI MOHAMAED YAACOB 16300 BACHOK, KELANTAN",09-7783834 / 09,kvbachok@gmail.com,1584,False,False
KELANTAN,K05036,KOLEJ VOKASIONAL KUALA KRAI,3D- Operasi Sokongan Pengeluaran,IT-055-3:2013,Program Penuh - Persijilan Mengikut Tahap,SKM Tahap 3,Sekat Pengambilan,"18000 KUALA KRAI, KELANTAN DARUL NAIM",09-9602400,lisashalinaomar@yahoo.com,203,False,False
KELANTAN,K05036,KOLEJ VOKASIONAL KUALA KRAI,Automotif-Servis Selepas Jualan,TP-300-3:2013,Program Penuh - Persijilan Tahap Tunggal,SKM Tahap 3,Sekat Pengambilan,"18000 KUALA KRAI, KELANTAN DARUL NAIM",09-9602400,lisashalinaomar@yahoo.com,203,False,False
KELANTAN,K05036,KOLEJ VOKASIONAL KUALA KRAI,OPERASI PEMESINAN CNC,C259-006-3:2020,Program Penuh - Persijilan Tahap Tunggal,SKM Tahap 3,Aktif,"18000 KUALA KRAI, KELANTAN DARUL NAIM",09-9602400,lisashalinaomar@yahoo.com,203,False,False
KELANTAN,K05036,KOLEJ VOKASIONAL KUALA KRAI,Operasi Pemesinan,MC-050-3:2015,Program Penuh - Persijilan Tahap Tunggal,SKM Tahap 3,Sekat Pengambilan,"18000 KUALA KRAI, KELANTAN DARUL NAIM",09-9602400,lisashalinaomar@yahoo.com,203,False,False
KELANTAN,K05036,KOLEJ VOKASIONAL KUALA KRAI,PRODUKSI PERCETAKAN DIGITAL,C181-001-3:2023,Program Penuh - Persijilan Tahap Tunggal,SKM Tahap 3,Aktif,"18000 KUALA KRAI, KELANTAN DARUL NAIM",09-9602400,lisashalinaomar@yahoo.com,203,False,False
KELANTAN,K05036,KOLEJ VOKASIONAL KUALA KRAI,PROSES KIMPALAN ARKA LOGAM BERPERISAI,C259-008-3:2022,Program Penuh - Persijilan Mengikut Tahap,SKM Tahap 3,Aktif,"18000 KUALA KRAI, KELANTAN DARUL NAIM",09-9602400,lisashalinaomar@yahoo.com,203,False,False
KELANTAN,K05036,KOLEJ VOKASIONAL KUALA KRAI,Pemasangan & Penyelenggaraan Elektrik-Tiga Fasa,EE-320-3:2012,Program Penuh - Persijilan Tahap Tunggal,SKM Tahap 3,Sekat Pengambilan,"18000 KUALA KRAI, KELANTAN DARUL NAIM",09-9602400,lisashalinaomar@yahoo.com,203,False,False
KELANTAN,K05036,KOLEJ VOKASIONAL KUALA KRAI,Pemasangan dan Penyelenggaraan Elektrik Tiga Fasa,F432-005-3:2019,Program Penuh - Persijilan Tahap Tunggal,SKM Tahap 3,Aktif,"18000 KUALA KRAI, KELANTAN DARUL NAIM",09-9602400,lisashalinaomar@yahoo.com,203,False,False
KELANTAN,K05036,KOLEJ VOKASIONAL KUALA KRAI,"Pemasangan dan Penyelenggaraan Satu Fasa Penyamanan Udara, Pengudaraan, Pemanasan (HVAC)",F432-007-3:2020,Program Penuh - Persijilan Mengikut Tahap,SKM Tahap 3,Aktif,"18000 KUALA KRAI, KELANTAN DARUL NAIM",09-9602400,lisashalinaomar@yahoo.com,203,False,False
KELANTAN,K05036,KOLEJ VOKASIONAL KUALA KRAI,Pembinaan Bangunan Residensi,BC-030-3:2013,Program Penuh - Persijilan Mengikut Tahap,SKM Tahap 3,Sekat Pengambilan,"18000 KUALA KRAI, KELANTAN DARUL NAIM",09-9602400,lisashalinaomar@yahoo.com,203,False,False
KELANTAN,K05036,KOLEJ VOKASIONAL KUALA KRAI,Penyeliaan Operasi Pembinaan Bangunan,F410-001-3:2019,Program Penuh - Persijilan Tahap Tunggal,SKM Tahap 3,Aktif,"18000 KUALA KRAI, KELANTAN DARUL NAIM",09-9602400,lisashalinaomar@yahoo.com,203,False,False
KELANTAN,K05036,KOLEJ VOKASIONAL KUALA KRAI,Penyeliaan Pemasangan & Penyelenggaraan HVAC,ME-020-3:2012,Program Penuh - Persijilan Tahap Tunggal,SKM Tahap 3,Sekat Pengambilan,"18000 KUALA KRAI, KELANTAN DARUL NAIM",09-9602400,lisashalinaomar@yahoo.com,203,False,False
KELANTAN,K05036,KOLEJ VOKASIONAL KUALA KRAI,Penyeliaan dan Pengesanan Kerosakan Komponen dan Papan Elektronik,C261-001-3:2020,Program Penuh - Persijilan Tahap Tunggal,SKM Tahap 3,Aktif,"18000 KUALA KRAI, KELANTAN DARUL NAIM",09-9602400,lisashalinaomar@yahoo.com,203,False,False
KELANTAN,K05036,KOLEJ VOKASIONAL KUALA KRAI,Perkhidmatan Rangkaian Komputer,IT-030-3:2013,Program Penuh - Persijilan Mengikut Tahap,SKM Tahap 3,Sekat Pengambilan,"18000 KUALA KRAI, KELANTAN DARUL NAIM",09-9602400,lisashalinaomar@yahoo.com,203,False,False
KELANTAN,K05036,KOLEJ VOKASIONAL KUALA KRAI,Proses Kimpalan Arka Kepingan Logam,MC-024-3:2012,Program Penuh - Persijilan Mengikut Tahap,SKM Tahap 3,Sekat Pengambilan,"18000 KUALA KRAI, KELANTAN DARUL NAIM",09-9602400,lisashalinaomar@yahoo.com,203,False,False
KELANTAN,K05036,KOLEJ VOKASIONAL KUALA KRAI,Rekaan Grafik,PR-024-3:2012,Program Penuh - Persijilan Tahap Tunggal,SKM Tahap 3,Sekat Pengambilan,"18000 KUALA KRAI, KELANTAN DARUL NAIM",09-9602400,lisashalinaomar@yahoo.com,203,False,False
KELANTAN,K05036,KOLEJ VOKASIONAL KUALA KRAI,SERVIS DIAGNOSTIK – KENDERAAN RINGAN,G452-002-3:2018,Program Penuh - Persijilan Tahap Tunggal,SKM Tahap 3,Aktif,"18000 KUALA KRAI, KELANTAN DARUL NAIM",09-9602400,lisashalinaomar@yahoo.com,203,False,False
KELANTAN,K05036,KOLEJ VOKASIONAL KUALA KRAI,"Troubleshooting, Pembaikpulihan & Penyelenggaraan Peralatan Elektronik",EE-021-3:2012,Program Penuh - Persijilan Tahap Tunggal,SKM Tahap 3,Sekat Pengambilan,"18000 KUALA KRAI, KELANTAN DARUL NAIM",09-9602400,lisashalinaomar@yahoo.com,203,False,False
KELANTAN,K05084,KOLEJ VOKASIONAL PASIR MAS,Operasi Jualan & Pemasaran,FB-018-3:2012,Program Penuh - Persijilan Mengikut Tahap,SKM Tahap 3,Sekat Pengambilan,"JALAN TENDONG-BUNUT SUSU, 17020 PASIR MAS, KELANTAN",09-7198622,dha3002@moe.edu.my,205,False,False
KELANTAN,K05084,KOLEJ VOKASIONAL PASIR MAS,Operasi Peruncitan (Jabatan),DT-010-3:2014,Program Penuh - Persijilan Mengikut Tahap,SKM Tahap 3,Sekat Pengambilan,"JALAN TENDONG-BUNUT SUSU, 17020 PASIR MAS, KELANTAN",09-7198622,dha3002@moe.edu.my,205,False,False
KELANTAN,K05084,KOLEJ VOKASIONAL PASIR MAS,Pentadbiran Pejabat,N821-001-3:2020,Program Penuh - Persijilan Mengikut Tahap,SKM Tahap 3,Aktif,"JALAN TENDONG-BUNUT SUSU, 17020 PASIR MAS, KELANTAN",09-7198622,dha3002@moe.edu.my,205,False,False
KELANTAN,K05084,KOLEJ VOKASIONAL PASIR MAS,Penyeliaan Pengurusan Pejabat,FB-024-3:2012,Program Penuh - Persijilan Tahap Tunggal,SKM Tahap 3,Sekat Pengambilan,"JALAN TENDONG-BUNUT SUSU, 17020 PASIR MAS, KELANTAN",09-7198622,dha3002@moe.edu.my,205,False,False
KELANTAN,K05084,KOLEJ VOKASIONAL PASIR MAS,Perkhidmatan Rangkaian Komputer,IT-030-3:2013,Program Penuh - Persijilan Mengikut Tahap,SKM Tahap 3,Sekat Pengambilan,"JALAN TENDONG-BUNUT SUSU, 17020 PASIR MAS, KELANTAN",09-7198622,dha3002@moe.edu.my,205,False,False
KELANTAN,K05084,KOLEJ VOKASIONAL PASIR MAS,Setiausaha Korporat Eksekutif,FB-025-3:2012,Program Penuh - Persijilan Mengikut Tahap,SKM Tahap 3,Sekat Pengambilan,"JALAN TENDONG-BUNUT SUSU, 17020 PASIR MAS, KELANTAN",09-7198622,dha3002@moe.edu.my,205,False,False
KELANTAN,K05106,KOLEJ VOKASIONAL PASIR PUTEH,OPERASI PENGELUARAN TANAMAN,A016-001-3:2016,Program Penuh - Persijilan Mengikut Tahap,SKM Tahap 3,Sekat Pengambilan,"JALAN PASIR PUTEH - SEMERAK 16800 PASIR PUTEH, KELANTAN.",097860517,dha4001@moe.edu.my,8964,False,False
KELANTAN,K05106,KOLEJ VOKASIONAL PASIR PUTEH,Operasi Ladang Poltri,AF-071-3:2015,Program Penuh - Persijilan Mengikut Tahap,SKM Tahap 3,Sekat Pengambilan,"JALAN PASIR PUTEH - SEMERAK 16800 PASIR PUTEH, KELANTAN.",097860517,dha4001@moe.edu.my,8964,False,False
KELANTAN,K05106,KOLEJ VOKASIONAL PASIR PUTEH,PENYELIAAN LADANG RUMINAN,A014-001-3:2019,Program Penuh - Persijilan Tahap Tunggal,SKM Tahap 3,Aktif,"JALAN PASIR PUTEH - SEMERAK 16800 PASIR PUTEH, KELANTAN.",097860517,dha4001@moe.edu.my,8964,False,False
KELANTAN,K05106,KOLEJ VOKASIONAL PASIR PUTEH,Penyelia Ladang Ruminan,AF-060-3,Program Penuh - Persijilan Tahap Tunggal,SKM Tahap 3,Sekat Pengambilan,"JALAN PASIR PUTEH - SEMERAK 16800 PASIR PUTEH, KELANTAN.",097860517,dha4001@moe.edu.my,8964,False,False
KELANTAN,K05106,KOLEJ VOKASIONAL PASIR PUTEH,Perakaunan,FB-100-3:2012,Program Penuh - Persijilan Mengikut Tahap,SKM Tahap 3,Sekat Pengambilan,"JALAN PASIR PUTEH - SEMERAK 16800 PASIR PUTEH, KELANTAN.",097860517,dha4001@moe.edu.my,8964,False,False
KELANTAN,K05035,KOLEJ VOKASIONAL PENGKALAN CHEPA,Automotif-Servis Selepas Jualan,TP-300-3:2013,Program Penuh - Persijilan Tahap Tunggal,SKM Tahap 3,Sekat Pengambilan,PENGKALAN CHEPA 16100 KOTA BHARU KELANTAN,09-7738382,kolejvokasionalpengkalanchepa@gmail.com,202,False,False
KELANTAN,K05035,KOLEJ VOKASIONAL PENGKALAN CHEPA,OPERASI PEMESINAN CNC,C259-006-3:2020,Program Penuh - Persijilan Tahap Tunggal,SKM Tahap 3,Aktif,PENGKALAN CHEPA 16100 KOTA BHARU KELANTAN,09-7738382,kolejvokasionalpengkalanchepa@gmail.com,202,False,False
KELANTAN,K05035,KOLEJ VOKASIONAL PENGKALAN CHEPA,Operasi Pemesinan,MC-050-3:2015,Program Penuh - Persijilan Tahap Tunggal,SKM Tahap 3,Sekat Pengambilan,PENGKALAN CHEPA 16100 KOTA BHARU KELANTAN,09-7738382,kolejvokasionalpengkalanchepa@gmail.com,202,False,False
KELANTAN,K05035,KOLEJ VOKASIONAL PENGKALAN CHEPA,PROSES KIMPALAN ARKA LOGAM BERPERISAI,C259-008-3:2022,Program Penuh - Persijilan Mengikut Tahap,SKM Tahap 3,Aktif,PENGKALAN CHEPA 16100 KOTA BHARU KELANTAN,09-7738382,kolejvokasionalpengkalanchepa@gmail.com,202,False,False
KELANTAN,K05035,KOLEJ VOKASIONAL PENGKALAN CHEPA,Pemasangan & Penyelenggaraan Elektrik-Tiga Fasa,EE-320-3:2012,Program Penuh - Persijilan Tahap Tunggal,SKM Tahap 3,Sekat Pengambilan,PENGKALAN CHEPA 16100 KOTA BHARU KELANTAN,09-7738382,kolejvokasionalpengkalanchepa@gmail.com,202,False,False
KELANTAN,K05035,KOLEJ VOKASIONAL PENGKALAN CHEPA,Pemasangan dan Penyelenggaraan Elektrik Tiga Fasa,F432-005-3:2019,Program Penuh - Persijilan Tahap Tunggal,SKM Tahap 3,Aktif,PENGKALAN CHEPA 16100 KOTA BHARU KELANTAN,09-7738382,kolejvokasionalpengkalanchepa@gmail.com,202,False,False
KELANTAN,K05035,KOLEJ VOKASIONAL PENGKALAN CHEPA,Pembinaan Bangunan Residensi,BC-030-3:2013,Program Penuh - Persijilan Mengikut Tahap,SKM Tahap 3,Aktif,PENGKALAN CHEPA 16100 KOTA BHARU KELANTAN,09-7738382,kolejvokasionalpengkalanchepa@gmail.com,202,False,False
KELANTAN,K05035,KOLEJ VOKASIONAL PENGKALAN CHEPA,Pentadbiran Pejabat,N821-001-3:2020,Program Penuh - Persijilan Mengikut Tahap,SKM Tahap 3,Aktif,PENGKALAN CHEPA 16100 KOTA BHARU KELANTAN,09-7738382,kolejvokasionalpengkalanchepa@gmail.com,202,False,False
KELANTAN,K05035,KOLEJ VOKASIONAL PENGKALAN CHEPA,Penyeliaan Pengurusan Pejabat,FB-024-3:2012,Program Penuh - Persijilan Tahap Tunggal,SKM Tahap 3,Sekat Pengambilan,PENGKALAN CHEPA 16100 KOTA BHARU KELANTAN,09-7738382,kolejvokasionalpengkalanchepa@gmail.com,202,False,False
KELANTAN,K05035,KOLEJ VOKASIONAL PENGKALAN CHEPA,Penyeliaan dan Pengesanan Kerosakan Komponen dan Papan Elektronik,C261-001-3:2020,Program Penuh - Persijilan Tahap Tunggal,SKM Tahap 3,Aktif,PENGKALAN CHEPA 16100 KOTA BHARU KELANTAN,09-7738382,kolejvokasionalpengkalanchepa@gmail.com,202,False,False
KELANTAN,K05035,KOLEJ VOKASIONAL PENGKALAN CHEPA,Proses Kimpalan Arka Kepingan Logam,MC-024-3:2012,Program Penuh - Persijilan Mengikut Tahap,SKM Tahap 3,Sekat Pengambilan,PENGKALAN CHEPA 16100 KOTA BHARU KELANTAN,09-7738382,kolejvokasionalpengkalanchepa@gmail.com,202,False,False
KELANTAN,K05035,KOLEJ VOKASIONAL PENGKALAN CHEPA,SERVIS DIAGNOSTIK – KENDERAAN RINGAN,G452-002-3:2018,Program Penuh - Persijilan Tahap Tunggal,SKM Tahap 3,Aktif,PENGKALAN CHEPA 16100 KOTA BHARU KELANTAN,09-7738382,kolejvokasionalpengkalanchepa@gmail.com,202,False,False
KELANTAN,K05035,KOLEJ VOKASIONAL PENGKALAN CHEPA,Setiausaha Korporat Eksekutif,FB-025-3:2012,Program Penuh - Persijilan Mengikut Tahap,SKM Tahap 3,Aktif,PENGKALAN CHEPA 16100 KOTA BHARU KELANTAN,09-7738382,kolejvokasionalpengkalanchepa@gmail.com,202,False,False
KELANTAN,K05035,KOLEJ VOKASIONAL PENGKALAN CHEPA,"Troubleshooting, Pembaikpulihan & Penyelenggaraan Peralatan Elektronik",EE-021-3:2012,Program Penuh - Persijilan Tahap Tunggal,SKM Tahap 3,Sekat Pengambilan,PENGKALAN CHEPA 16100 KOTA BHARU KELANTAN,09-7738382,kolejvokasionalpengkalanchepa@gmail.com,202,False,False
KELANTAN,K05058,KOLEJ VOKASIONAL TANAH MERAH,Automotif-Servis Selepas Jualan,TP-300-3:2013,Program Penuh - Persijilan Tahap Tunggal,SKM Tahap 3,Sekat Pengambilan,"KM3 JALAN TANAH MERAH, MACHANG, 17500 TANAH MERAH, KELANTAN",09-9502250,kvtmerah@gmail.com,204,False,False
KELANTAN,K05058,KOLEJ VOKASIONAL TANAH MERAH,OPERASI SENI KULINARI,I561-005-3:2022,Program Penuh - Persijilan Tahap Tunggal,SKM Tahap 3,Aktif,"KM3 JALAN TANAH MERAH, MACHANG, 17500 TANAH MERAH, KELANTAN",09-9502250,kvtmerah@gmail.com,204,False,False
KELANTAN,K05058,KOLEJ VOKASIONAL TANAH MERAH,OPERASI TEKNIKAL PAKAIAN WANITA,C141-005-3:2021,Program Penuh - Persijilan Tahap Tunggal,SKM Tahap 3,Aktif,"KM3 JALAN TANAH MERAH, MACHANG, 17500 TANAH MERAH, KELANTAN",09-9502250,kvtmerah@gmail.com,204,False,False
KELANTAN,K05058,KOLEJ VOKASIONAL TANAH MERAH,Operasi Pemesinan,MC-050-2:2012,Program Penuh - Persijilan Mengikut Tahap,SKM Tahap 2,Aktif,"KM3 JALAN TANAH MERAH, MACHANG, 17500 TANAH MERAH, KELANTAN",09-9502250,kvtmerah@gmail.com,204,False,False
KELANTAN,K05058,KOLEJ VOKASIONAL TANAH MERAH,PROSES KIMPALAN ARKA LOGAM BERPERISAI,C259-008-3:2022,Program Penuh - Persijilan Mengikut Tahap,SKM Tahap 3,Aktif,"KM3 JALAN TANAH MERAH, MACHANG, 17500 TANAH MERAH, KELANTAN",09-9502250,kvtmerah@gmail.com,204,False,False
KELANTAN,K05058,KOLEJ VOKASIONAL TANAH MERAH,Pemasangan & Penyelenggaraan Elektrik-Tiga Fasa,EE-320-3:2012,Program Penuh - Persijilan Tahap Tunggal,SKM Tahap 3,Sekat Pengambilan,"KM3 JALAN TANAH MERAH, MACHANG, 17500 TANAH MERAH, KELANTAN",09-9502250,kvtmerah@gmail.com,204,False,False
KELANTAN,K05058,KOLEJ VOKASIONAL TANAH MERAH,Pemasangan & Troubleshooting Peralatan Elektronik,EE-021-2:2012,Program Penuh - Persijilan Mengikut Tahap,SKM Tahap 2,Aktif,"KM3 JALAN TANAH MERAH, MACHANG, 17500 TANAH MERAH, KELANTAN",09-9502250,kvtmerah@gmail.com,204,False,False
KELANTAN,K05058,KOLEJ VOKASIONAL TANAH MERAH,Pemasangan dan Penyelenggaraan Elektrik Tiga Fasa,F432-005-3:2019,Program Penuh - Persijilan Tahap Tunggal,SKM Tahap 3,Aktif,"KM3 JALAN TANAH MERAH, MACHANG, 17500 TANAH MERAH, KELANTAN",09-9502250,kvtmerah@gmail.com,204,False,False
KELANTAN,K05058,KOLEJ VOKASIONAL TANAH MERAH,"Pemasangan dan Penyelenggaraan Satu Fasa Penyamanan Udara, Pengudaraan, Pemanasan (HVAC)",F432-007-3:2020,Program Penuh - Persijilan Mengikut Tahap,SKM Tahap 3,Aktif,"KM3 JALAN TANAH MERAH, MACHANG, 17500 TANAH MERAH, KELANTAN",09-9502250,kvtmerah@gmail.com,204,False,False
KELANTAN,K05058,KOLEJ VOKASIONAL TANAH MERAH,Pembinaan Bangunan Residensi,BC-030-3:2013,Program Penuh - Persijilan Mengikut Tahap,SKM Tahap 3,Sekat Pengambilan,"KM3 JALAN TANAH MERAH, MACHANG, 17500 TANAH MERAH, KELANTAN",09-9502250,kvtmerah@gmail.com,204,False,False
KELANTAN,K05058,KOLEJ VOKASIONAL TANAH MERAH,Pembuatan Pakaian Wanita,TA-011-3:2012,Program Penuh - Persijilan Tahap Tunggal,SKM Tahap 3,Aktif,"KM3 JALAN TANAH MERAH, MACHANG, 17500 TANAH MERAH, KELANTAN",09-9502250,kvtmerah@gmail.com,204,False,False
KELANTAN,K05058,KOLEJ VOKASIONAL TANAH MERAH,Pembuatan Pastri,HT-014-3:2011,Program Penuh - Persijilan Tahap Tunggal,SKM Tahap 3,Sekat Pengambilan,"KM3 JALAN TANAH MERAH, MACHANG, 17500 TANAH MERAH, KELANTAN",09-9502250,kvtmerah@gmail.com,204,False,False
KELANTAN,K05058,KOLEJ VOKASIONAL TANAH MERAH,Pendidikan & Penjagaan Awal Kanak-Kanak,CC-011-3:2012,Program Penuh - Persijilan Mengikut Tahap,SKM Tahap 3,Sekat Pengambilan,"KM3 JALAN TANAH MERAH, MACHANG, 17500 TANAH MERAH, KELANTAN",09-9502250,kvtmerah@gmail.com,204,False,False
KELANTAN,K05058,KOLEJ VOKASIONAL TANAH MERAH,Pengasuhan dan Pendidikan Awal Kanak-Kanak,T982-001-3:2017,Program Penuh - Persijilan Mengikut Tahap,SKM Tahap 3,Aktif,"KM3 JALAN TANAH MERAH, MACHANG, 17500 TANAH MERAH, KELANTAN",09-9502250,kvtmerah@gmail.com,204,False,False
KELANTAN,K05058,KOLEJ VOKASIONAL TANAH MERAH,Penyediaan & Pembuatan Makanan,HT-012-3:2012,Program Penuh - Persijilan Tahap Tunggal,SKM Tahap 3,Sekat Pengambilan,"KM3 JALAN TANAH MERAH, MACHANG, 17500 TANAH MERAH, KELANTAN",09-9502250,kvtmerah@gmail.com,204,False,False
KELANTAN,K05058,KOLEJ VOKASIONAL TANAH MERAH,Penyeliaan Operasi Pembinaan Bangunan,F410-001-3:2019,Program Penuh - Persijilan Tahap Tunggal,SKM Tahap 3,Aktif,"KM3 JALAN TANAH MERAH, MACHANG, 17500 TANAH MERAH, KELANTAN",09-9502250,kvtmerah@gmail.com,204,False,False
KELANTAN,K05058,KOLEJ VOKASIONAL TANAH MERAH,Penyeliaan Pemasangan & Penyelenggaraan HVAC,ME-020-3:2012,Program Penuh - Persijilan Tahap Tunggal,SKM Tahap 3,Sekat Pengambilan,"KM3 JALAN TANAH MERAH, MACHANG, 17500 TANAH MERAH, KELANTAN",09-9502250,kvtmerah@gmail.com,204,False,False
KELANTAN,K05058,KOLEJ VOKASIONAL TANAH MERAH,Perkhidmatan Estetik,S960-002-3:2020,Program Penuh - Persijilan Tahap Tunggal,SKM Tahap 3,Aktif,"KM3 JALAN TANAH MERAH, MACHANG, 17500 TANAH MERAH, KELANTAN",09-9502250,kvtmerah@gmail.com,204,False,False
KELANTAN,K05058,KOLEJ VOKASIONAL TANAH MERAH,Perkhidmatan Terapi Estetik,MP-060-3:2013,Program Penuh - Persijilan Tahap Tunggal,SKM Tahap 3,Sekat Pengambilan,"KM3 JALAN TANAH MERAH, MACHANG, 17500 TANAH MERAH, KELANTAN",09-9502250,kvtmerah@gmail.com,204,False,False
KELANTAN,K05058,KOLEJ VOKASIONAL TANAH MERAH,Proses Kimpalan Arka Kepingan Logam,MC-024-3:2012,Program Penuh - Persijilan Mengikut Tahap,SKM Tahap 3,Sekat Pengambilan,"KM3 JALAN TANAH MERAH, MACHANG, 17500 TANAH MERAH, KELANTAN",09-9502250,kvtmerah@gmail.com,204,False,False
KELANTAN,K05058,KOLEJ VOKASIONAL TANAH MERAH,SERVIS DIAGNOSTIK – KENDERAAN RINGAN,G452-002-3:2018,Program Penuh - Persijilan Tahap Tunggal,SKM Tahap 3,Aktif,"KM3 JALAN TANAH MERAH, MACHANG, 17500 TANAH MERAH, KELANTAN",09-9502250,kvtmerah@gmail.com,204,False,False
KELANTAN,K21005,POLITEKNIK JELI KELANTAN,PEMATUHAN HIJAU,Z-050,Program Penuh - Persijilan Mengikut Tahap,Tiada Tahap,Aktif,Jalan Raya Timur-Barat 17600 Jeli Kelantan.,09-944 3600,admin@pjk.edu.my,11215,False,False
KELANTAN,K21007,POLITEKNIK KOTA BHARU,PEMATUHAN HIJAU,Z-050,Program Penuh - Persijilan Mengikut Tahap,Tiada Tahap,Aktif,"KM 24, KOK LANAS, 16450, KETEREH, KELANTAN",09-7889126,i@pkb.edu.my,11822,False,False
KELANTAN,K05690,SEK MEN KEBANGSAAN TENGKU INDRA PETRA,Pembuatan Roti,HT-013-2:2011,Program Micro Credential,SKM Tahap 2,Aktif,"JALAN PULAI LAMA 18300, GUA MUSANG",099121663,dea8001@moe.edu.my,13002,False,False
KELANTAN,K05397,SEKOLAH MENENGAH KEBANGSAAN ABDUL SAMAD,PEMBUATAN PASTRI,HT-014-2:2011,Program Micro Credential,SKM Tahap 2,Aktif,"16600 PULAI CHONDONG, KELANTAN",09-7878373,SMKASPC@GMAIL.COM,7323,False,False
KELANTAN,K05397,SEKOLAH MENENGAH KEBANGSAAN ABDUL SAMAD,Pembuatan Pakaian Wanita,TA-011-2:2012,Program Penuh - Persijilan Tahap Tunggal,SKM Tahap 2,Aktif,"16600 PULAI CHONDONG, KELANTAN",09-7878373,SMKASPC@GMAIL.COM,7323,False,False
KELANTAN,K05367,SEKOLAH MENENGAH KEBANGSAAN ALOR PASIR,Pembuatan Pakaian Wanita,TA-011-2:2012,Program Penuh - Persijilan Tahap Tunggal,SKM Tahap 2,Aktif,17050 TANAH MERAH,09-9775210,SMKAPASIR@GMAIL.COM,1765,False,False
KELANTAN,K05781,SEKOLAH MENENGAH KEBANGSAAN AYER LANAS,Pembuatan Roti,HT-013-2:2011,Program Micro Credential,SKM Tahap 2,Aktif,"SMK AYER LANAS KM 40, JALAN JELI-TANAH MERAH, 17700 AYER LANAS KELANTAN DARUL NAIM",099468234,smkalanas@gmail.com,13517,False,False
KELANTAN,K05928,SEKOLAH MENENGAH KEBANGSAAN BACHOK,Penyediaan & Pembuatan Makanan,HT-012-2:2012,Program Micro Credential,SKM Tahap 2,Aktif,"SEKOLAH MENENGAH KEBANGSAAN BACHOK, 16300 BACHOK, KELANTAN",097788255,smkbachok@gmail.com,16808,False,False
KELANTAN,K05929,SEKOLAH MENENGAH KEBANGSAAN BANDAR CHIKU,Penyediaan & Pembuatan Makanan,HT-012-2:2012,Program Micro Credential,SKM Tahap 2,Aktif,SMK BANDAR CHIKU,099285335,dea8002@moe.edu.my,16809,False,False
KELANTAN,K05547,SEKOLAH MENENGAH KEBANGSAAN BUNUT SUSU,Automotif-Servis Selepas Jualan,TP-300-2:2013,Program Penuh - Persijilan Mengikut Tahap,SKM Tahap 2,Sekat Pengambilan,KAMPUNG BUNUT SUSU 17020 PASIR MAS KELANTAN,097198522,DEA3239@moe.edu.my,12389,False,False
KELANTAN,K05547,SEKOLAH MENENGAH KEBANGSAAN BUNUT SUSU,PERKHIDMATAN PEMBAIKAN – KENDERAAN RINGAN,G452-002-2:2018,Program Penuh - Persijilan Mengikut Tahap,SKM Tahap 2,Aktif,KAMPUNG BUNUT SUSU 17020 PASIR MAS KELANTAN,097198522,DEA3239@moe.edu.my,12389,False,False
KELANTAN,K05352,SEKOLAH MENENGAH KEBANGSAAN CHABANG EMPAT,Pemasangan & Penyelenggaraan Elektrik-Satu Fasa,EE-320-2:2012,Program Penuh - Persijilan Mengikut Tahap,SKM Tahap 2,Sekat Pengambilan,16210 TUMPAT,09-7258689,CHABANG4@YAHOO.COM,1746,False,False
KELANTAN,K05352,SEKOLAH MENENGAH KEBANGSAAN CHABANG EMPAT,Pemasangan dan Penyelenggaraan Elektrik Satu Fasa,F432-005-2:2019,Program Penuh - Persijilan Mengikut Tahap,SKM Tahap 2,Aktif,16210 TUMPAT,09-7258689,CHABANG4@YAHOO.COM,1746,False,False
KELANTAN,K05518,SEKOLAH MENENGAH KEBANGSAAN CHETOK,Juruteknik Tanaman,AF-010-2,Program Penuh - Persijilan Tahap Tunggal,SKM Tahap 2,Sekat Pengambilan,"17060 PASIR MAS, KELANTAN.",09-7941743,sekolah-3230@moe-dl.edu.my,10091,False,False
KELANTAN,K05518,SEKOLAH MENENGAH KEBANGSAAN CHETOK,OPERASI PENGELUARAN TANAMAN,A016-001-3:2016,Program Penuh - Persijilan Mengikut Tahap,SKM Tahap 3,Aktif,"17060 PASIR MAS, KELANTAN.",09-7941743,sekolah-3230@moe-dl.edu.my,10091,False,False
KELANTAN,K05518,SEKOLAH MENENGAH KEBANGSAAN CHETOK,Pembuatan Roti,HT-013-2:2011,Program Micro Credential,SKM Tahap 2,Aktif,"17060 PASIR MAS, KELANTAN.",09-7941743,sekolah-3230@moe-dl.edu.my,10091,False,False
KELANTAN,K05667,SEKOLAH MENENGAH KEBANGSAAN DEWAN BETA,Juruteknik Tanaman,AF-010-2,Program Penuh - Persijilan Tahap Tunggal,SKM Tahap 2,Sekat Pengambilan,"JLN DEWAN BETA, 15100 KOTA BHARU, KELANTAN",097125501,dea1138@moe.edu.my,208,False,False
KELANTAN,K05667,SEKOLAH MENENGAH KEBANGSAAN DEWAN BETA,OPERASI PENGELUARAN TANAMAN,A016-001-3:2016,Program Penuh - Persijilan Mengikut Tahap,SKM Tahap 3,Aktif,"JLN DEWAN BETA, 15100 KOTA BHARU, KELANTAN",097125501,dea1138@moe.edu.my,208,False,False
KELANTAN,K05667,SEKOLAH MENENGAH KEBANGSAAN DEWAN BETA,Penyediaan & Pembuatan Makanan,HT-012-2:2012,Program Micro Credential,SKM Tahap 2,Aktif,"JLN DEWAN BETA, 15100 KOTA BHARU, KELANTAN",097125501,dea1138@moe.edu.my,208,False,False
KELANTAN,K05364,SEKOLAH MENENGAH KEBANGSAAN GETING,OPERASI PENGELUARAN TANAMAN,A016-001-3:2016,Program Micro Credential,SKM Tahap 3,Aktif,"16080 PENGKALAN KUBOR, TUMPAT",09-7211169,dea6363@moe.edu.my,1762,False,False
KELANTAN,K05364,SEKOLAH MENENGAH KEBANGSAAN GETING,Pemasangan & Penyelenggaraan Elektrik-Satu Fasa,EE-320-2:2012,Program Penuh - Persijilan Mengikut Tahap,SKM Tahap 2,Sekat Pengambilan,"16080 PENGKALAN KUBOR, TUMPAT",09-7211169,dea6363@moe.edu.my,1762,False,False
KELANTAN,K05364,SEKOLAH MENENGAH KEBANGSAAN GETING,Pemasangan dan Penyelenggaraan Elektrik Satu Fasa,F432-005-2:2019,Program Penuh - Persijilan Mengikut Tahap,SKM Tahap 2,Aktif,"16080 PENGKALAN KUBOR, TUMPAT",09-7211169,dea6363@moe.edu.my,1762,False,False
KELANTAN,K05377,SEKOLAH MENENGAH KEBANGSAAN GUAL PERIOK,Pembuatan Pakaian Wanita,TA-011-2:2012,Program Penuh - Persijilan Tahap Tunggal,SKM Tahap 2,Aktif,"17200 RANTAU PANJANG, KELANTAN",09-7963752,Smkgprp@gmail.com,1799,False,False
KELANTAN,K05545,SEKOLAH MENENGAH KEBANGSAAN IPOH,Pemasangan & Penyelenggaraan Elektrik-Satu Fasa,EE-320-2:2012,Program Penuh - Persijilan Mengikut Tahap,SKM Tahap 2,Sekat Pengambilan,KAMPUNG GUAL IPOH 17500 TANAH MERAH,099502941,smkipoh@gmail.com,12392,False,False
KELANTAN,K05545,SEKOLAH MENENGAH KEBANGSAAN IPOH,Pemasangan dan Penyelenggaraan Elektrik Satu Fasa,F432-005-2:2019,Program Penuh - Persijilan Mengikut Tahap,SKM Tahap 2,Aktif,KAMPUNG GUAL IPOH 17500 TANAH MERAH,099502941,smkipoh@gmail.com,12392,False,False
KELANTAN,K05670,SEKOLAH MENENGAH KEBANGSAAN KADOK,OPERASI SENI KULINARI,I561-005-3:2022,Program Penuh - Persijilan Tahap Tunggal,SKM Tahap 3,Aktif,"KM16 JLN KUALA KRAI 16450 KOTA BHARU, KELANTAN",097123071,dea1124@moe.edu.my,211,False,False
KELANTAN,K05670,SEKOLAH MENENGAH KEBANGSAAN KADOK,PEMBUATAN PASTRI,HT-014-2:2011,Program Micro Credential,SKM Tahap 2,Aktif,"KM16 JLN KUALA KRAI 16450 KOTA BHARU, KELANTAN",097123071,dea1124@moe.edu.my,211,False,False
KELANTAN,K05670,SEKOLAH MENENGAH KEBANGSAAN KADOK,Penyediaan & Pembuatan Makanan,HT-012-2:2012,Program Penuh - Persijilan Mengikut Tahap,SKM Tahap 2,Aktif,"KM16 JLN KUALA KRAI 16450 KOTA BHARU, KELANTAN",097123071,dea1124@moe.edu.my,211,False,False
KELANTAN,K05483,SEKOLAH MENENGAH KEBANGSAAN KAMPONG LAUT,OPERASI SENI KULINARI,I561-005-3:2022,Program Penuh - Persijilan Tahap Tunggal,SKM Tahap 3,Aktif,"16040 PALEKBANG, TUMPAT, KELANTAN.",09-7196217,dea6359@gmail.com,8379,False,False
KELANTAN,K05483,SEKOLAH MENENGAH KEBANGSAAN KAMPONG LAUT,Penyediaan & Pembuatan Makanan,HT-012-2:2012,Program Penuh - Persijilan Mengikut Tahap,SKM Tahap 2,Aktif,"16040 PALEKBANG, TUMPAT, KELANTAN.",09-7196217,dea6359@gmail.com,8379,False,False
KELANTAN,K05409,SEKOLAH MENENGAH KEBANGSAAN KANDIS,Motosikal - Perkhidmatan Pembaikan,G454-001-2:2018,Program Penuh - Persijilan Tahap Tunggal,SKM Tahap 2,Aktif,"6310 BACHOK, KELANTAN",09-7787298,SMKKANDIS@GMAIL.COM,7311,False,False
KELANTAN,K05409,SEKOLAH MENENGAH KEBANGSAAN KANDIS,Servis & Penyelenggaraan Motosikal,TP-118-2:2012,Program Penuh - Persijilan Tahap Tunggal,SKM Tahap 2,Sekat Pengambilan,"6310 BACHOK, KELANTAN",09-7787298,SMKKANDIS@GMAIL.COM,7311,False,False
KELANTAN,K05406,SEKOLAH MENENGAH KEBANGSAAN KEDONDONG,Juruteknik Tanaman,AF-010-2,Program Penuh - Persijilan Tahap Tunggal,SKM Tahap 2,Sekat Pengambilan,"""17010 PASIR MAS, KELANTAN """,011-65733932,SMKKEDONDONG1@GMAIL.COM,7302,False,False
KELANTAN,K05406,SEKOLAH MENENGAH KEBANGSAAN KEDONDONG,OPERASI PENGELUARAN TANAMAN,A016-001-3:2016,Program Penuh - Persijilan Mengikut Tahap,SKM Tahap 3,Aktif,"""17010 PASIR MAS, KELANTAN """,011-65733932,SMKKEDONDONG1@GMAIL.COM,7302,False,False
KELANTAN,K05374,SEKOLAH MENENGAH KEBANGSAAN KEMAHANG,Pembuatan Pakaian Wanita,TA-011-2:2012,Program Penuh - Persijilan Tahap Tunggal,SKM Tahap 2,Aktif,"17510 TANAH MERAH , KELANTAN",09-9581092,dea5420@moe.edu.my,1796,False,False
KELANTAN,K05492,SEKOLAH MENENGAH KEBANGSAAN KEROH,Pembuatan Pakaian Wanita,TA-011-2:2012,Program Penuh - Persijilan Tahap Tunggal,SKM Tahap 2,Sekat Pengambilan,"18000 KUALA KRAI, KELANTAN",09-9609227,smkkeroh2011@gmail.com,10271,False,False
KELANTAN,K05492,SEKOLAH MENENGAH KEBANGSAAN KEROH,Pembuatan Roti,HT-013-2:2011,Program Micro Credential,SKM Tahap 2,Aktif,"18000 KUALA KRAI, KELANTAN",09-9609227,smkkeroh2011@gmail.com,10271,False,False
KELANTAN,K05417,SEKOLAH MENENGAH KEBANGSAAN KETEREH,OPERASI SENI KULINARI,I561-005-3:2022,Program Penuh - Persijilan Tahap Tunggal,SKM Tahap 3,Aktif,"KOTA BHARU, KELANTAN",097886875,SMKKETERH1@GMAIL.COM,7254,False,False
KELANTAN,K05417,SEKOLAH MENENGAH KEBANGSAAN KETEREH,Penyediaan & Pembuatan Makanan,HT-012-2:2012,Program Penuh - Persijilan Mengikut Tahap,SKM Tahap 2,Aktif,"KOTA BHARU, KELANTAN",097886875,SMKKETERH1@GMAIL.COM,7254,False,False
KELANTAN,K05369,SEKOLAH MENENGAH KEBANGSAAN KOK LANAS,Juruteknik Akuakultur (Hatceri),AF-033-2,Program Penuh - Persijilan Tahap Tunggal,SKM Tahap 2,Aktif,16450 KETEREH,09-7880430,SMKOKLANAS@GMAIL.COM,1767,False,False
KELANTAN,K05434,SEKOLAH MENENGAH KEBANGSAAN KUBANG KERIAN,OPERASI SENI KULINARI,I561-005-3:2022,Program Penuh - Persijilan Tahap Tunggal,SKM Tahap 3,Aktif,"JALAN PEREMPUAN ZAINAB II, 16150 KOTA BHARU, KELANTAN",097652046,DEA1129@moe.edu.my,7408,False,False
KELANTAN,K05434,SEKOLAH MENENGAH KEBANGSAAN KUBANG KERIAN,Penyediaan & Pembuatan Makanan,HT-012-2:2012,Program Penuh - Persijilan Mengikut Tahap,SKM Tahap 2,Aktif,"JALAN PEREMPUAN ZAINAB II, 16150 KOTA BHARU, KELANTAN",097652046,DEA1129@moe.edu.my,7408,False,False
KELANTAN,K05609,SEKOLAH MENENGAH KEBANGSAAN KUBANG KERIAN 2,OPERASI SENI KULINARI,I561-005-3:2022,Program Penuh - Persijilan Tahap Tunggal,SKM Tahap 3,Aktif,"KG. CHICHA, 16150 KOTA BHARU, KELANTAN",097654726,dea1141@moe.edu.my,206,False,False
KELANTAN,K05609,SEKOLAH MENENGAH KEBANGSAAN KUBANG KERIAN 2,Penyediaan & Pembuatan Makanan,HT-012-2:2012,Program Penuh - Persijilan Mengikut Tahap,SKM Tahap 2,Aktif,"KG. CHICHA, 16150 KOTA BHARU, KELANTAN",097654726,dea1141@moe.edu.my,206,False,False
KELANTAN,K05379,SEKOLAH MENENGAH KEBANGSAAN LONG YUNUS,"Pemasangan dan Penyelenggaraan Satu Fasa Penyamanan Udara, Pengudaraan, Pemanasan (HVAC)",F432-007-3:2020,Program Penuh - Persijilan Mengikut Tahap,SKM Tahap 3,Aktif,"BERIS KUBUR BESAR, 16350 BACHOK, KELANTAN",09-7788358,LONGYUNUS@HOTMAIL.COM,1802,False,False
KELANTAN,K05379,SEKOLAH MENENGAH KEBANGSAAN LONG YUNUS,"Peralatan Penyamanan Udara HVAC -Satu Fasa (Pemasangan, Servis, Troubleshooting & Pembaikpulihan)",ME-020-2:2012,Program Penuh - Persijilan Mengikut Tahap,SKM Tahap 2,Sekat Pengambilan,"BERIS KUBUR BESAR, 16350 BACHOK, KELANTAN",09-7788358,LONGYUNUS@HOTMAIL.COM,1802,False,False
KELANTAN,K05549,SEKOLAH MENENGAH KEBANGSAAN MENGKEBANG,Automotif-Servis Selepas Jualan,TP-300-2:2013,Program Penuh - Persijilan Mengikut Tahap,SKM Tahap 2,Sekat Pengambilan,PETI SURAT 32 SEK.MEN KEB MENGKEBANG 18000 KUALA KRAI KELANTAN,099609328,smkmengkebang@gmail.com,12398,False,False
KELANTAN,K05549,SEKOLAH MENENGAH KEBANGSAAN MENGKEBANG,PERKHIDMATAN PEMBAIKAN – KENDERAAN RINGAN,G452-002-2:2018,Program Penuh - Persijilan Mengikut Tahap,SKM Tahap 2,Aktif,PETI SURAT 32 SEK.MEN KEB MENGKEBANG 18000 KUALA KRAI KELANTAN,099609328,smkmengkebang@gmail.com,12398,False,False
KELANTAN,K05345,SEKOLAH MENENGAH KEBANGSAAN MULONG,Pembuatan Roti,HT-013-2:2011,Program Micro Credential,SKM Tahap 2,Aktif,"16010 KOTA BHARU, KELANTAN",09-7126232,dea1131@moe.edu.my,1736,False,False
KELANTAN,K05345,SEKOLAH MENENGAH KEBANGSAAN MULONG,Perkhidmatan Estetik,MP-060-2:2013,Program Penuh - Persijilan Mengikut Tahap,SKM Tahap 2,Sekat Pengambilan,"16010 KOTA BHARU, KELANTAN",09-7126232,dea1131@moe.edu.my,1736,False,False
KELANTAN,K05345,SEKOLAH MENENGAH KEBANGSAAN MULONG,Perkhidmatan Terapi Kecantikan,S960-002-2:2020,Program Penuh - Persijilan Tahap Tunggal,SKM Tahap 2,Aktif,"16010 KOTA BHARU, KELANTAN",09-7126232,dea1131@moe.edu.my,1736,False,False
KELANTAN,K05480,SEKOLAH MENENGAH KEBANGSAAN PADANG PAK AMAT,Pembuatan Roti,HT-013-2:2011,Program Micro Credential,SKM Tahap 2,Aktif,"16800 PASIR PUTEH, KELANTAN.",09-7520017,azhars99@yahoo.com,7777,False,False
KELANTAN,K05480,SEKOLAH MENENGAH KEBANGSAAN PADANG PAK AMAT,Perkhidmatan Estetik,MP-060-2:2013,Program Penuh - Persijilan Mengikut Tahap,SKM Tahap 2,Sekat Pengambilan,"16800 PASIR PUTEH, KELANTAN.",09-7520017,azhars99@yahoo.com,7777,False,False
KELANTAN,K05480,SEKOLAH MENENGAH KEBANGSAAN PADANG PAK AMAT,Perkhidmatan Terapi Kecantikan,S960-002-2:2020,Program Penuh - Persijilan Tahap Tunggal,SKM Tahap 2,Aktif,"16800 PASIR PUTEH, KELANTAN.",09-7520017,azhars99@yahoo.com,7777,False,False
KELANTAN,K05546,SEKOLAH MENENGAH KEBANGSAAN PAHI,OPERASI PENGELUARAN TANAMAN,A016-001-3:2016,Program Micro Credential,SKM Tahap 3,Aktif,"KM 9, LEBUHRAYA KUALA KRAI-GUA MUSANG",099609600,DEA7419@moe.edu.my,12395,False,False
KELANTAN,K05546,SEKOLAH MENENGAH KEBANGSAAN PAHI,Pembuatan Pakaian Wanita,TA-011-2:2012,Program Penuh - Persijilan Tahap Tunggal,SKM Tahap 2,Aktif,"KM 9, LEBUHRAYA KUALA KRAI-GUA MUSANG",099609600,DEA7419@moe.edu.my,12395,False,False
KELANTAN,K05666,SEKOLAH MENENGAH KEBANGSAAN PANGKAL MELERET,Pembuatan Pakaian Wanita,TA-011-2:2012,Program Penuh - Persijilan Tahap Tunggal,SKM Tahap 2,Aktif,"JLN. LAMA , T. MERAH, CHEKOK TOKCHUBA, 18500 MACHANG, KELANTAN",09-9774648,dea2187@moe.edu.my,207,False,False
KELANTAN,K05727,SEKOLAH MENENGAH KEBANGSAAN PANJI,PEMBUATAN PASTRI,HT-014-2:2011,Program Micro Credential,SKM Tahap 2,Aktif,"JALAN RAJA PEREMPUAN ZAINAB II, KOTA BHARU",097737161,dea1137@moe.edu.my,12732,False,False
KELANTAN,K05726,SEKOLAH MENENGAH KEBANGSAAN PENGKALAN CHEPA 2,PEMBUATAN PASTRI,HT-014-2:2011,Program Micro Credential,SKM Tahap 2,Aktif,"JALAN MAKTAB PERGURUAN KOTA BHARU, TAMAN ORKID, 16100 KOTA BAHRU, KELANTAN",097747043,dea1146@moe.gov.my,12756,False,False
KELANTAN,K05356,SEKOLAH MENENGAH KEBANGSAAN PUTERI,Pembuatan Pakaian Wanita,TA-011-2:2012,Program Penuh - Persijilan Tahap Tunggal,SKM Tahap 2,Aktif,"KOMPLEKS SEKOLAH-SEKOLAH, 15300 KOTA BHARU",09-7419712,DEA1135@moe.edu.my,1751,False,False
KELANTAN,K05423,SEKOLAH MENENGAH KEBANGSAAN RAJA SAKTI,OPERASI SENI KULINARI,I561-005-3:2022,Program Penuh - Persijilan Tahap Tunggal,SKM Tahap 3,Aktif,"KOTA JEMBAL 16150 KOTA BHARU, KELANTAN",097652357,DEA1125@1BESTARINET.YES.MY,7272,False,False
KELANTAN,K05423,SEKOLAH MENENGAH KEBANGSAAN RAJA SAKTI,Penyediaan & Pembuatan Makanan,HT-012-2:2012,Program Penuh - Persijilan Mengikut Tahap,SKM Tahap 2,Aktif,"KOTA JEMBAL 16150 KOTA BHARU, KELANTAN",097652357,DEA1125@1BESTARINET.YES.MY,7272,False,False
KELANTAN,K05800,SEKOLAH MENENGAH KEBANGSAAN SERI AMAN,Pembuatan Roti,HT-013-2:2011,Program Micro Credential,SKM Tahap 2,Aktif,JALAN KOBENA,097855200,dea4297@moe.edu.my,13137,False,False
KELANTAN,K05523,SEKOLAH MENENGAH KEBANGSAAN SRI KIAMBANG,Juruteknik Tanaman,AF-010-2,Program Penuh - Persijilan Tahap Tunggal,SKM Tahap 2,Sekat Pengambilan,"17070 PASIR MAS, KELANTAN.",09-7907586,dea3422@1bestarinet.yes.com,10207,False,False
KELANTAN,K05523,SEKOLAH MENENGAH KEBANGSAAN SRI KIAMBANG,OPERASI PENGELUARAN TANAMAN,A016-001-3:2016,Program Penuh - Persijilan Mengikut Tahap,SKM Tahap 3,Aktif,"17070 PASIR MAS, KELANTAN.",09-7907586,dea3422@1bestarinet.yes.com,10207,False,False
KELANTAN,K05523,SEKOLAH MENENGAH KEBANGSAAN SRI KIAMBANG,Pembuatan Roti,HT-013-2:2011,Program Micro Credential,SKM Tahap 2,Aktif,"17070 PASIR MAS, KELANTAN.",09-7907586,dea3422@1bestarinet.yes.com,10207,False,False
KELANTAN,K05669,SEKOLAH MENENGAH KEBANGSAAN SULTAN YAHYA PETRA 1,OPERASI SENI KULINARI,I561-005-3:2022,Program Penuh - Persijilan Tahap Tunggal,SKM Tahap 3,Aktif,"JALAN KEM, 18000 KUALA KRAI, KELANTAN",09-9666077,umrahpercuma2016@gmail.com,210,False,False
KELANTAN,K05669,SEKOLAH MENENGAH KEBANGSAAN SULTAN YAHYA PETRA 1,Penyediaan & Pembuatan Makanan,HT-012-2:2012,Program Penuh - Persijilan Mengikut Tahap,SKM Tahap 2,Aktif,"JALAN KEM, 18000 KUALA KRAI, KELANTAN",09-9666077,umrahpercuma2016@gmail.com,210,False,False
KELANTAN,K05859,SEKOLAH MENENGAH KEBANGSAAN SULTAN YAHYA PETRA 2,Penyediaan & Pembuatan Makanan,HT-012-2:2012,Program Micro Credential,SKM Tahap 2,Aktif,JALAN REST HOUSE,099662201,dea7422@gmail.com,13232,False,False
KELANTAN,K05392,SEKOLAH MENENGAH KEBANGSAAN TAN SRI MOHAMED YAACOB,OPERASI SENI KULINARI,I561-005-3:2022,Program Penuh - Persijilan Tahap Tunggal,SKM Tahap 3,Aktif,"17510 BATU GAJAH, TANAH MERAH, KELANTAN",099581373,DEA5416@IBESTARINET.YES.MY,7017,False,False
KELANTAN,K05392,SEKOLAH MENENGAH KEBANGSAAN TAN SRI MOHAMED YAACOB,Penyediaan & Pembuatan Makanan,HT-012-2:2012,Program Penuh - Persijilan Mengikut Tahap,SKM Tahap 2,Aktif,"17510 BATU GAJAH, TANAH MERAH, KELANTAN",099581373,DEA5416@IBESTARINET.YES.MY,7017,False,False
KELANTAN,K05392,SEKOLAH MENENGAH KEBANGSAAN TAN SRI MOHAMED YAACOB,"Refleksologi Kaki, Tangan dan Telinga",MP-080-3:2011,Program Micro Credential,SKM Tahap 3,Aktif,"17510 BATU GAJAH, TANAH MERAH, KELANTAN",099581373,DEA5416@IBESTARINET.YES.MY,7017,False,True
KELANTAN,K05371,SEKOLAH MENENGAH KEBANGSAAN TANAH MERAH (1),Operasi Pembuatan Perabot,RB-050-2:2012,Program Penuh - Persijilan Mengikut Tahap,SKM Tahap 2,Sekat Pengambilan,17500 TANAH MERAH,09-9556167,dea5417@moe.edu.my,1793,False,False
KELANTAN,K05372,SEKOLAH MENENGAH KEBANGSAAN TANAH MERAH (2),Pembuatan Roti,HT-013-2:2011,Program Micro Credential,SKM Tahap 2,Aktif,"JALAN ISMAIL PETRA, 17500 TANAH MERAH, KELANTAN",09-9558701,ctmariam76sue@gmail.com,1794,False,False
KELANTAN,K05372,SEKOLAH MENENGAH KEBANGSAAN TANAH MERAH (2),Perkhidmatan Estetik,MP-060-2:2013,Program Penuh - Persijilan Mengikut Tahap,SKM Tahap 2,Sekat Pengambilan,"JALAN ISMAIL PETRA, 17500 TANAH MERAH, KELANTAN",09-9558701,ctmariam76sue@gmail.com,1794,False,False
KELANTAN,K05372,SEKOLAH MENENGAH KEBANGSAAN TANAH MERAH (2),Perkhidmatan Terapi Kecantikan,S960-002-2:2020,Program Penuh - Persijilan Tahap Tunggal,SKM Tahap 2,Aktif,"JALAN ISMAIL PETRA, 17500 TANAH MERAH, KELANTAN",09-9558701,ctmariam76sue@gmail.com,1794,False,False
KELANTAN,K05668,SEKOLAH MENENGAH KEBANGSAAN TOK JANGGUT,"Pemasangan dan Penyelenggaraan Satu Fasa Penyamanan Udara, Pengudaraan, Pemanasan (HVAC)",F432-007-3:2020,Program Penuh - Persijilan Mengikut Tahap,SKM Tahap 3,Aktif,"JLN PASIR PUTIH-KOTA BHARU, 16800 PASIR PUTIH, KELANTAN",09-7866334,dea4287@moe.edu.my,209,False,False
KELANTAN,K05668,SEKOLAH MENENGAH KEBANGSAAN TOK JANGGUT,"Peralatan Penyamanan Udara HVAC -Satu Fasa (Pemasangan, Servis, Troubleshooting & Pembaikpulihan)",ME-020-2:2012,Program Penuh - Persijilan Mengikut Tahap,SKM Tahap 2,Sekat Pengambilan,"JLN PASIR PUTIH-KOTA BHARU, 16800 PASIR PUTIH, KELANTAN",09-7866334,dea4287@moe.edu.my,209,False,False
KELANTAN,K05368,SEKOLAH MENENGAH KEBANGSAAN WAKAF BHARU,Pembuatan Pakaian Wanita,TA-011-2:2012,Program Penuh - Persijilan Tahap Tunggal,SKM Tahap 2,Aktif,16250 TUMPAT,09-7196168,SMKWB07@GMAIL.COM,1766,False,False
KELANTAN,K05872,SMK BAROH PIAL,Pembuatan Roti,HT-013-2:2011,Program Micro Credential,SKM Tahap 2,Aktif,KG. BUKIT TANDAK 17200 RANTAU PANJANG,097954380,smkbarohpial@gmail.com,13511,False,False
KELANTAN,K05595,SMK BELIMBING,OPERASI PENGELUARAN TANAMAN,A016-001-3:2016,Program Micro Credential,SKM Tahap 3,Aktif,"KM 8, JALAN TANAH MERAH -PASIR MAS 17500 TANAH MERAH, KELANTAN",099555403,smkbelimbing@gmail.com,12835,False,False
KELANTAN,K05557,SMK CHERANG RUKU,OPERASI PENGELUARAN TANAMAN,A016-001-3:2016,Program Micro Credential,SKM Tahap 3,Aktif,16700 Pasir Puteh Kelantan,096912275,dea4294@moe.edu.my,12739,False,False
KELANTAN,K05557,SMK CHERANG RUKU,PEMBUATAN PASTRI,HT-014-2:2011,Program Micro Credential,SKM Tahap 2,Aktif,16700 Pasir Puteh Kelantan,096912275,dea4294@moe.edu.my,12739,False,False
KELANTAN,K05558,SMK ISMAIL PETRA,Pembuatan Pakaian Wanita,TA-011-1:2012,Program Micro Credential,SKM Tahap 1,Aktif,"KOMPLEKS SEKOLAH-SEKOLAH WAKAF MEK ZAINAB, JALAN KOMPLEKS, BANDAR KOTA BHARU",097481848,smkismailpetra@gmail.com,12742,False,False
KELANTAN,K05558,SMK ISMAIL PETRA,Penyediaan & Pembuatan Makanan,HT-012-2:2012,Program Micro Credential,SKM Tahap 2,Aktif,"KOMPLEKS SEKOLAH-SEKOLAH WAKAF MEK ZAINAB, JALAN KOMPLEKS, BANDAR KOTA BHARU",097481848,smkismailpetra@gmail.com,12742,False,False
KELANTAN,K05865,SMK KEDAI BULOH,Pembuatan Roti,HT-013-2:2011,Program Micro Credential,SKM Tahap 2,Aktif,"SMK KEDAI BULOH, 15350 KOTA BHARU, KELANTAN",097741904,smkbuloh@gmail.com,13173,False,False
KELANTAN,K05860,SMK KUALA BALAH,Penyediaan & Pembuatan Makanan,HT-012-2:2012,Program Micro Credential,SKM Tahap 2,Aktif,"KM. 35, KG TG ABDUL RAHMAN, JLN JELI-DABONG, KUALA BALAH, Kelantan",099361044,dea9003@1bestarinet.yes.my,13181,False,False
KELANTAN,K05559,SMK KUALA KRAI,Penyediaan & Pembuatan Makanan,HT-012-2:2012,Program Micro Credential,SKM Tahap 2,Aktif,18000 KUALA KRAI KELANTAN.,09-9602291,tfeiily.tf@gmail.com,13093,False,False
KELANTAN,K05693,SMK KUTAN,Penyediaan & Pembuatan Makanan,HT-012-2:2012,Program Micro Credential,SKM Tahap 2,Aktif,"KAMPUNG KUTAN, 16250 WAKAF BHARU, KELANTAN.",09-7181037,smkkutan@gmail.com,12828,False,False
KELANTAN,K05858,SMK LALOH,OPERASI PENGELUARAN TANAMAN,A016-001-3:2016,Program Micro Credential,SKM Tahap 3,Aktif,KAMPUNG LALOH 18000 KUALA KRAI KELANTAN,099668221,dea7420@1bestarinet.yes.my,13272,False,False
KELANTAN,K05866,SMK MELOR,Penyediaan & Pembuatan Makanan,HT-012-2:2012,Program Micro Credential,SKM Tahap 2,Aktif,HADAPAN PETRONAS KG MELOR JLN PASIR PUTEH 16400 KOTA BHARU KELANTAN,09-7835320,dee1130@moe.edu.my,13515,False,False
KELANTAN,K05591,SMK MERANTI,Penyediaan & Pembuatan Makanan,HT-012-2:2012,Program Micro Credential,SKM Tahap 2,Aktif,KAMPUNG MERANTI 17010 PASIR MAS KELANTAN,097976327,ppkismkmeranti@gmail.com,12731,False,False
KELANTAN,K05799,SMK SERI INTAN,Pembuatan Roti,HT-013-2:2011,Program Micro Credential,SKM Tahap 2,Aktif,"KAMPUNG PEK,",09-9765945,dea2188@moe.edu.my,13512,False,False
KELANTAN,K05864,SMK TANJONG MAS,Penyediaan & Pembuatan Makanan,HT-012-2:2012,Program Micro Credential,SKM Tahap 2,Aktif,TAMAN UDA MURNI 15400 KOTA BHARU KELANTAN,097713962,mahpuzah-dea1122@edidik.edu.my,13165,False,False
KELANTAN,L02781,UNITAR COLLEGE KOTA BHARU,Pentadbiran Pejabat,N821-001-3:2020,Program Penuh - Persijilan Mengikut Tahap,SKM Tahap 3,Sekat Pengambilan,"NO. 5-8, VISTA SQUARE JALAN SRI CEMERLANG 15350 KOTA BHARU KELANTAN",09-7437677,hasidah.mamat@unitar.my,13439,False,False
PAHANG,K16009,AKADEMI PEMBANGUNAN KEMAHIRAN USIM KUALA LIPIS,Pentadbiran Pengajaran Dan Pendidikan Prasekolah,P854-009-4:2020,Program Penuh - Persijilan Tahap Tunggal,Diploma Kemahiran Malaysia,Aktif,"LEVEL 5, BANGUNAN CENTREPOINT",01116901078,usim.tvetlipis@gmail.com,18867,False,False
PAHANG,K16009,AKADEMI PEMBANGUNAN KEMAHIRAN USIM KUALA LIPIS,Penyeliaan Pengasuhan dan Pendidikan Perkembangan Awal Kanak-Kanak,T982-001-4:2018,Program Penuh - Persijilan Tahap Tunggal,Diploma Kemahiran Malaysia,Aktif,"LEVEL 5, BANGUNAN CENTREPOINT",01116901078,usim.tvetlipis@gmail.com,18867,False,False
PAHANG,L02778,DSH ACADEMY,OPERASI SENI KULINARI,I561-005-3:2022,Program Penuh - Persijilan Mengikut Tahap,SKM Tahap 3,Aktif,"A11, A13 & A15 Lorong Pandan Perdana 1/2, 25150 Kuantan, Pahang",09-5393762,dshacademy.official@gmail.com,13854,False,False
PAHANG,L02778,DSH ACADEMY,PENYEDIAAN DAN PENGHASILAN MAKANAN,I561-005-2:2022,Program Penuh - Persijilan Mengikut Tahap,SKM Tahap 2,Aktif,"A11, A13 & A15 Lorong Pandan Perdana 1/2, 25150 Kuantan, Pahang",09-5393762,dshacademy.official@gmail.com,13854,False,False
PAHANG,L02896,EASTERN INTERNATIONAL TVET,PEMBUATAN PAKAIAN WANITA,C141-005-2:2021,Program Penuh - Persijilan Mengikut Tahap,SKM Tahap 2,Aktif,"B40, TINGKAT BAWAH, JALAN BANDAR GAMBANG 26, PUSAT KOMERSIAL BANDAR GAMBANG TUN RAZAK, 26300 KUANTAN, PAHANG",09-549 8048,easterninternational.im@gmail.com,18509,False,False
PAHANG,L02896,EASTERN INTERNATIONAL TVET,Pengurusan Pentadbiran,FB-025-4:2012,Program Penuh - Persijilan Tahap Tunggal,Diploma Kemahiran Malaysia,Aktif,"B40, TINGKAT BAWAH, JALAN BANDAR GAMBANG 26, PUSAT KOMERSIAL BANDAR GAMBANG TUN RAZAK, 26300 KUANTAN, PAHANG",09-549 8048,easterninternational.im@gmail.com,18509,False,False
PAHANG,K02261,GIATMARA BENTONG,Automotif-Servis Selepas Jualan,TP-300-2:2013,Program Penuh - Persijilan Mengikut Tahap,SKM Tahap 2,Sekat Pengambilan,"LOT 2738, BATU 4 KARAK SETIA 28600 KARAK PAHANG",09-2317684,gmbentong@giatmara.edu.my,490,False,False
PAHANG,K02261,GIATMARA BENTONG,PERKHIDMATAN PEMBAIKAN – KENDERAAN RINGAN,G452-002-2:2018,Program Penuh - Persijilan Mengikut Tahap,SKM Tahap 2,Aktif,"LOT 2738, BATU 4 KARAK SETIA 28600 KARAK PAHANG",09-2317684,gmbentong@giatmara.edu.my,490,False,False
PAHANG,K02261,GIATMARA BENTONG,Penyediaan & Pembuatan Makanan,HT-012-2:2012,Program Penuh - Persijilan Mengikut Tahap,SKM Tahap 2,Aktif,"LOT 2738, BATU 4 KARAK SETIA 28600 KARAK PAHANG",09-2317684,gmbentong@giatmara.edu.my,490,False,False
PAHANG,K02262,GIATMARA BERA,Automotif-Servis Selepas Jualan,TP-300-2:2013,Program Penuh - Persijilan Mengikut Tahap,SKM Tahap 2,Sekat Pengambilan,"BANDAR 32,BERA 28300 TRIANG PAHANG",09-2463235,gmbera@giatmara.edu.my,491,False,False
PAHANG,K02262,GIATMARA BERA,PEMBUATAN PAKAIAN WANITA,C141-005-2:2021,Program Penuh - Persijilan Mengikut Tahap,SKM Tahap 2,Aktif,"BANDAR 32,BERA 28300 TRIANG PAHANG",09-2463235,gmbera@giatmara.edu.my,491,False,False
PAHANG,K02262,GIATMARA BERA,PERKHIDMATAN PEMBAIKAN – KENDERAAN RINGAN,G452-002-2:2018,Program Penuh - Persijilan Mengikut Tahap,SKM Tahap 2,Aktif,"BANDAR 32,BERA 28300 TRIANG PAHANG",09-2463235,gmbera@giatmara.edu.my,491,False,False
PAHANG,K02262,GIATMARA BERA,Pembuatan Pakaian Wanita,TA-011-2:2012,Program Penuh - Persijilan Tahap Tunggal,SKM Tahap 2,Sekat Pengambilan,"BANDAR 32,BERA 28300 TRIANG PAHANG",09-2463235,gmbera@giatmara.edu.my,491,False,False
PAHANG,K02263,GIATMARA CAMERON HIGHLAND,PEMBUATAN PAKAIAN WANITA,C141-005-2:2021,Program Penuh - Persijilan Mengikut Tahap,SKM Tahap 2,Aktif,"FELDA SUNGAI KOYAN 3, 27650 RAUB PAHANG",09-3402952,gmcameronhighlands@giatmara.edu.my,492,False,False
PAHANG,K02263,GIATMARA CAMERON HIGHLAND,Pembuatan Pakaian Wanita,TA-011-2:2012,Program Penuh - Persijilan Tahap Tunggal,SKM Tahap 2,Sekat Pengambilan,"FELDA SUNGAI KOYAN 3, 27650 RAUB PAHANG",09-3402952,gmcameronhighlands@giatmara.edu.my,492,False,False
PAHANG,K02266,GIATMARA INDERA MAHKOTA,Motosikal - Perkhidmatan Pembaikan,G454-001-2:2018,Program Penuh - Persijilan Tahap Tunggal,SKM Tahap 2,Aktif,"LOT 758, KG BALOK PANTAI, 26100 KUANTAN, PAHANG",09-5807351,gminderamahkota@giatmara.edu.my,495,False,False
PAHANG,K02266,GIATMARA INDERA MAHKOTA,PEMBUATAN PAKAIAN WANITA,C141-005-2:2021,Program Penuh - Persijilan Mengikut Tahap,SKM Tahap 2,Aktif,"LOT 758, KG BALOK PANTAI, 26100 KUANTAN, PAHANG",09-5807351,gminderamahkota@giatmara.edu.my,495,False,False
PAHANG,K02266,GIATMARA INDERA MAHKOTA,PEMBUATAN PAKAIAN WANITA,C141-005-2:2021,Program Micro Credential,SKM Tahap 2,Aktif,"LOT 758, KG BALOK PANTAI, 26100 KUANTAN, PAHANG",09-5807351,gminderamahkota@giatmara.edu.my,495,False,False
PAHANG,K02266,GIATMARA INDERA MAHKOTA,"Pemasangan dan Penyelenggaraan Satu Fasa Penyamanan Udara, Pengudaraan, Pemanasan (HVAC)",F432-007-3:2020,Program Penuh - Persijilan Mengikut Tahap,SKM Tahap 3,Aktif,"LOT 758, KG BALOK PANTAI, 26100 KUANTAN, PAHANG",09-5807351,gminderamahkota@giatmara.edu.my,495,False,False
PAHANG,K02266,GIATMARA INDERA MAHKOTA,Pembuatan Pakaian Wanita,TA-011-2:2012,Program Penuh - Persijilan Tahap Tunggal,SKM Tahap 2,Sekat Pengambilan,"LOT 758, KG BALOK PANTAI, 26100 KUANTAN, PAHANG",09-5807351,gminderamahkota@giatmara.edu.my,495,False,False
PAHANG,K02266,GIATMARA INDERA MAHKOTA,"Peralatan Penyamanan Udara HVAC -Satu Fasa (Pemasangan, Servis, Troubleshooting & Pembaikpulihan)",ME-020-2:2012,Program Penuh - Persijilan Mengikut Tahap,SKM Tahap 2,Sekat Pengambilan,"LOT 758, KG BALOK PANTAI, 26100 KUANTAN, PAHANG",09-5807351,gminderamahkota@giatmara.edu.my,495,False,False
PAHANG,K02266,GIATMARA INDERA MAHKOTA,Servis & Penyelenggaraan Motosikal,TP-118-2:2012,Program Penuh - Persijilan Tahap Tunggal,SKM Tahap 2,Sekat Pengambilan,"LOT 758, KG BALOK PANTAI, 26100 KUANTAN, PAHANG",09-5807351,gminderamahkota@giatmara.edu.my,495,False,False
PAHANG,K02202,GIATMARA JENGKA,Automotif-Servis Selepas Jualan,TP-300-3:2013,Program Penuh - Persijilan Mengikut Tahap,SKM Tahap 3,Sekat Pengambilan,"BANDAR PUSAT JENGKA, 26400 JENGKA, PAHANG",09-4662354,gmjengka@giatmara.edu.my,488,False,False
PAHANG,K02202,GIATMARA JENGKA,OPERASI TEKNIKAL PAKAIAN WANITA,C141-005-3:2021,Program Penuh - Persijilan Mengikut Tahap,SKM Tahap 3,Aktif,"BANDAR PUSAT JENGKA, 26400 JENGKA, PAHANG",09-4662354,gmjengka@giatmara.edu.my,488,False,False
PAHANG,K02202,GIATMARA JENGKA,Pembuatan Pakaian Wanita,TA-011-3:2012,Program Penuh - Persijilan Mengikut Tahap,SKM Tahap 3,Sekat Pengambilan,"BANDAR PUSAT JENGKA, 26400 JENGKA, PAHANG",09-4662354,gmjengka@giatmara.edu.my,488,False,False
PAHANG,K02202,GIATMARA JENGKA,Pengemasan & Pengecatan Semula Kenderaan,G452-005-3:2019,Program Penuh - Persijilan Mengikut Tahap,SKM Tahap 3,Aktif,"BANDAR PUSAT JENGKA, 26400 JENGKA, PAHANG",09-4662354,gmjengka@giatmara.edu.my,488,False,False
PAHANG,K02202,GIATMARA JENGKA,Penyemburan Cat Automotif,TP-306-2:2012,Program Penuh - Persijilan Tahap Tunggal,SKM Tahap 2,Sekat Pengambilan,"BANDAR PUSAT JENGKA, 26400 JENGKA, PAHANG",09-4662354,gmjengka@giatmara.edu.my,488,False,False
PAHANG,K02202,GIATMARA JENGKA,SERVIS DIAGNOSTIK – KENDERAAN RINGAN,G452-002-3:2018,Program Penuh - Persijilan Mengikut Tahap,SKM Tahap 3,Aktif,"BANDAR PUSAT JENGKA, 26400 JENGKA, PAHANG",09-4662354,gmjengka@giatmara.edu.my,488,False,False
PAHANG,K02188,GIATMARA JERANTUT,Automotif-Servis Selepas Jualan,TP-300-2:2013,Program Penuh - Persijilan Mengikut Tahap,SKM Tahap 2,Sekat Pengambilan,"KM 9, KAMPUNG SRI MUDA 27000 JERANTUT PAHANG",09-2663541,gmjerantut@giatmara.edu.my,486,False,False
PAHANG,K02188,GIATMARA JERANTUT,PERKHIDMATAN PEMBAIKAN – KENDERAAN RINGAN,G452-002-2:2018,Program Penuh - Persijilan Mengikut Tahap,SKM Tahap 2,Aktif,"KM 9, KAMPUNG SRI MUDA 27000 JERANTUT PAHANG",09-2663541,gmjerantut@giatmara.edu.my,486,False,False
PAHANG,K02188,GIATMARA JERANTUT,Pemasangan dan Penyelenggaraan Elektrik Tiga Fasa,F432-005-3:2019,Program Penuh - Persijilan Mengikut Tahap,SKM Tahap 3,Aktif,"KM 9, KAMPUNG SRI MUDA 27000 JERANTUT PAHANG",09-2663541,gmjerantut@giatmara.edu.my,486,False,False
PAHANG,K02188,GIATMARA JERANTUT,Proses Kimpalan Arka Kepingan Logam,MC-024-3:2012,Program Penuh - Persijilan Mengikut Tahap,SKM Tahap 3,Aktif,"KM 9, KAMPUNG SRI MUDA 27000 JERANTUT PAHANG",09-2663541,gmjerantut@giatmara.edu.my,486,False,False
PAHANG,K02264,GIATMARA KUALA KRAU,Motosikal - Perkhidmatan Pembaikan,G454-001-2:2018,Program Penuh - Persijilan Tahap Tunggal,SKM Tahap 2,Aktif,KG DESA MURNI KERDAU 28010 TEMERLOH PAHANG,09-2846442,gmkualakrau@giatmara.edu.my,493,False,False
PAHANG,K02264,GIATMARA KUALA KRAU,PEMBUATAN PAKAIAN WANITA,C141-005-2:2021,Program Penuh - Persijilan Mengikut Tahap,SKM Tahap 2,Aktif,KG DESA MURNI KERDAU 28010 TEMERLOH PAHANG,09-2846442,gmkualakrau@giatmara.edu.my,493,False,False
PAHANG,K02264,GIATMARA KUALA KRAU,Pembuatan Pakaian Wanita,TA-011-2:2012,Program Penuh - Persijilan Tahap Tunggal,SKM Tahap 2,Sekat Pengambilan,KG DESA MURNI KERDAU 28010 TEMERLOH PAHANG,09-2846442,gmkualakrau@giatmara.edu.my,493,False,False
PAHANG,K02264,GIATMARA KUALA KRAU,Servis & Penyelenggaraan Motosikal,TP-118-2:2012,Program Penuh - Persijilan Tahap Tunggal,SKM Tahap 2,Sekat Pengambilan,KG DESA MURNI KERDAU 28010 TEMERLOH PAHANG,09-2846442,gmkualakrau@giatmara.edu.my,493,False,False
PAHANG,K02178,GIATMARA KUALA LIPIS,Pengemasan & Pengecatan Semula Kenderaan,G452-005-3:2019,Program Penuh - Persijilan Mengikut Tahap,SKM Tahap 3,Aktif,"3347, KAMPUNG KUALA LANAR, 27200 KUALA LIPIS PAHANG",09-3122062,gmkualalipis@giatmara.edu.my,484,False,False
PAHANG,K02178,GIATMARA KUALA LIPIS,Penyemburan Cat Automotif,TP-306-2:2012,Program Penuh - Persijilan Tahap Tunggal,SKM Tahap 2,Sekat Pengambilan,"3347, KAMPUNG KUALA LANAR, 27200 KUALA LIPIS PAHANG",09-3122062,gmkualalipis@giatmara.edu.my,484,False,False
PAHANG,K02178,GIATMARA KUALA LIPIS,Proses Kimpalan Arka Kepingan Logam,MC-024-3:2012,Program Penuh - Persijilan Mengikut Tahap,SKM Tahap 3,Aktif,"3347, KAMPUNG KUALA LANAR, 27200 KUALA LIPIS PAHANG",09-3122062,gmkualalipis@giatmara.edu.my,484,False,False
PAHANG,K02268,GIATMARA KUANTAN,Dandanan Rambut,HT-090-2:2012,Program Penuh - Persijilan Mengikut Tahap,SKM Tahap 2,Aktif,"LOT A-5 KILANG IKS, KAWASAN PERINDUSTRIAN PPD, KG SOI, JALAN PANTAI SEPAT, 25150 KUANTAN PAHANG PREMIS TAMBAHAN: A-37, LORONG BERJAYA PERMAI 1, TAMAN KAMPUNG KEMPADANG, 25150 KUANTAN, PAHANG",09-5342102,gmkuantan@giatmara.edu.my,497,False,False
PAHANG,K02268,GIATMARA KUANTAN,PEMBUATAN PAKAIAN WANITA,C141-005-2:2021,Program Penuh - Persijilan Mengikut Tahap,SKM Tahap 2,Aktif,"LOT A-5 KILANG IKS, KAWASAN PERINDUSTRIAN PPD, KG SOI, JALAN PANTAI SEPAT, 25150 KUANTAN PAHANG PREMIS TAMBAHAN: A-37, LORONG BERJAYA PERMAI 1, TAMAN KAMPUNG KEMPADANG, 25150 KUANTAN, PAHANG",09-5342102,gmkuantan@giatmara.edu.my,497,False,False
PAHANG,K02268,GIATMARA KUANTAN,Pembuatan Pakaian Wanita,TA-011-2:2012,Program Penuh - Persijilan Tahap Tunggal,SKM Tahap 2,Sekat Pengambilan,"LOT A-5 KILANG IKS, KAWASAN PERINDUSTRIAN PPD, KG SOI, JALAN PANTAI SEPAT, 25150 KUANTAN PAHANG PREMIS TAMBAHAN: A-37, LORONG BERJAYA PERMAI 1, TAMAN KAMPUNG KEMPADANG, 25150 KUANTAN, PAHANG",09-5342102,gmkuantan@giatmara.edu.my,497,False,False
PAHANG,K02268,GIATMARA KUANTAN,Rekabentuk Grafik (Digital),IT-058-3:2014,Program Penuh - Persijilan Mengikut Tahap,SKM Tahap 3,Aktif,"LOT A-5 KILANG IKS, KAWASAN PERINDUSTRIAN PPD, KG SOI, JALAN PANTAI SEPAT, 25150 KUANTAN PAHANG PREMIS TAMBAHAN: A-37, LORONG BERJAYA PERMAI 1, TAMAN KAMPUNG KEMPADANG, 25150 KUANTAN, PAHANG",09-5342102,gmkuantan@giatmara.edu.my,497,False,False
PAHANG,K02267,GIATMARA MARAN,Motosikal - Perkhidmatan Pembaikan,G454-001-2:2018,Program Penuh - Persijilan Tahap Tunggal,SKM Tahap 2,Aktif,"BANDAR BARU CHENOR, 28100 CHENOR PAHANG",09-2995042,gmmaran@giatmara.edu.my,496,False,False
PAHANG,K02267,GIATMARA MARAN,PEMBUATAN PAKAIAN WANITA,C141-005-2:2021,Program Penuh - Persijilan Mengikut Tahap,SKM Tahap 2,Aktif,"BANDAR BARU CHENOR, 28100 CHENOR PAHANG",09-2995042,gmmaran@giatmara.edu.my,496,False,False
PAHANG,K02267,GIATMARA MARAN,Pemasangan & Penyelenggaraan Elektrik-Satu Fasa,EE-320-2:2012,Program Penuh - Persijilan Mengikut Tahap,SKM Tahap 2,Sekat Pengambilan,"BANDAR BARU CHENOR, 28100 CHENOR PAHANG",09-2995042,gmmaran@giatmara.edu.my,496,False,False
PAHANG,K02267,GIATMARA MARAN,Pemasangan dan Penyelenggaraan Elektrik Satu Fasa,F432-005-2:2019,Program Penuh - Persijilan Mengikut Tahap,SKM Tahap 2,Aktif,"BANDAR BARU CHENOR, 28100 CHENOR PAHANG",09-2995042,gmmaran@giatmara.edu.my,496,False,False
PAHANG,K02267,GIATMARA MARAN,Pembuatan Pakaian Wanita,TA-011-2:2012,Program Penuh - Persijilan Tahap Tunggal,SKM Tahap 2,Sekat Pengambilan,"BANDAR BARU CHENOR, 28100 CHENOR PAHANG",09-2995042,gmmaran@giatmara.edu.my,496,False,False
PAHANG,K02267,GIATMARA MARAN,Servis & Penyelenggaraan Motosikal,TP-118-2:2012,Program Penuh - Persijilan Tahap Tunggal,SKM Tahap 2,Sekat Pengambilan,"BANDAR BARU CHENOR, 28100 CHENOR PAHANG",09-2995042,gmmaran@giatmara.edu.my,496,False,False
PAHANG,K02193,GIATMARA MUADZAM SHAH,Motosikal - Perkhidmatan Pembaikan,G454-001-2:2018,Program Penuh - Persijilan Tahap Tunggal,SKM Tahap 2,Aktif,"KAWASAN PERINDUSTRIAN DARA, 26700 MUADZAM SHAH PAHANG",09-4523607,gmmuadzamshah@giatmara.edu.my,487,False,False
PAHANG,K02193,GIATMARA MUADZAM SHAH,PEMBUATAN PAKAIAN WANITA,C141-005-2:2021,Program Penuh - Persijilan Mengikut Tahap,SKM Tahap 2,Aktif,"KAWASAN PERINDUSTRIAN DARA, 26700 MUADZAM SHAH PAHANG",09-4523607,gmmuadzamshah@giatmara.edu.my,487,False,False
PAHANG,K02193,GIATMARA MUADZAM SHAH,Pembuatan Pakaian Wanita,TA-011-2:2012,Program Penuh - Persijilan Tahap Tunggal,SKM Tahap 2,Sekat Pengambilan,"KAWASAN PERINDUSTRIAN DARA, 26700 MUADZAM SHAH PAHANG",09-4523607,gmmuadzamshah@giatmara.edu.my,487,False,False
PAHANG,K02193,GIATMARA MUADZAM SHAH,Proses Kimpalan Arka Kepingan Logam,MC-024-3:2012,Program Penuh - Persijilan Mengikut Tahap,SKM Tahap 3,Aktif,"KAWASAN PERINDUSTRIAN DARA, 26700 MUADZAM SHAH PAHANG",09-4523607,gmmuadzamshah@giatmara.edu.my,487,False,False
PAHANG,K02193,GIATMARA MUADZAM SHAH,Servis & Penyelenggaraan Motosikal,TP-118-2:2012,Program Penuh - Persijilan Tahap Tunggal,SKM Tahap 2,Sekat Pengambilan,"KAWASAN PERINDUSTRIAN DARA, 26700 MUADZAM SHAH PAHANG",09-4523607,gmmuadzamshah@giatmara.edu.my,487,False,False
PAHANG,K02077,GIATMARA PAYA BESAR (KUANTAN),Automotif-Servis Selepas Jualan,TP-300-2:2013,Program Penuh - Persijilan Mengikut Tahap,SKM Tahap 2,Sekat Pengambilan,"KM 8, JALAN GAMBANG 25150 KUANTAN PAHANG",09-5366558,gmpayabesar@giatmara.edu.my,482,False,False
PAHANG,K02077,GIATMARA PAYA BESAR (KUANTAN),PERKHIDMATAN PEMBAIKAN – KENDERAAN RINGAN,G452-002-2:2018,Program Penuh - Persijilan Mengikut Tahap,SKM Tahap 2,Aktif,"KM 8, JALAN GAMBANG 25150 KUANTAN PAHANG",09-5366558,gmpayabesar@giatmara.edu.my,482,False,False
PAHANG,K02077,GIATMARA PAYA BESAR (KUANTAN),Pengemasan & Pengecatan Semula Kenderaan,G452-005-3:2019,Program Penuh - Persijilan Mengikut Tahap,SKM Tahap 3,Aktif,"KM 8, JALAN GAMBANG 25150 KUANTAN PAHANG",09-5366558,gmpayabesar@giatmara.edu.my,482,False,False
PAHANG,K02077,GIATMARA PAYA BESAR (KUANTAN),Penyemburan Cat Automotif,TP-306-2:2012,Program Penuh - Persijilan Tahap Tunggal,SKM Tahap 2,Sekat Pengambilan,"KM 8, JALAN GAMBANG 25150 KUANTAN PAHANG",09-5366558,gmpayabesar@giatmara.edu.my,482,False,False
PAHANG,K02077,GIATMARA PAYA BESAR (KUANTAN),Proses Kimpalan Arka Kepingan Logam,MC-024-3:2012,Program Penuh - Persijilan Mengikut Tahap,SKM Tahap 3,Aktif,"KM 8, JALAN GAMBANG 25150 KUANTAN PAHANG",09-5366558,gmpayabesar@giatmara.edu.my,482,False,False
PAHANG,K02265,GIATMARA PEKAN,Automotif-Servis Selepas Jualan,TP-300-2:2013,Program Penuh - Persijilan Mengikut Tahap,SKM Tahap 2,Sekat Pengambilan,"LOT PT 11732 MUKIM LANGGAR, BANDAR BARU PERAMU 26600 PEKAN PAHANG",09-4260273,gmpekan@giatmara.edu.my,494,False,False
PAHANG,K02265,GIATMARA PEKAN,Dandanan Rambut,HT-090-2:2012,Program Penuh - Persijilan Mengikut Tahap,SKM Tahap 2,Aktif,"LOT PT 11732 MUKIM LANGGAR, BANDAR BARU PERAMU 26600 PEKAN PAHANG",09-4260273,gmpekan@giatmara.edu.my,494,False,False
PAHANG,K02265,GIATMARA PEKAN,OPERASI TEKNIKAL PAKAIAN WANITA,C141-005-3:2021,Program Penuh - Persijilan Mengikut Tahap,SKM Tahap 3,Aktif,"LOT PT 11732 MUKIM LANGGAR, BANDAR BARU PERAMU 26600 PEKAN PAHANG",09-4260273,gmpekan@giatmara.edu.my,494,False,False
PAHANG,K02265,GIATMARA PEKAN,PEMBUATAN PASTRI,HT-014-2:2011,Program Penuh - Persijilan Mengikut Tahap,SKM Tahap 2,Aktif,"LOT PT 11732 MUKIM LANGGAR, BANDAR BARU PERAMU 26600 PEKAN PAHANG",09-4260273,gmpekan@giatmara.edu.my,494,False,False
PAHANG,K02265,GIATMARA PEKAN,PERKHIDMATAN PEMBAIKAN – KENDERAAN RINGAN,G452-002-2:2018,Program Penuh - Persijilan Mengikut Tahap,SKM Tahap 2,Aktif,"LOT PT 11732 MUKIM LANGGAR, BANDAR BARU PERAMU 26600 PEKAN PAHANG",09-4260273,gmpekan@giatmara.edu.my,494,False,False
PAHANG,K02265,GIATMARA PEKAN,Pemasangan & Penyelenggaraan Elektrik-Satu Fasa,EE-320-2:2012,Program Penuh - Persijilan Mengikut Tahap,SKM Tahap 2,Sekat Pengambilan,"LOT PT 11732 MUKIM LANGGAR, BANDAR BARU PERAMU 26600 PEKAN PAHANG",09-4260273,gmpekan@giatmara.edu.my,494,False,False
PAHANG,K02265,GIATMARA PEKAN,Pemasangan dan Penyelenggaraan Elektrik Satu Fasa,F432-005-2:2019,Program Penuh - Persijilan Mengikut Tahap,SKM Tahap 2,Aktif,"LOT PT 11732 MUKIM LANGGAR, BANDAR BARU PERAMU 26600 PEKAN PAHANG",09-4260273,gmpekan@giatmara.edu.my,494,False,False
PAHANG,K02265,GIATMARA PEKAN,Pembuatan Pakaian Wanita,TA-011-3:2012,Program Penuh - Persijilan Mengikut Tahap,SKM Tahap 3,Sekat Pengambilan,"LOT PT 11732 MUKIM LANGGAR, BANDAR BARU PERAMU 26600 PEKAN PAHANG",09-4260273,gmpekan@giatmara.edu.my,494,False,False
PAHANG,K02265,GIATMARA PEKAN,Penyediaan & Pembuatan Makanan,HT-012-2:2012,Program Penuh - Persijilan Mengikut Tahap,SKM Tahap 2,Aktif,"LOT PT 11732 MUKIM LANGGAR, BANDAR BARU PERAMU 26600 PEKAN PAHANG",09-4260273,gmpekan@giatmara.edu.my,494,False,False
PAHANG,K02183,GIATMARA RAUB,Automotif-Servis Selepas Jualan,TP-300-2:2013,Program Penuh - Persijilan Mengikut Tahap,SKM Tahap 2,Sekat Pengambilan,"LOT 31388 JALAN TAMAN MEWAH, 27600 RAUB, PAHANG",09-3557670,gmraub@giatmara.edu.my,485,False,False
PAHANG,K02183,GIATMARA RAUB,PEMBUATAN PAKAIAN WANITA,C141-005-2:2021,Program Penuh - Persijilan Mengikut Tahap,SKM Tahap 2,Aktif,"LOT 31388 JALAN TAMAN MEWAH, 27600 RAUB, PAHANG",09-3557670,gmraub@giatmara.edu.my,485,False,False
PAHANG,K02183,GIATMARA RAUB,PEMBUATAN PASTRI,HT-014-2:2011,Program Penuh - Persijilan Mengikut Tahap,SKM Tahap 2,Aktif,"LOT 31388 JALAN TAMAN MEWAH, 27600 RAUB, PAHANG",09-3557670,gmraub@giatmara.edu.my,485,False,False
PAHANG,K02183,GIATMARA RAUB,PERKHIDMATAN PEMBAIKAN – KENDERAAN RINGAN,G452-002-2:2018,Program Penuh - Persijilan Mengikut Tahap,SKM Tahap 2,Aktif,"LOT 31388 JALAN TAMAN MEWAH, 27600 RAUB, PAHANG",09-3557670,gmraub@giatmara.edu.my,485,False,False
PAHANG,K02183,GIATMARA RAUB,Pemasangan & Penyelenggaraan Elektrik-Satu Fasa,EE-320-2:2012,Program Penuh - Persijilan Mengikut Tahap,SKM Tahap 2,Sekat Pengambilan,"LOT 31388 JALAN TAMAN MEWAH, 27600 RAUB, PAHANG",09-3557670,gmraub@giatmara.edu.my,485,False,False
PAHANG,K02183,GIATMARA RAUB,Pemasangan dan Penyelenggaraan Elektrik Satu Fasa,F432-005-2:2019,Program Penuh - Persijilan Mengikut Tahap,SKM Tahap 2,Aktif,"LOT 31388 JALAN TAMAN MEWAH, 27600 RAUB, PAHANG",09-3557670,gmraub@giatmara.edu.my,485,False,False
PAHANG,K02183,GIATMARA RAUB,Pembuatan Pakaian Wanita,TA-011-2:2012,Program Penuh - Persijilan Tahap Tunggal,SKM Tahap 2,Sekat Pengambilan,"LOT 31388 JALAN TAMAN MEWAH, 27600 RAUB, PAHANG",09-3557670,gmraub@giatmara.edu.my,485,False,False
PAHANG,K02112,GIATMARA ROMPIN,Automotif-Servis Selepas Jualan,TP-300-2:2013,Program Penuh - Persijilan Mengikut Tahap,SKM Tahap 2,Sekat Pengambilan,"KM 5.5, JALAN SABAK 26800 ROMPIN PAHANG",09-4146190,gmrompin@giatmara.edu.my,483,False,False
PAHANG,K02112,GIATMARA ROMPIN,PERKHIDMATAN PEMBAIKAN – KENDERAAN RINGAN,G452-002-2:2018,Program Penuh - Persijilan Mengikut Tahap,SKM Tahap 2,Aktif,"KM 5.5, JALAN SABAK 26800 ROMPIN PAHANG",09-4146190,gmrompin@giatmara.edu.my,483,False,False
PAHANG,K02112,GIATMARA ROMPIN,Pemasangan & Penyelenggaraan Elektrik-Satu Fasa,EE-320-2:2012,Program Penuh - Persijilan Mengikut Tahap,SKM Tahap 2,Sekat Pengambilan,"KM 5.5, JALAN SABAK 26800 ROMPIN PAHANG",09-4146190,gmrompin@giatmara.edu.my,483,False,False
PAHANG,K02112,GIATMARA ROMPIN,Pemasangan dan Penyelenggaraan Elektrik Satu Fasa,F432-005-2:2019,Program Penuh - Persijilan Mengikut Tahap,SKM Tahap 2,Aktif,"KM 5.5, JALAN SABAK 26800 ROMPIN PAHANG",09-4146190,gmrompin@giatmara.edu.my,483,False,False
PAHANG,K02229,GIATMARA TEMERLOH,Automotif-Servis Selepas Jualan,TP-300-2:2013,Program Penuh - Persijilan Mengikut Tahap,SKM Tahap 2,Sekat Pengambilan,"NO. 24, JALAN INDUSTRI 6, TAMAN PERINDUSTRIAN TEMERLOH, 28400 MENTAKAB, PAHANG",09-2775181,gmtemerloh@giatmara.edu.my,489,False,False
PAHANG,K02229,GIATMARA TEMERLOH,PERKHIDMATAN PEMBAIKAN – KENDERAAN RINGAN,G452-002-2:2018,Program Penuh - Persijilan Mengikut Tahap,SKM Tahap 2,Aktif,"NO. 24, JALAN INDUSTRI 6, TAMAN PERINDUSTRIAN TEMERLOH, 28400 MENTAKAB, PAHANG",09-2775181,gmtemerloh@giatmara.edu.my,489,False,False
PAHANG,K02229,GIATMARA TEMERLOH,Pengemasan & Pengecatan Semula Kenderaan,G452-005-3:2019,Program Penuh - Persijilan Mengikut Tahap,SKM Tahap 3,Aktif,"NO. 24, JALAN INDUSTRI 6, TAMAN PERINDUSTRIAN TEMERLOH, 28400 MENTAKAB, PAHANG",09-2775181,gmtemerloh@giatmara.edu.my,489,False,False
PAHANG,K02229,GIATMARA TEMERLOH,Penyemburan Cat Automotif,TP-306-2:2012,Program Penuh - Persijilan Tahap Tunggal,SKM Tahap 2,Sekat Pengambilan,"NO. 24, JALAN INDUSTRI 6, TAMAN PERINDUSTRIAN TEMERLOH, 28400 MENTAKAB, PAHANG",09-2775181,gmtemerloh@giatmara.edu.my,489,False,False
PAHANG,K02229,GIATMARA TEMERLOH,Proses Kimpalan Arka Kepingan Logam,MC-024-3:2012,Program Penuh - Persijilan Mengikut Tahap,SKM Tahap 3,Aktif,"NO. 24, JALAN INDUSTRI 6, TAMAN PERINDUSTRIAN TEMERLOH, 28400 MENTAKAB, PAHANG",09-2775181,gmtemerloh@giatmara.edu.my,489,False,False
PAHANG,L02648,GIT ACADEMY,Pemandu Pelancong,HT-023-3:2012,Program Penuh - Persijilan Mengikut Tahap,SKM Tahap 3,Aktif,"B4,TINGKAT 2, SRI PAHANG BUSINESS CENTRE, LORONG HAJI AHMAD 7, 25150 KUANTAN, PAHANG DARUL MAKMUR.",09-5130686,gitkuantan@gmail.com,1733,False,False
PAHANG,I01044,HICOM UNIVERSITY COLLEGE (AKADEMI SAGA),Operasi Servis Selepas Jualan – Kenderaan Bermotor,G452-002-4:2017,Program Penuh - Persijilan Mengikut Tahap,Diploma Kemahiran Malaysia,Sekat Pengambilan,"KOMPLEKS AUTOMOTIF DRB-HICOM PEKAN, LOT 1449, PT 2204 KAWASAN PERINDUSTRIAN PERAMU JAYA, 26607 PEKAN PAHANG",094242400,ak.saga@dhu.edu.my,909,False,False
PAHANG,I01044,HICOM UNIVERSITY COLLEGE (AKADEMI SAGA),PERKHIDMATAN PEMBAIKAN – KENDERAAN RINGAN,G452-002-2:2018,Program Penuh - Persijilan Mengikut Tahap,SKM Tahap 2,Sekat Pengambilan,"KOMPLEKS AUTOMOTIF DRB-HICOM PEKAN, LOT 1449, PT 2204 KAWASAN PERINDUSTRIAN PERAMU JAYA, 26607 PEKAN PAHANG",094242400,ak.saga@dhu.edu.my,909,False,False
PAHANG,I01044,HICOM UNIVERSITY COLLEGE (AKADEMI SAGA),Perakaunan,FB-100-3:2012,Program Penuh - Persijilan Mengikut Tahap,SKM Tahap 3,Aktif,"KOMPLEKS AUTOMOTIF DRB-HICOM PEKAN, LOT 1449, PT 2204 KAWASAN PERINDUSTRIAN PERAMU JAYA, 26607 PEKAN PAHANG",094242400,ak.saga@dhu.edu.my,909,False,False
PAHANG,I01044,HICOM UNIVERSITY COLLEGE (AKADEMI SAGA),SERVIS DIAGNOSTIK – KENDERAAN RINGAN,G452-002-3:2018,Program Penuh - Persijilan Mengikut Tahap,SKM Tahap 3,Sekat Pengambilan,"KOMPLEKS AUTOMOTIF DRB-HICOM PEKAN, LOT 1449, PT 2204 KAWASAN PERINDUSTRIAN PERAMU JAYA, 26607 PEKAN PAHANG",094242400,ak.saga@dhu.edu.my,909,False,False
PAHANG,K03021,INSTITUT KEMAHIRAN BELIA NEGARA PEKAN,Kawalan Pengeluaran Fabrikasi Peralatan Bertekanan (Logam),C259-001-3:2016,Program Penuh - Persijilan Tahap Tunggal,SKM Tahap 3,Sekat Pengambilan,"KM55,JALAN KUANTAN SEGAMAT 26600 PEKAN PAHANG",09-4514888,anuar.said@kbs.gov.my,499,False,False
PAHANG,K03021,INSTITUT KEMAHIRAN BELIA NEGARA PEKAN,"Operasi Fabrikasi Paip(Minyak, Gas & Petrokimia)",OG-010-3:2011,Program Penuh - Persijilan Tahap Tunggal,SKM Tahap 3,Sekat Pengambilan,"KM55,JALAN KUANTAN SEGAMAT 26600 PEKAN PAHANG",09-4514888,anuar.said@kbs.gov.my,499,False,False
PAHANG,K03021,INSTITUT KEMAHIRAN BELIA NEGARA PEKAN,Operasi Pembaikan dan Pemeriksaan Struktur Komposit Aeroangkasa,C331-016-3:2021,Program Penuh - Persijilan Mengikut Tahap,SKM Tahap 3,Aktif,"KM55,JALAN KUANTAN SEGAMAT 26600 PEKAN PAHANG",09-4514888,anuar.said@kbs.gov.my,499,False,False
PAHANG,K03021,INSTITUT KEMAHIRAN BELIA NEGARA PEKAN,Operasi Pembaikpulih dan Pemeriksaan Struktur Kepingan Logam Aeroangkasa,C331-015-3:2021,Program Penuh - Persijilan Mengikut Tahap,SKM Tahap 3,Aktif,"KM55,JALAN KUANTAN SEGAMAT 26600 PEKAN PAHANG",09-4514888,anuar.said@kbs.gov.my,499,False,False
PAHANG,K03021,INSTITUT KEMAHIRAN BELIA NEGARA PEKAN,Pembaikan Struktur Pesawat-Kepingan Logam,TP-073-3:2012,Program Penuh - Persijilan Mengikut Tahap,SKM Tahap 3,Sekat Pengambilan,"KM55,JALAN KUANTAN SEGAMAT 26600 PEKAN PAHANG",09-4514888,anuar.said@kbs.gov.my,499,False,False
PAHANG,K03021,INSTITUT KEMAHIRAN BELIA NEGARA PEKAN,Pembaikan Struktur Pesawat-Komposit,TP-076-3:2012,Program Penuh - Persijilan Mengikut Tahap,SKM Tahap 3,Sekat Pengambilan,"KM55,JALAN KUANTAN SEGAMAT 26600 PEKAN PAHANG",09-4514888,anuar.said@kbs.gov.my,499,False,False
PAHANG,K03021,INSTITUT KEMAHIRAN BELIA NEGARA PEKAN,"Pengurusan Fabrikasi Paip(Minyak, Gas & Petrokimia)",OG-010-4:2012,Program Penuh - Persijilan Mengikut Tahap,Diploma Kemahiran Malaysia,Sekat Pengambilan,"KM55,JALAN KUANTAN SEGAMAT 26600 PEKAN PAHANG",09-4514888,anuar.said@kbs.gov.my,499,False,False
PAHANG,K03016,INSTITUT KEMAHIRAN TINGGI BELIA NEGARA TEMERLOH,Operasi Servis Selepas Jualan – Kenderaan Bermotor,G452-002-4:2017,Program Penuh - Persijilan Mengikut Tahap,Diploma Kemahiran Malaysia,Sekat Pengambilan,"BATU 10, KAMPUNG BONGSU LANCHANG PAHANG 28500, TEMERLOH, PAHANG",09-2805550,azian.hussain@kbs.gov.my,498,False,False
PAHANG,K03016,INSTITUT KEMAHIRAN TINGGI BELIA NEGARA TEMERLOH,PENGELUARAN FOUNDRI,MC-070-2:2013,Program Penuh - Persijilan Mengikut Tahap,SKM Tahap 2,Aktif,"BATU 10, KAMPUNG BONGSU LANCHANG PAHANG 28500, TEMERLOH, PAHANG",09-2805550,azian.hussain@kbs.gov.my,498,False,False
PAHANG,K03016,INSTITUT KEMAHIRAN TINGGI BELIA NEGARA TEMERLOH,PERKHIDMATAN PEMBAIKAN – KENDERAAN RINGAN,G452-002-2:2018,Program Penuh - Persijilan Mengikut Tahap,SKM Tahap 2,Sekat Pengambilan,"BATU 10, KAMPUNG BONGSU LANCHANG PAHANG 28500, TEMERLOH, PAHANG",09-2805550,azian.hussain@kbs.gov.my,498,False,False
PAHANG,K03016,INSTITUT KEMAHIRAN TINGGI BELIA NEGARA TEMERLOH,PERKHIDMATAN PEMBAIKAN – KENDERAAN RINGAN,G452-002-2:2018,Program Micro Credential,SKM Tahap 2,Aktif,"BATU 10, KAMPUNG BONGSU LANCHANG PAHANG 28500, TEMERLOH, PAHANG",09-2805550,azian.hussain@kbs.gov.my,498,False,False
PAHANG,K03016,INSTITUT KEMAHIRAN TINGGI BELIA NEGARA TEMERLOH,PERKHIDMATAN TEKNIKAL PERCETAKAN DIGITAL,C181-001-2:2023,Program Penuh - Persijilan Mengikut Tahap,SKM Tahap 2,Aktif,"BATU 10, KAMPUNG BONGSU LANCHANG PAHANG 28500, TEMERLOH, PAHANG",09-2805550,azian.hussain@kbs.gov.my,498,False,False
PAHANG,K03016,INSTITUT KEMAHIRAN TINGGI BELIA NEGARA TEMERLOH,"Pemasangan dan Penyelenggaraan Satu Fasa Penyamanan Udara, Pengudaraan, Pemanasan (HVAC)",F432-007-3:2020,Program Penuh - Persijilan Mengikut Tahap,SKM Tahap 3,Aktif,"BATU 10, KAMPUNG BONGSU LANCHANG PAHANG 28500, TEMERLOH, PAHANG",09-2805550,azian.hussain@kbs.gov.my,498,False,False
PAHANG,K03016,INSTITUT KEMAHIRAN TINGGI BELIA NEGARA TEMERLOH,Pengemasan & Pengecatan Semula Kenderaan,G452-005-3:2019,Program Penuh - Persijilan Mengikut Tahap,SKM Tahap 3,Aktif,"BATU 10, KAMPUNG BONGSU LANCHANG PAHANG 28500, TEMERLOH, PAHANG",09-2805550,azian.hussain@kbs.gov.my,498,False,False
PAHANG,K03016,INSTITUT KEMAHIRAN TINGGI BELIA NEGARA TEMERLOH,Penyeliaan Pengeluaran Foundri,MC-070-3:2013,Program Penuh - Persijilan Mengikut Tahap,SKM Tahap 3,Aktif,"BATU 10, KAMPUNG BONGSU LANCHANG PAHANG 28500, TEMERLOH, PAHANG",09-2805550,azian.hussain@kbs.gov.my,498,False,False
PAHANG,K03016,INSTITUT KEMAHIRAN TINGGI BELIA NEGARA TEMERLOH,Penyemburan Cat Automotif,TP-306-3:2012,Program Penuh - Persijilan Tahap Tunggal,SKM Tahap 3,Sekat Pengambilan,"BATU 10, KAMPUNG BONGSU LANCHANG PAHANG 28500, TEMERLOH, PAHANG",09-2805550,azian.hussain@kbs.gov.my,498,False,False
PAHANG,K03016,INSTITUT KEMAHIRAN TINGGI BELIA NEGARA TEMERLOH,SERVIS DIAGNOSTIK – KENDERAAN RINGAN,G452-002-3:2018,Program Penuh - Persijilan Mengikut Tahap,SKM Tahap 3,Sekat Pengambilan,"BATU 10, KAMPUNG BONGSU LANCHANG PAHANG 28500, TEMERLOH, PAHANG",09-2805550,azian.hussain@kbs.gov.my,498,False,False
PAHANG,K03016,INSTITUT KEMAHIRAN TINGGI BELIA NEGARA TEMERLOH,SERVIS DIAGNOSTIK – KENDERAAN RINGAN,G452-002-3:2018,Program Penuh - Persijilan Tahap Tunggal,SKM Tahap 3,Aktif,"BATU 10, KAMPUNG BONGSU LANCHANG PAHANG 28500, TEMERLOH, PAHANG",09-2805550,azian.hussain@kbs.gov.my,498,False,False
PAHANG,L02859,INSTITUT KEMAHIRAN TINGGI TVET (JERANTUT),Operasi Sistem Komputer,IT-020-3:2013,Program Penuh - Persijilan Mengikut Tahap,SKM Tahap 3,Aktif,"No 20, 21, 22, 23 & 23A, Tingkat Atas, No 25 (Tengah), No 22, 23, 23A & 25 (Bawah), Jalan IP 1, Taman Impian Permai, 27000 Jerantut, Pahang",092671714,adminpahang@mytvet.edu.my,17243,False,False
PAHANG,L02859,INSTITUT KEMAHIRAN TINGGI TVET (JERANTUT),PEMBUATAN PASTRI,HT-014-2:2011,Program Penuh - Persijilan Mengikut Tahap,SKM Tahap 2,Aktif,"No 20, 21, 22, 23 & 23A, Tingkat Atas, No 25 (Tengah), No 22, 23, 23A & 25 (Bawah), Jalan IP 1, Taman Impian Permai, 27000 Jerantut, Pahang",092671714,adminpahang@mytvet.edu.my,17243,False,False
PAHANG,L02859,INSTITUT KEMAHIRAN TINGGI TVET (JERANTUT),PERKHIDMATAN PEMBAIKAN – KENDERAAN RINGAN,G452-002-2:2018,Program Penuh - Persijilan Mengikut Tahap,SKM Tahap 2,Aktif,"No 20, 21, 22, 23 & 23A, Tingkat Atas, No 25 (Tengah), No 22, 23, 23A & 25 (Bawah), Jalan IP 1, Taman Impian Permai, 27000 Jerantut, Pahang",092671714,adminpahang@mytvet.edu.my,17243,False,False
PAHANG,L02859,INSTITUT KEMAHIRAN TINGGI TVET (JERANTUT),Pemasangan dan Penyelenggaraan Elektrik Satu Fasa,F432-005-2:2019,Program Penuh - Persijilan Mengikut Tahap,SKM Tahap 2,Aktif,"No 20, 21, 22, 23 & 23A, Tingkat Atas, No 25 (Tengah), No 22, 23, 23A & 25 (Bawah), Jalan IP 1, Taman Impian Permai, 27000 Jerantut, Pahang",092671714,adminpahang@mytvet.edu.my,17243,False,False
PAHANG,L02859,INSTITUT KEMAHIRAN TINGGI TVET (JERANTUT),"Pemasangan dan Penyelenggaraan Satu Fasa Penyamanan Udara, Pengudaraan, Pemanasan (HVAC)",F432-007-3:2020,Program Penuh - Persijilan Mengikut Tahap,SKM Tahap 3,Aktif,"No 20, 21, 22, 23 & 23A, Tingkat Atas, No 25 (Tengah), No 22, 23, 23A & 25 (Bawah), Jalan IP 1, Taman Impian Permai, 27000 Jerantut, Pahang",092671714,adminpahang@mytvet.edu.my,17243,False,False
PAHANG,K06018,INSTITUT PERTANIAN KUALA LIPIS,OPERASI PENGELUARAN TANAMAN,A016-001-3:2016,Program Penuh - Persijilan Mengikut Tahap,SKM Tahap 3,Sekat Pengambilan,27209 KUALA LIPIS PAHANG,09-3121328,ipklipis@doa.gov.my,516,False,False
PAHANG,K22003,Institut Kemahiran Tenun Pahang Diraja,PENGELUARAN TENUNAN WARISAN,C131-004-3:2023,Program Penuh - Persijilan Mengikut Tahap,SKM Tahap 3,Sekat Pengambilan,"Perkampungan Kraf Diraja Tunku Azizah Kampung Pulau Keladi, 26600 Pekan Pahang Darul Makmur",09-422 1612,sakkikn@kraftangan.gov.my,17390,False,False
PAHANG,K01502,KAMPUS SATELIT CIAST ADTEC JTM KAMPUS JERANTUT,PENGAJARAN TVET,P853-002-4:2021,Program Penuh - Persijilan Mengikut Tahap,Diploma Kemahiran Malaysia,Aktif,"KM 9, JALAN JERANTUT TEMERLOH, 27000 JERANTUT, PAHANG",09-2608233,syamsol.amer@ciast.gov.my,1719,False,False
PAHANG,K16005,KOLEJ ISLAM ANTARABANGSA CAWANGAN KUALA LIPIS,Pembangunan Multimedia Kreatif,J582-001-4:2025,Program Penuh - Persijilan Tahap Tunggal,Diploma Kemahiran Malaysia,Aktif,"L4-24 TINGKAT 4 LIPIS CENTREPOINT, LIPIS CENTREPOINT,",0126458990,kolejdiplomakemahiran2022@gmail.com,13993,False,False
PAHANG,K16005,KOLEJ ISLAM ANTARABANGSA CAWANGAN KUALA LIPIS,Pengurusan Pentadbiran,FB-025-4:2012,Program Penuh - Persijilan Tahap Tunggal,Diploma Kemahiran Malaysia,Sekat Pengambilan,"L4-24 TINGKAT 4 LIPIS CENTREPOINT, LIPIS CENTREPOINT,",0126458990,kolejdiplomakemahiran2022@gmail.com,13993,False,False
PAHANG,K16005,KOLEJ ISLAM ANTARABANGSA CAWANGAN KUALA LIPIS,Penyeliaan Pengasuhan dan Pendidikan Perkembangan Awal Kanak-Kanak,T982-001-4:2018,Program Penuh - Persijilan Tahap Tunggal,Diploma Kemahiran Malaysia,Sekat Pengambilan,"L4-24 TINGKAT 4 LIPIS CENTREPOINT, LIPIS CENTREPOINT,",0126458990,kolejdiplomakemahiran2022@gmail.com,13993,False,False
PAHANG,L02490,KOLEJ KEMAHIRAN PAHANG,OPERASI SENI KULINARI,I561-005-3:2022,Program Penuh - Persijilan Tahap Tunggal,SKM Tahap 3,Aktif,"LOT A5, A6 & P1-P24, JALAN SIANTAN, BANGUNAN ARKED MARA MENTAKAB, ALAMAT PREMIS TAMBAHAN: NO. 1, 3 & 5, JALAN CHENGAL BATU 6, PUSAT PERNIAGAAN CHENGAL, 28000 TEMERLOH, PAHANG",09-2779290,kolejkemahiranpahang@gmail.com,537,False,False
PAHANG,L02490,KOLEJ KEMAHIRAN PAHANG,OPERASI SENI KULINARI,I561-005-3:2022,Program Penuh - Persijilan Mengikut Tahap,SKM Tahap 3,Aktif,"LOT A5, A6 & P1-P24, JALAN SIANTAN, BANGUNAN ARKED MARA MENTAKAB, ALAMAT PREMIS TAMBAHAN: NO. 1, 3 & 5, JALAN CHENGAL BATU 6, PUSAT PERNIAGAAN CHENGAL, 28000 TEMERLOH, PAHANG",09-2779290,kolejkemahiranpahang@gmail.com,537,False,False
PAHANG,L02490,KOLEJ KEMAHIRAN PAHANG,PENGHASILAN SENI KULINARI,I561-005-4:2025,Program Penuh - Persijilan Mengikut Tahap,Diploma Kemahiran Malaysia,Aktif,"LOT A5, A6 & P1-P24, JALAN SIANTAN, BANGUNAN ARKED MARA MENTAKAB, ALAMAT PREMIS TAMBAHAN: NO. 1, 3 & 5, JALAN CHENGAL BATU 6, PUSAT PERNIAGAAN CHENGAL, 28000 TEMERLOH, PAHANG",09-2779290,kolejkemahiranpahang@gmail.com,537,False,False
PAHANG,L02490,KOLEJ KEMAHIRAN PAHANG,PENYEDIAAN DAN PENGHASILAN MAKANAN,I561-005-2:2022,Program Penuh - Persijilan Mengikut Tahap,SKM Tahap 2,Aktif,"LOT A5, A6 & P1-P24, JALAN SIANTAN, BANGUNAN ARKED MARA MENTAKAB, ALAMAT PREMIS TAMBAHAN: NO. 1, 3 & 5, JALAN CHENGAL BATU 6, PUSAT PERNIAGAAN CHENGAL, 28000 TEMERLOH, PAHANG",09-2779290,kolejkemahiranpahang@gmail.com,537,False,False
PAHANG,L02490,KOLEJ KEMAHIRAN PAHANG,PERKHIDMATAN PEMBAIKAN – KENDERAAN RINGAN,G452-002-2:2018,Program Penuh - Persijilan Mengikut Tahap,SKM Tahap 2,Aktif,"LOT A5, A6 & P1-P24, JALAN SIANTAN, BANGUNAN ARKED MARA MENTAKAB, ALAMAT PREMIS TAMBAHAN: NO. 1, 3 & 5, JALAN CHENGAL BATU 6, PUSAT PERNIAGAAN CHENGAL, 28000 TEMERLOH, PAHANG",09-2779290,kolejkemahiranpahang@gmail.com,537,False,False
PAHANG,L02490,KOLEJ KEMAHIRAN PAHANG,Pemasangan Sistem Kejuruteraan Automasi Industri,MC-091-3:2016,Program Penuh - Persijilan Mengikut Tahap,SKM Tahap 3,Aktif,"LOT A5, A6 & P1-P24, JALAN SIANTAN, BANGUNAN ARKED MARA MENTAKAB, ALAMAT PREMIS TAMBAHAN: NO. 1, 3 & 5, JALAN CHENGAL BATU 6, PUSAT PERNIAGAAN CHENGAL, 28000 TEMERLOH, PAHANG",09-2779290,kolejkemahiranpahang@gmail.com,537,False,False
PAHANG,L02490,KOLEJ KEMAHIRAN PAHANG,Pemasangan Sistem Kejuruteraan Automasi Industri,MC-091-3:2016,Program Penuh - Persijilan Tahap Tunggal,SKM Tahap 3,Aktif,"LOT A5, A6 & P1-P24, JALAN SIANTAN, BANGUNAN ARKED MARA MENTAKAB, ALAMAT PREMIS TAMBAHAN: NO. 1, 3 & 5, JALAN CHENGAL BATU 6, PUSAT PERNIAGAAN CHENGAL, 28000 TEMERLOH, PAHANG",09-2779290,kolejkemahiranpahang@gmail.com,537,False,False
PAHANG,L02490,KOLEJ KEMAHIRAN PAHANG,Perkhidmatan Kejuruteraan Automasi Industri,MC-091-2:2016,Program Penuh - Persijilan Mengikut Tahap,SKM Tahap 2,Aktif,"LOT A5, A6 & P1-P24, JALAN SIANTAN, BANGUNAN ARKED MARA MENTAKAB, ALAMAT PREMIS TAMBAHAN: NO. 1, 3 & 5, JALAN CHENGAL BATU 6, PUSAT PERNIAGAAN CHENGAL, 28000 TEMERLOH, PAHANG",09-2779290,kolejkemahiranpahang@gmail.com,537,False,False
PAHANG,L02490,KOLEJ KEMAHIRAN PAHANG,SERVIS DIAGNOSTIK – KENDERAAN RINGAN,G452-002-3:2018,Program Penuh - Persijilan Mengikut Tahap,SKM Tahap 3,Aktif,"LOT A5, A6 & P1-P24, JALAN SIANTAN, BANGUNAN ARKED MARA MENTAKAB, ALAMAT PREMIS TAMBAHAN: NO. 1, 3 & 5, JALAN CHENGAL BATU 6, PUSAT PERNIAGAAN CHENGAL, 28000 TEMERLOH, PAHANG",09-2779290,kolejkemahiranpahang@gmail.com,537,False,False
PAHANG,L02490,KOLEJ KEMAHIRAN PAHANG,SERVIS DIAGNOSTIK – KENDERAAN RINGAN,G452-002-3:2018,Program Penuh - Persijilan Tahap Tunggal,SKM Tahap 3,Aktif,"LOT A5, A6 & P1-P24, JALAN SIANTAN, BANGUNAN ARKED MARA MENTAKAB, ALAMAT PREMIS TAMBAHAN: NO. 1, 3 & 5, JALAN CHENGAL BATU 6, PUSAT PERNIAGAAN CHENGAL, 28000 TEMERLOH, PAHANG",09-2779290,kolejkemahiranpahang@gmail.com,537,False,False
PAHANG,L02490,KOLEJ KEMAHIRAN PAHANG,SOKONGAN SISTEM KEJURUTERAAN AUTOMASI INDUSTRI,MC-091-4:2016,Program Penuh - Persijilan Mengikut Tahap,Diploma Kemahiran Malaysia,Aktif,"LOT A5, A6 & P1-P24, JALAN SIANTAN, BANGUNAN ARKED MARA MENTAKAB, ALAMAT PREMIS TAMBAHAN: NO. 1, 3 & 5, JALAN CHENGAL BATU 6, PUSAT PERNIAGAAN CHENGAL, 28000 TEMERLOH, PAHANG",09-2779290,kolejkemahiranpahang@gmail.com,537,False,False
PAHANG,L02905,KOLEJ TEJA,OPERASI SENI KULINARI,I561-005-3:2022,Program Penuh - Persijilan Mengikut Tahap,SKM Tahap 3,Aktif,"NO. 23-1, NO. 20 & NO.18, JALAN BANDAR PUTRA 1A, BANDAR PUTRA PERAMU,",01166161760,tejaskillsresources@gmail.com,18659,False,False
PAHANG,L02905,KOLEJ TEJA,PEMBUATAN PAKAIAN WANITA,C141-005-2:2021,Program Penuh - Persijilan Mengikut Tahap,SKM Tahap 2,Aktif,"NO. 23-1, NO. 20 & NO.18, JALAN BANDAR PUTRA 1A, BANDAR PUTRA PERAMU,",01166161760,tejaskillsresources@gmail.com,18659,False,False
PAHANG,L02905,KOLEJ TEJA,PENYEDIAAN DAN PENGHASILAN MAKANAN,I561-005-2:2022,Program Penuh - Persijilan Mengikut Tahap,SKM Tahap 2,Aktif,"NO. 23-1, NO. 20 & NO.18, JALAN BANDAR PUTRA 1A, BANDAR PUTRA PERAMU,",01166161760,tejaskillsresources@gmail.com,18659,False,False
PAHANG,K01107,KOLEJ TEKNOLOGI TERMAJU JABATAN TENAGA MANUSIA (ADTEC JTM) KAMPUS JERANTUT,Koordinasi Pembuatan (CAD/CAM),MC-050-4:2012,Program Penuh - Persijilan Tahap Tunggal,Diploma Kemahiran Malaysia,Aktif,"KM 9, JALAN JERANTUT - TEMERLOH, 27000 JERANTUT, PAHANG.",092663391,mridzuan@jtm.gov.my,481,False,False
PAHANG,K01107,KOLEJ TEKNOLOGI TERMAJU JABATAN TENAGA MANUSIA (ADTEC JTM) KAMPUS JERANTUT,Koordinasi Pembuatan (CAD/CAM),MC-050-4:2012,Program Penuh - Persijilan Mengikut Tahap,Diploma Kemahiran Malaysia,Sekat Pengambilan,"KM 9, JALAN JERANTUT - TEMERLOH, 27000 JERANTUT, PAHANG.",092663391,mridzuan@jtm.gov.my,481,False,False
PAHANG,K01107,KOLEJ TEKNOLOGI TERMAJU JABATAN TENAGA MANUSIA (ADTEC JTM) KAMPUS JERANTUT,OPERASI PEMESINAN CNC,C259-006-3:2020,Program Penuh - Persijilan Tahap Tunggal,SKM Tahap 3,Aktif,"KM 9, JALAN JERANTUT - TEMERLOH, 27000 JERANTUT, PAHANG.",092663391,mridzuan@jtm.gov.my,481,False,False
PAHANG,K01107,KOLEJ TEKNOLOGI TERMAJU JABATAN TENAGA MANUSIA (ADTEC JTM) KAMPUS JERANTUT,PEMBANGUNAN PRODUK INDUSTRI,MC-040-3:2013,Program Penuh - Persijilan Mengikut Tahap,SKM Tahap 3,Aktif,"KM 9, JALAN JERANTUT - TEMERLOH, 27000 JERANTUT, PAHANG.",092663391,mridzuan@jtm.gov.my,481,False,False
PAHANG,K01107,KOLEJ TEKNOLOGI TERMAJU JABATAN TENAGA MANUSIA (ADTEC JTM) KAMPUS JERANTUT,PENGURUSAN TEKNOLOGI KIMPALAN,MC-024-4:2012,Program Penuh - Persijilan Mengikut Tahap,Diploma Kemahiran Malaysia,Aktif,"KM 9, JALAN JERANTUT - TEMERLOH, 27000 JERANTUT, PAHANG.",092663391,mridzuan@jtm.gov.my,481,False,False
PAHANG,K01107,KOLEJ TEKNOLOGI TERMAJU JABATAN TENAGA MANUSIA (ADTEC JTM) KAMPUS JERANTUT,PENGURUSAN TEKNOLOGI KIMPALAN,MC-024-4:2012,Program Penuh - Persijilan Tahap Tunggal,Diploma Kemahiran Malaysia,Aktif,"KM 9, JALAN JERANTUT - TEMERLOH, 27000 JERANTUT, PAHANG.",092663391,mridzuan@jtm.gov.my,481,False,False
PAHANG,K01107,KOLEJ TEKNOLOGI TERMAJU JABATAN TENAGA MANUSIA (ADTEC JTM) KAMPUS JERANTUT,Pembangunan Rekabentuk & Pengaturcaraan Pemesinan,C259-006-4:2020,Program Penuh - Persijilan Tahap Tunggal,Diploma Kemahiran Malaysia,Aktif,"KM 9, JALAN JERANTUT - TEMERLOH, 27000 JERANTUT, PAHANG.",092663391,mridzuan@jtm.gov.my,481,False,False
PAHANG,K01107,KOLEJ TEKNOLOGI TERMAJU JABATAN TENAGA MANUSIA (ADTEC JTM) KAMPUS JERANTUT,Pembangunan Rekabentuk & Pengaturcaraan Pemesinan,C259-006-4:2020,Program Penuh - Persijilan Mengikut Tahap,Diploma Kemahiran Malaysia,Aktif,"KM 9, JALAN JERANTUT - TEMERLOH, 27000 JERANTUT, PAHANG.",092663391,mridzuan@jtm.gov.my,481,False,False
PAHANG,K01107,KOLEJ TEKNOLOGI TERMAJU JABATAN TENAGA MANUSIA (ADTEC JTM) KAMPUS JERANTUT,Rekabentuk & Pembangunan Produk Industri,MC-040-4:2013,Program Penuh - Persijilan Mengikut Tahap,Diploma Kemahiran Malaysia,Aktif,"KM 9, JALAN JERANTUT - TEMERLOH, 27000 JERANTUT, PAHANG.",092663391,mridzuan@jtm.gov.my,481,False,False
PAHANG,K01107,KOLEJ TEKNOLOGI TERMAJU JABATAN TENAGA MANUSIA (ADTEC JTM) KAMPUS JERANTUT,Rekabentuk & Pembangunan Produk Industri,MC-040-4:2013,Program Penuh - Persijilan Tahap Tunggal,Diploma Kemahiran Malaysia,Aktif,"KM 9, JALAN JERANTUT - TEMERLOH, 27000 JERANTUT, PAHANG.",092663391,mridzuan@jtm.gov.my,481,False,False
PAHANG,K01107,KOLEJ TEKNOLOGI TERMAJU JABATAN TENAGA MANUSIA (ADTEC JTM) KAMPUS JERANTUT,Teknologi Pengeluaran Plastik,MC-100-4:2012,Program Penuh - Persijilan Tahap Tunggal,Diploma Kemahiran Malaysia,Sekat Pengambilan,"KM 9, JALAN JERANTUT - TEMERLOH, 27000 JERANTUT, PAHANG.",092663391,mridzuan@jtm.gov.my,481,False,False
PAHANG,K01107,KOLEJ TEKNOLOGI TERMAJU JABATAN TENAGA MANUSIA (ADTEC JTM) KAMPUS JERANTUT,Teknologi Pengeluaran Plastik,MC-100-4:2012,Program Penuh - Persijilan Mengikut Tahap,Diploma Kemahiran Malaysia,Sekat Pengambilan,"KM 9, JALAN JERANTUT - TEMERLOH, 27000 JERANTUT, PAHANG.",092663391,mridzuan@jtm.gov.my,481,False,False
PAHANG,K01007,KOLEJ TEKNOLOGI TERMAJU JABATAN TENAGA MANUSIA (ADTEC JTM) KAMPUS KUANTAN,Lukisan Pelan Senibina,BC-050-3:2013,Program Penuh - Persijilan Mengikut Tahap,SKM Tahap 3,Sekat Pengambilan,"LOT 10, KAWASAN PERINDUSTRIAN GEBENG, 26080 KUANTAN PAHANG",09-5861660,p.ilpkuantan@gov.my,479,False,False
PAHANG,K01007,KOLEJ TEKNOLOGI TERMAJU JABATAN TENAGA MANUSIA (ADTEC JTM) KAMPUS KUANTAN,OPERASI PEMESINAN CNC,C259-006-3:2020,Program Penuh - Persijilan Tahap Tunggal,SKM Tahap 3,Aktif,"LOT 10, KAWASAN PERINDUSTRIAN GEBENG, 26080 KUANTAN PAHANG",09-5861660,p.ilpkuantan@gov.my,479,False,False
PAHANG,K01007,KOLEJ TEKNOLOGI TERMAJU JABATAN TENAGA MANUSIA (ADTEC JTM) KAMPUS KUANTAN,"Operasi Fabrikasi Struktur Logam (Minyak, Gas & Petrokimia)",OG-011-3:2011,Program Penuh - Persijilan Mengikut Tahap,SKM Tahap 3,Sekat Pengambilan,"LOT 10, KAWASAN PERINDUSTRIAN GEBENG, 26080 KUANTAN PAHANG",09-5861660,p.ilpkuantan@gov.my,479,False,False
PAHANG,K01007,KOLEJ TEKNOLOGI TERMAJU JABATAN TENAGA MANUSIA (ADTEC JTM) KAMPUS KUANTAN,Operasi Penyelenggaraan Industri,ME-010-3:2012,Program Penuh - Persijilan Mengikut Tahap,SKM Tahap 3,Sekat Pengambilan,"LOT 10, KAWASAN PERINDUSTRIAN GEBENG, 26080 KUANTAN PAHANG",09-5861660,p.ilpkuantan@gov.my,479,False,False
PAHANG,K01007,KOLEJ TEKNOLOGI TERMAJU JABATAN TENAGA MANUSIA (ADTEC JTM) KAMPUS KUANTAN,Operasi Penyelenggaraan Industri,C331-012-3:2020,Program Penuh - Persijilan Mengikut Tahap,SKM Tahap 3,Aktif,"LOT 10, KAWASAN PERINDUSTRIAN GEBENG, 26080 KUANTAN PAHANG",09-5861660,p.ilpkuantan@gov.my,479,False,False
PAHANG,K01007,KOLEJ TEKNOLOGI TERMAJU JABATAN TENAGA MANUSIA (ADTEC JTM) KAMPUS KUANTAN,Operasi Sistem Komputer,IT-020-3:2013,Program Penuh - Persijilan Mengikut Tahap,SKM Tahap 3,Aktif,"LOT 10, KAWASAN PERINDUSTRIAN GEBENG, 26080 KUANTAN PAHANG",09-5861660,p.ilpkuantan@gov.my,479,False,False
PAHANG,K01007,KOLEJ TEKNOLOGI TERMAJU JABATAN TENAGA MANUSIA (ADTEC JTM) KAMPUS KUANTAN,PROSES KIMPALAN ARKA LOGAM BERPERISAI,C259-008-3:2022,Program Penuh - Persijilan Mengikut Tahap,SKM Tahap 3,Aktif,"LOT 10, KAWASAN PERINDUSTRIAN GEBENG, 26080 KUANTAN PAHANG",09-5861660,p.ilpkuantan@gov.my,479,False,False
PAHANG,K01007,KOLEJ TEKNOLOGI TERMAJU JABATAN TENAGA MANUSIA (ADTEC JTM) KAMPUS KUANTAN,Pemasangan Sistem Kejuruteraan Automasi Industri,MC-091-3:2016,Program Penuh - Persijilan Tahap Tunggal,SKM Tahap 3,Aktif,"LOT 10, KAWASAN PERINDUSTRIAN GEBENG, 26080 KUANTAN PAHANG",09-5861660,p.ilpkuantan@gov.my,479,False,False
PAHANG,K01007,KOLEJ TEKNOLOGI TERMAJU JABATAN TENAGA MANUSIA (ADTEC JTM) KAMPUS KUANTAN,Pemasangan dan Penyelenggaraan Elektrik Tiga Fasa,F432-005-3:2019,Program Penuh - Persijilan Tahap Tunggal,SKM Tahap 3,Aktif,"LOT 10, KAWASAN PERINDUSTRIAN GEBENG, 26080 KUANTAN PAHANG",09-5861660,p.ilpkuantan@gov.my,479,False,False
PAHANG,K01007,KOLEJ TEKNOLOGI TERMAJU JABATAN TENAGA MANUSIA (ADTEC JTM) KAMPUS KUANTAN,Pembuatan Logam Penekanan Dai,MC-031-3:2015,Program Penuh - Persijilan Tahap Tunggal,SKM Tahap 3,Aktif,"LOT 10, KAWASAN PERINDUSTRIAN GEBENG, 26080 KUANTAN PAHANG",09-5861660,p.ilpkuantan@gov.my,479,False,False
PAHANG,K01007,KOLEJ TEKNOLOGI TERMAJU JABATAN TENAGA MANUSIA (ADTEC JTM) KAMPUS KUANTAN,"Pengurusan Fabrikasi Struktur(Minyak, Gas & Petrokimia)",OG-011-4:2012,Program Penuh - Persijilan Mengikut Tahap,Diploma Kemahiran Malaysia,Sekat Pengambilan,"LOT 10, KAWASAN PERINDUSTRIAN GEBENG, 26080 KUANTAN PAHANG",09-5861660,p.ilpkuantan@gov.my,479,False,False
PAHANG,K01007,KOLEJ TEKNOLOGI TERMAJU JABATAN TENAGA MANUSIA (ADTEC JTM) KAMPUS KUANTAN,Pentadbiran Teknikal Senibina,BC-050-4:2013,Program Penuh - Persijilan Mengikut Tahap,Diploma Kemahiran Malaysia,Sekat Pengambilan,"LOT 10, KAWASAN PERINDUSTRIAN GEBENG, 26080 KUANTAN PAHANG",09-5861660,p.ilpkuantan@gov.my,479,False,False
PAHANG,K01007,KOLEJ TEKNOLOGI TERMAJU JABATAN TENAGA MANUSIA (ADTEC JTM) KAMPUS KUANTAN,Proses Kimpalan Arka Kepingan Logam,MC-024-3:2012,Program Penuh - Persijilan Mengikut Tahap,SKM Tahap 3,Sekat Pengambilan,"LOT 10, KAWASAN PERINDUSTRIAN GEBENG, 26080 KUANTAN PAHANG",09-5861660,p.ilpkuantan@gov.my,479,False,False
PAHANG,K01007,KOLEJ TEKNOLOGI TERMAJU JABATAN TENAGA MANUSIA (ADTEC JTM) KAMPUS KUANTAN,SERVIS DIAGNOSTIK – KENDERAAN RINGAN,G452-002-3:2018,Program Penuh - Persijilan Tahap Tunggal,SKM Tahap 3,Aktif,"LOT 10, KAWASAN PERINDUSTRIAN GEBENG, 26080 KUANTAN PAHANG",09-5861660,p.ilpkuantan@gov.my,479,False,False
PAHANG,K05086,KOLEJ VOKASIONAL (PERTANIAN) CHENOR,Juruteknik Kanan Makmal Bioteknologi Umum,BT-020-3,Program Penuh - Persijilan Tahap Tunggal,SKM Tahap 3,Sekat Pengambilan,BANDAR BARU CHENOR 28100 CHENOR PAHANG,092995330,cha9001@moe.edu.my,507,False,False
PAHANG,K05086,KOLEJ VOKASIONAL (PERTANIAN) CHENOR,OPERASI PENGELUARAN TANAMAN,A016-001-3:2016,Program Penuh - Persijilan Mengikut Tahap,SKM Tahap 3,Sekat Pengambilan,BANDAR BARU CHENOR 28100 CHENOR PAHANG,092995330,cha9001@moe.edu.my,507,False,False
PAHANG,K05086,KOLEJ VOKASIONAL (PERTANIAN) CHENOR,Operasi Jentera Pertanian & Perladangan,AF-062-3:2012,Program Penuh - Persijilan Mengikut Tahap,SKM Tahap 3,Sekat Pengambilan,BANDAR BARU CHENOR 28100 CHENOR PAHANG,092995330,cha9001@moe.edu.my,507,False,False
PAHANG,K05086,KOLEJ VOKASIONAL (PERTANIAN) CHENOR,Operasi Ladang Poltri,AF-071-3:2015,Program Penuh - Persijilan Mengikut Tahap,SKM Tahap 3,Sekat Pengambilan,BANDAR BARU CHENOR 28100 CHENOR PAHANG,092995330,cha9001@moe.edu.my,507,False,False
PAHANG,K05086,KOLEJ VOKASIONAL (PERTANIAN) CHENOR,PENYEDIAAN DAN PENGHASILAN MAKANAN,I561-005-2:2022,Program Penuh - Persijilan Mengikut Tahap,SKM Tahap 2,Aktif,BANDAR BARU CHENOR 28100 CHENOR PAHANG,092995330,cha9001@moe.edu.my,507,False,False
PAHANG,K05086,KOLEJ VOKASIONAL (PERTANIAN) CHENOR,PENYELIAAN LADANG RUMINAN,A014-001-3:2019,Program Penuh - Persijilan Tahap Tunggal,SKM Tahap 3,Aktif,BANDAR BARU CHENOR 28100 CHENOR PAHANG,092995330,cha9001@moe.edu.my,507,False,False
PAHANG,K05086,KOLEJ VOKASIONAL (PERTANIAN) CHENOR,PENYELIAAN PEMBINAAN LANSKAP,F439-002-3:2017,Program Penuh - Persijilan Tahap Tunggal,SKM Tahap 3,Aktif,BANDAR BARU CHENOR 28100 CHENOR PAHANG,092995330,cha9001@moe.edu.my,507,False,False
PAHANG,K05086,KOLEJ VOKASIONAL (PERTANIAN) CHENOR,Pengeluaran Makanan,AF-018-3:2014,Program Penuh - Persijilan Mengikut Tahap,SKM Tahap 3,Sekat Pengambilan,BANDAR BARU CHENOR 28100 CHENOR PAHANG,092995330,cha9001@moe.edu.my,507,False,False
PAHANG,K05086,KOLEJ VOKASIONAL (PERTANIAN) CHENOR,Pengeluaran Makanan (Pemprosesan),C107-002-3:2020,Program Penuh - Persijilan Mengikut Tahap,SKM Tahap 3,Aktif,BANDAR BARU CHENOR 28100 CHENOR PAHANG,092995330,cha9001@moe.edu.my,507,False,False
PAHANG,K05086,KOLEJ VOKASIONAL (PERTANIAN) CHENOR,Penyelia Akuakultur (Ternakan Air Tawar),AF-034-3,Program Penuh - Persijilan Tahap Tunggal,SKM Tahap 3,Sekat Pengambilan,BANDAR BARU CHENOR 28100 CHENOR PAHANG,092995330,cha9001@moe.edu.my,507,False,False
PAHANG,K05086,KOLEJ VOKASIONAL (PERTANIAN) CHENOR,Penyelia Ladang Ruminan,AF-060-3,Program Penuh - Persijilan Tahap Tunggal,SKM Tahap 3,Sekat Pengambilan,BANDAR BARU CHENOR 28100 CHENOR PAHANG,092995330,cha9001@moe.edu.my,507,False,False
PAHANG,K05086,KOLEJ VOKASIONAL (PERTANIAN) CHENOR,Penyelia Pembinaan Lanskap,LE-010-3,Program Penuh - Persijilan Tahap Tunggal,SKM Tahap 3,Sekat Pengambilan,BANDAR BARU CHENOR 28100 CHENOR PAHANG,092995330,cha9001@moe.edu.my,507,False,False
PAHANG,K05031,KOLEJ VOKASIONAL KUANTAN,Automotif-Servis Selepas Jualan,TP-300-3:2013,Program Penuh - Persijilan Tahap Tunggal,SKM Tahap 3,Sekat Pengambilan,"JALAN TENGKU MUHAMAD, 25050 KUANTAN, PAHANG",09-5661 705,kolejvokasionalkuantan@gmail.com,501,False,False
PAHANG,K05031,KOLEJ VOKASIONAL KUANTAN,OPERASI PEMESINAN CNC,C259-006-3:2020,Program Penuh - Persijilan Tahap Tunggal,SKM Tahap 3,Aktif,"JALAN TENGKU MUHAMAD, 25050 KUANTAN, PAHANG",09-5661 705,kolejvokasionalkuantan@gmail.com,501,False,False
PAHANG,K05031,KOLEJ VOKASIONAL KUANTAN,Operasi Pemesinan,MC-050-3:2015,Program Penuh - Persijilan Tahap Tunggal,SKM Tahap 3,Sekat Pengambilan,"JALAN TENGKU MUHAMAD, 25050 KUANTAN, PAHANG",09-5661 705,kolejvokasionalkuantan@gmail.com,501,False,False
PAHANG,K05031,KOLEJ VOKASIONAL KUANTAN,Pemasangan & Penyelenggaraan Elektrik-Tiga Fasa,EE-320-3:2012,Program Penuh - Persijilan Tahap Tunggal,SKM Tahap 3,Sekat Pengambilan,"JALAN TENGKU MUHAMAD, 25050 KUANTAN, PAHANG",09-5661 705,kolejvokasionalkuantan@gmail.com,501,False,False
PAHANG,K05031,KOLEJ VOKASIONAL KUANTAN,Pemasangan dan Penyelenggaraan Elektrik Tiga Fasa,F432-005-3:2019,Program Penuh - Persijilan Tahap Tunggal,SKM Tahap 3,Aktif,"JALAN TENGKU MUHAMAD, 25050 KUANTAN, PAHANG",09-5661 705,kolejvokasionalkuantan@gmail.com,501,False,False
PAHANG,K05031,KOLEJ VOKASIONAL KUANTAN,Pembinaan Bangunan Residensi,BC-030-3:2013,Program Penuh - Persijilan Mengikut Tahap,SKM Tahap 3,Sekat Pengambilan,"JALAN TENGKU MUHAMAD, 25050 KUANTAN, PAHANG",09-5661 705,kolejvokasionalkuantan@gmail.com,501,False,False
PAHANG,K05031,KOLEJ VOKASIONAL KUANTAN,Pentadbiran Pejabat,N821-001-3:2020,Program Penuh - Persijilan Mengikut Tahap,SKM Tahap 3,Aktif,"JALAN TENGKU MUHAMAD, 25050 KUANTAN, PAHANG",09-5661 705,kolejvokasionalkuantan@gmail.com,501,False,False
PAHANG,K05031,KOLEJ VOKASIONAL KUANTAN,Penyeliaan Operasi Pembinaan Bangunan,F410-001-3:2019,Program Penuh - Persijilan Tahap Tunggal,SKM Tahap 3,Aktif,"JALAN TENGKU MUHAMAD, 25050 KUANTAN, PAHANG",09-5661 705,kolejvokasionalkuantan@gmail.com,501,False,False
PAHANG,K05031,KOLEJ VOKASIONAL KUANTAN,Penyeliaan Pengurusan Pejabat,FB-024-3:2012,Program Penuh - Persijilan Tahap Tunggal,SKM Tahap 3,Sekat Pengambilan,"JALAN TENGKU MUHAMAD, 25050 KUANTAN, PAHANG",09-5661 705,kolejvokasionalkuantan@gmail.com,501,False,False
PAHANG,K05031,KOLEJ VOKASIONAL KUANTAN,Penyeliaan dan Pengesanan Kerosakan Komponen dan Papan Elektronik,C261-001-3:2020,Program Penuh - Persijilan Tahap Tunggal,SKM Tahap 3,Aktif,"JALAN TENGKU MUHAMAD, 25050 KUANTAN, PAHANG",09-5661 705,kolejvokasionalkuantan@gmail.com,501,False,False
PAHANG,K05031,KOLEJ VOKASIONAL KUANTAN,Perakaunan,FB-100-3:2012,Program Penuh - Persijilan Mengikut Tahap,SKM Tahap 3,Aktif,"JALAN TENGKU MUHAMAD, 25050 KUANTAN, PAHANG",09-5661 705,kolejvokasionalkuantan@gmail.com,501,False,False
PAHANG,K05031,KOLEJ VOKASIONAL KUANTAN,Proses Kimpalan Arka Kepingan Logam,MC-024-3:2012,Program Penuh - Persijilan Mengikut Tahap,SKM Tahap 3,Aktif,"JALAN TENGKU MUHAMAD, 25050 KUANTAN, PAHANG",09-5661 705,kolejvokasionalkuantan@gmail.com,501,False,False
PAHANG,K05031,KOLEJ VOKASIONAL KUANTAN,SERVIS DIAGNOSTIK – KENDERAAN RINGAN,G452-002-3:2018,Program Penuh - Persijilan Tahap Tunggal,SKM Tahap 3,Aktif,"JALAN TENGKU MUHAMAD, 25050 KUANTAN, PAHANG",09-5661 705,kolejvokasionalkuantan@gmail.com,501,False,False
PAHANG,K05031,KOLEJ VOKASIONAL KUANTAN,"Troubleshooting, Pembaikpulihan & Penyelenggaraan Peralatan Elektronik",EE-021-3:2012,Program Penuh - Persijilan Tahap Tunggal,SKM Tahap 3,Sekat Pengambilan,"JALAN TENGKU MUHAMAD, 25050 KUANTAN, PAHANG",09-5661 705,kolejvokasionalkuantan@gmail.com,501,False,False
PAHANG,K05067,KOLEJ VOKASIONAL MUADZAM SHAH,Operasi Mesin Kerja Kayu,RB-071-3:2014,Program Penuh - Persijilan Tahap Tunggal,SKM Tahap 3,Sekat Pengambilan,JALAN ISTANA 26700 MUADZAM SHAH PAHANG,09-4522788,cha8002@moe.edu.my,505,False,False
PAHANG,K05067,KOLEJ VOKASIONAL MUADZAM SHAH,Operasi Pembuatan Perabot,RB-050-2:2012,Program Penuh - Persijilan Mengikut Tahap,SKM Tahap 2,Aktif,JALAN ISTANA 26700 MUADZAM SHAH PAHANG,09-4522788,cha8002@moe.edu.my,505,False,False
PAHANG,K05067,KOLEJ VOKASIONAL MUADZAM SHAH,Pembinaan Bangunan Residensi,BC-030-3:2013,Program Penuh - Persijilan Mengikut Tahap,SKM Tahap 3,Sekat Pengambilan,JALAN ISTANA 26700 MUADZAM SHAH PAHANG,09-4522788,cha8002@moe.edu.my,505,False,False
PAHANG,K05067,KOLEJ VOKASIONAL MUADZAM SHAH,Pentadbiran Pejabat,N821-001-3:2020,Program Penuh - Persijilan Mengikut Tahap,SKM Tahap 3,Aktif,JALAN ISTANA 26700 MUADZAM SHAH PAHANG,09-4522788,cha8002@moe.edu.my,505,False,False
PAHANG,K05067,KOLEJ VOKASIONAL MUADZAM SHAH,Penyeliaan Operasi Pembinaan Bangunan,F410-001-3:2019,Program Penuh - Persijilan Tahap Tunggal,SKM Tahap 3,Aktif,JALAN ISTANA 26700 MUADZAM SHAH PAHANG,09-4522788,cha8002@moe.edu.my,505,False,False
PAHANG,K05067,KOLEJ VOKASIONAL MUADZAM SHAH,Penyeliaan Pengurusan Pejabat,FB-024-3:2012,Program Penuh - Persijilan Tahap Tunggal,SKM Tahap 3,Sekat Pengambilan,JALAN ISTANA 26700 MUADZAM SHAH PAHANG,09-4522788,cha8002@moe.edu.my,505,False,False
PAHANG,K05085,KOLEJ VOKASIONAL PUTERI,Pembuatan Pakaian Wanita,TA-011-3:2012,Program Penuh - Persijilan Tahap Tunggal,SKM Tahap 3,Aktif,"KM 5, JALAN MENTAKAB 28000 TEMERLOH PAHANG",09-2961246,cha7001@moe.edu.my,506,False,False
PAHANG,K05085,KOLEJ VOKASIONAL PUTERI,Penyediaan & Pembuatan Makanan,HT-012-3:2012,Program Penuh - Persijilan Tahap Tunggal,SKM Tahap 3,Aktif,"KM 5, JALAN MENTAKAB 28000 TEMERLOH PAHANG",09-2961246,cha7001@moe.edu.my,506,False,False
PAHANG,K05051,"KOLEJ VOKASIONAL SULTAN AHMAD SHAH, ROMPIN",Automotif-Servis Selepas Jualan,TP-300-3:2013,Program Penuh - Persijilan Tahap Tunggal,SKM Tahap 3,Sekat Pengambilan,"KOLEJ VOKASIONAL SULTAN AHMAD SHAH, JALAN ROMPIN-ENDAU,",094146622,cha8001@moe.edu.my,504,False,False
PAHANG,K05051,"KOLEJ VOKASIONAL SULTAN AHMAD SHAH, ROMPIN",OPERASI PEMESINAN CNC,C259-006-3:2020,Program Penuh - Persijilan Tahap Tunggal,SKM Tahap 3,Aktif,"KOLEJ VOKASIONAL SULTAN AHMAD SHAH, JALAN ROMPIN-ENDAU,",094146622,cha8001@moe.edu.my,504,False,False
PAHANG,K05051,"KOLEJ VOKASIONAL SULTAN AHMAD SHAH, ROMPIN",Operasi Pemesinan,MC-050-3:2015,Program Penuh - Persijilan Tahap Tunggal,SKM Tahap 3,Sekat Pengambilan,"KOLEJ VOKASIONAL SULTAN AHMAD SHAH, JALAN ROMPIN-ENDAU,",094146622,cha8001@moe.edu.my,504,False,False
PAHANG,K05051,"KOLEJ VOKASIONAL SULTAN AHMAD SHAH, ROMPIN",PROSES KIMPALAN ARKA LOGAM BERPERISAI,C259-008-3:2022,Program Penuh - Persijilan Mengikut Tahap,SKM Tahap 3,Aktif,"KOLEJ VOKASIONAL SULTAN AHMAD SHAH, JALAN ROMPIN-ENDAU,",094146622,cha8001@moe.edu.my,504,False,False
PAHANG,K05051,"KOLEJ VOKASIONAL SULTAN AHMAD SHAH, ROMPIN",Pemasangan & Penyelenggaraan Elektrik-Tiga Fasa,EE-320-3:2012,Program Penuh - Persijilan Tahap Tunggal,SKM Tahap 3,Sekat Pengambilan,"KOLEJ VOKASIONAL SULTAN AHMAD SHAH, JALAN ROMPIN-ENDAU,",094146622,cha8001@moe.edu.my,504,False,False
PAHANG,K05051,"KOLEJ VOKASIONAL SULTAN AHMAD SHAH, ROMPIN",Pemasangan dan Penyelenggaraan Elektrik Tiga Fasa,F432-005-3:2019,Program Penuh - Persijilan Tahap Tunggal,SKM Tahap 3,Aktif,"KOLEJ VOKASIONAL SULTAN AHMAD SHAH, JALAN ROMPIN-ENDAU,",094146622,cha8001@moe.edu.my,504,False,False
PAHANG,K05051,"KOLEJ VOKASIONAL SULTAN AHMAD SHAH, ROMPIN","Pemasangan dan Penyelenggaraan Satu Fasa Penyamanan Udara, Pengudaraan, Pemanasan (HVAC)",F432-007-3:2020,Program Penuh - Persijilan Mengikut Tahap,SKM Tahap 3,Aktif,"KOLEJ VOKASIONAL SULTAN AHMAD SHAH, JALAN ROMPIN-ENDAU,",094146622,cha8001@moe.edu.my,504,False,False
PAHANG,K05051,"KOLEJ VOKASIONAL SULTAN AHMAD SHAH, ROMPIN",Pembinaan Bangunan Residensi,BC-030-3:2013,Program Penuh - Persijilan Mengikut Tahap,SKM Tahap 3,Sekat Pengambilan,"KOLEJ VOKASIONAL SULTAN AHMAD SHAH, JALAN ROMPIN-ENDAU,",094146622,cha8001@moe.edu.my,504,False,False
PAHANG,K05051,"KOLEJ VOKASIONAL SULTAN AHMAD SHAH, ROMPIN",Pentadbiran Pejabat,N821-001-3:2020,Program Penuh - Persijilan Mengikut Tahap,SKM Tahap 3,Aktif,"KOLEJ VOKASIONAL SULTAN AHMAD SHAH, JALAN ROMPIN-ENDAU,",094146622,cha8001@moe.edu.my,504,False,False
PAHANG,K05051,"KOLEJ VOKASIONAL SULTAN AHMAD SHAH, ROMPIN",Penyeliaan Operasi Pembinaan Bangunan,F410-001-3:2019,Program Penuh - Persijilan Tahap Tunggal,SKM Tahap 3,Aktif,"KOLEJ VOKASIONAL SULTAN AHMAD SHAH, JALAN ROMPIN-ENDAU,",094146622,cha8001@moe.edu.my,504,False,False
PAHANG,K05051,"KOLEJ VOKASIONAL SULTAN AHMAD SHAH, ROMPIN",Penyeliaan Pemasangan & Penyelenggaraan HVAC,ME-020-3:2012,Program Penuh - Persijilan Tahap Tunggal,SKM Tahap 3,Sekat Pengambilan,"KOLEJ VOKASIONAL SULTAN AHMAD SHAH, JALAN ROMPIN-ENDAU,",094146622,cha8001@moe.edu.my,504,False,False
PAHANG,K05051,"KOLEJ VOKASIONAL SULTAN AHMAD SHAH, ROMPIN",Penyeliaan Pengurusan Pejabat,FB-024-3:2012,Program Penuh - Persijilan Tahap Tunggal,SKM Tahap 3,Sekat Pengambilan,"KOLEJ VOKASIONAL SULTAN AHMAD SHAH, JALAN ROMPIN-ENDAU,",094146622,cha8001@moe.edu.my,504,False,False
PAHANG,K05051,"KOLEJ VOKASIONAL SULTAN AHMAD SHAH, ROMPIN",Penyeliaan dan Pengesanan Kerosakan Komponen dan Papan Elektronik,C261-001-3:2020,Program Penuh - Persijilan Tahap Tunggal,SKM Tahap 3,Aktif,"KOLEJ VOKASIONAL SULTAN AHMAD SHAH, JALAN ROMPIN-ENDAU,",094146622,cha8001@moe.edu.my,504,False,False
PAHANG,K05051,"KOLEJ VOKASIONAL SULTAN AHMAD SHAH, ROMPIN",Proses Kimpalan Arka Kepingan Logam,MC-024-3:2012,Program Penuh - Persijilan Mengikut Tahap,SKM Tahap 3,Aktif,"KOLEJ VOKASIONAL SULTAN AHMAD SHAH, JALAN ROMPIN-ENDAU,",094146622,cha8001@moe.edu.my,504,False,False
PAHANG,K05051,"KOLEJ VOKASIONAL SULTAN AHMAD SHAH, ROMPIN",SERVIS DIAGNOSTIK – KENDERAAN RINGAN,G452-002-3:2018,Program Penuh - Persijilan Tahap Tunggal,SKM Tahap 3,Aktif,"KOLEJ VOKASIONAL SULTAN AHMAD SHAH, JALAN ROMPIN-ENDAU,",094146622,cha8001@moe.edu.my,504,False,False
PAHANG,K05051,"KOLEJ VOKASIONAL SULTAN AHMAD SHAH, ROMPIN","Troubleshooting, Pembaikpulihan & Penyelenggaraan Peralatan Elektronik",EE-021-3:2012,Program Penuh - Persijilan Tahap Tunggal,SKM Tahap 3,Sekat Pengambilan,"KOLEJ VOKASIONAL SULTAN AHMAD SHAH, JALAN ROMPIN-ENDAU,",094146622,cha8001@moe.edu.my,504,False,False
PAHANG,K05032,KOLEJ VOKASIONAL SULTAN HJ AHMAD SHAH,Automotif-Servis Selepas Jualan,TP-300-3:2013,Program Penuh - Persijilan Tahap Tunggal,SKM Tahap 3,Sekat Pengambilan,"KM 13, JLN LIPIS BENTA 27200 KUALA LIPIS PAHANG",09-3227955,cha3002@moe.edu.my,502,False,False
PAHANG,K05032,KOLEJ VOKASIONAL SULTAN HJ AHMAD SHAH,OPERASI PEMESINAN CNC,C259-006-3:2020,Program Penuh - Persijilan Tahap Tunggal,SKM Tahap 3,Aktif,"KM 13, JLN LIPIS BENTA 27200 KUALA LIPIS PAHANG",09-3227955,cha3002@moe.edu.my,502,False,False
PAHANG,K05032,KOLEJ VOKASIONAL SULTAN HJ AHMAD SHAH,Operasi Pemesinan,MC-050-3:2015,Program Penuh - Persijilan Tahap Tunggal,SKM Tahap 3,Sekat Pengambilan,"KM 13, JLN LIPIS BENTA 27200 KUALA LIPIS PAHANG",09-3227955,cha3002@moe.edu.my,502,False,False
PAHANG,K05032,KOLEJ VOKASIONAL SULTAN HJ AHMAD SHAH,Pemasangan & Penyelenggaraan Elektrik-Tiga Fasa,EE-320-3:2012,Program Penuh - Persijilan Tahap Tunggal,SKM Tahap 3,Sekat Pengambilan,"KM 13, JLN LIPIS BENTA 27200 KUALA LIPIS PAHANG",09-3227955,cha3002@moe.edu.my,502,False,False
PAHANG,K05032,KOLEJ VOKASIONAL SULTAN HJ AHMAD SHAH,Pemasangan dan Penyelenggaraan Elektrik Tiga Fasa,F432-005-3:2019,Program Penuh - Persijilan Tahap Tunggal,SKM Tahap 3,Aktif,"KM 13, JLN LIPIS BENTA 27200 KUALA LIPIS PAHANG",09-3227955,cha3002@moe.edu.my,502,False,False
PAHANG,K05032,KOLEJ VOKASIONAL SULTAN HJ AHMAD SHAH,"Pemasangan dan Penyelenggaraan Satu Fasa Penyamanan Udara, Pengudaraan, Pemanasan (HVAC)",F432-007-3:2020,Program Penuh - Persijilan Mengikut Tahap,SKM Tahap 3,Aktif,"KM 13, JLN LIPIS BENTA 27200 KUALA LIPIS PAHANG",09-3227955,cha3002@moe.edu.my,502,False,False
PAHANG,K05032,KOLEJ VOKASIONAL SULTAN HJ AHMAD SHAH,Pembinaan Bangunan Residensi,BC-030-3:2013,Program Penuh - Persijilan Mengikut Tahap,SKM Tahap 3,Sekat Pengambilan,"KM 13, JLN LIPIS BENTA 27200 KUALA LIPIS PAHANG",09-3227955,cha3002@moe.edu.my,502,False,False
PAHANG,K05032,KOLEJ VOKASIONAL SULTAN HJ AHMAD SHAH,Penyeliaan Operasi Pembinaan Bangunan,F410-001-3:2019,Program Penuh - Persijilan Tahap Tunggal,SKM Tahap 3,Aktif,"KM 13, JLN LIPIS BENTA 27200 KUALA LIPIS PAHANG",09-3227955,cha3002@moe.edu.my,502,False,False
PAHANG,K05032,KOLEJ VOKASIONAL SULTAN HJ AHMAD SHAH,Penyeliaan Pemasangan & Penyelenggaraan HVAC,ME-020-3:2012,Program Penuh - Persijilan Tahap Tunggal,SKM Tahap 3,Sekat Pengambilan,"KM 13, JLN LIPIS BENTA 27200 KUALA LIPIS PAHANG",09-3227955,cha3002@moe.edu.my,502,False,False
PAHANG,K05032,KOLEJ VOKASIONAL SULTAN HJ AHMAD SHAH,Penyeliaan dan Pengesanan Kerosakan Komponen dan Papan Elektronik,C261-001-3:2020,Program Penuh - Persijilan Tahap Tunggal,SKM Tahap 3,Aktif,"KM 13, JLN LIPIS BENTA 27200 KUALA LIPIS PAHANG",09-3227955,cha3002@moe.edu.my,502,False,False
PAHANG,K05032,KOLEJ VOKASIONAL SULTAN HJ AHMAD SHAH,Proses Kimpalan Arka Kepingan Logam,MC-024-3:2012,Program Penuh - Persijilan Mengikut Tahap,SKM Tahap 3,Sekat Pengambilan,"KM 13, JLN LIPIS BENTA 27200 KUALA LIPIS PAHANG",09-3227955,cha3002@moe.edu.my,502,False,False
PAHANG,K05032,KOLEJ VOKASIONAL SULTAN HJ AHMAD SHAH,SERVIS DIAGNOSTIK – KENDERAAN RINGAN,G452-002-3:2018,Program Penuh - Persijilan Tahap Tunggal,SKM Tahap 3,Aktif,"KM 13, JLN LIPIS BENTA 27200 KUALA LIPIS PAHANG",09-3227955,cha3002@moe.edu.my,502,False,False
PAHANG,K05032,KOLEJ VOKASIONAL SULTAN HJ AHMAD SHAH,"Troubleshooting, Pembaikpulihan & Penyelenggaraan Peralatan Elektronik",EE-021-3:2012,Program Penuh - Persijilan Tahap Tunggal,SKM Tahap 3,Sekat Pengambilan,"KM 13, JLN LIPIS BENTA 27200 KUALA LIPIS PAHANG",09-3227955,cha3002@moe.edu.my,502,False,False
PAHANG,K05029,KOLEJ VOKASIONAL TEMERLOH,Automotif-Servis Selepas Jualan,TP-300-3:2013,Program Penuh - Persijilan Tahap Tunggal,SKM Tahap 3,Sekat Pengambilan,JALAN SANGGANG 28000 TEMERLOH PAHANG,09-2846344,cke7134.smvtemerloh@gmail.com,500,False,False
PAHANG,K05029,KOLEJ VOKASIONAL TEMERLOH,Pemasangan & Penyelenggaraan Elektrik-Tiga Fasa,EE-320-3:2012,Program Penuh - Persijilan Tahap Tunggal,SKM Tahap 3,Sekat Pengambilan,JALAN SANGGANG 28000 TEMERLOH PAHANG,09-2846344,cke7134.smvtemerloh@gmail.com,500,False,False
PAHANG,K05029,KOLEJ VOKASIONAL TEMERLOH,Pemasangan dan Penyelenggaraan Elektrik Tiga Fasa,F432-005-3:2019,Program Penuh - Persijilan Tahap Tunggal,SKM Tahap 3,Aktif,JALAN SANGGANG 28000 TEMERLOH PAHANG,09-2846344,cke7134.smvtemerloh@gmail.com,500,False,False
PAHANG,K05029,KOLEJ VOKASIONAL TEMERLOH,"Pemasangan dan Penyelenggaraan Satu Fasa Penyamanan Udara, Pengudaraan, Pemanasan (HVAC)",F432-007-3:2020,Program Penuh - Persijilan Mengikut Tahap,SKM Tahap 3,Aktif,JALAN SANGGANG 28000 TEMERLOH PAHANG,09-2846344,cke7134.smvtemerloh@gmail.com,500,False,False
PAHANG,K05029,KOLEJ VOKASIONAL TEMERLOH,Pembinaan Bangunan Residensi,BC-030-3:2013,Program Penuh - Persijilan Mengikut Tahap,SKM Tahap 3,Sekat Pengambilan,JALAN SANGGANG 28000 TEMERLOH PAHANG,09-2846344,cke7134.smvtemerloh@gmail.com,500,False,False
PAHANG,K05029,KOLEJ VOKASIONAL TEMERLOH,Penyeliaan Operasi Pembinaan Bangunan,F410-001-3:2019,Program Penuh - Persijilan Tahap Tunggal,SKM Tahap 3,Aktif,JALAN SANGGANG 28000 TEMERLOH PAHANG,09-2846344,cke7134.smvtemerloh@gmail.com,500,False,False
PAHANG,K05029,KOLEJ VOKASIONAL TEMERLOH,Penyeliaan Pemasangan & Penyelenggaraan HVAC,ME-020-3:2012,Program Penuh - Persijilan Tahap Tunggal,SKM Tahap 3,Sekat Pengambilan,JALAN SANGGANG 28000 TEMERLOH PAHANG,09-2846344,cke7134.smvtemerloh@gmail.com,500,False,False
PAHANG,K05029,KOLEJ VOKASIONAL TEMERLOH,Penyeliaan dan Pengesanan Kerosakan Komponen dan Papan Elektronik,C261-001-3:2020,Program Penuh - Persijilan Tahap Tunggal,SKM Tahap 3,Aktif,JALAN SANGGANG 28000 TEMERLOH PAHANG,09-2846344,cke7134.smvtemerloh@gmail.com,500,False,False
PAHANG,K05029,KOLEJ VOKASIONAL TEMERLOH,Proses Kimpalan Arka Kepingan Logam,MC-024-3:2012,Program Penuh - Persijilan Mengikut Tahap,SKM Tahap 3,Aktif,JALAN SANGGANG 28000 TEMERLOH PAHANG,09-2846344,cke7134.smvtemerloh@gmail.com,500,False,False
PAHANG,K05029,KOLEJ VOKASIONAL TEMERLOH,SERVIS DIAGNOSTIK – KENDERAAN RINGAN,G452-002-3:2018,Program Penuh - Persijilan Tahap Tunggal,SKM Tahap 3,Aktif,JALAN SANGGANG 28000 TEMERLOH PAHANG,09-2846344,cke7134.smvtemerloh@gmail.com,500,False,False
PAHANG,K05029,KOLEJ VOKASIONAL TEMERLOH,Setiausaha Korporat Eksekutif,FB-025-3:2012,Program Penuh - Persijilan Mengikut Tahap,SKM Tahap 3,Sekat Pengambilan,JALAN SANGGANG 28000 TEMERLOH PAHANG,09-2846344,cke7134.smvtemerloh@gmail.com,500,False,False
PAHANG,K05029,KOLEJ VOKASIONAL TEMERLOH,"Troubleshooting, Pembaikpulihan & Penyelenggaraan Peralatan Elektronik",EE-021-3:2012,Program Penuh - Persijilan Tahap Tunggal,SKM Tahap 3,Sekat Pengambilan,JALAN SANGGANG 28000 TEMERLOH PAHANG,09-2846344,cke7134.smvtemerloh@gmail.com,500,False,False
PAHANG,K05049,KOLEJ VOKASIONAL TENGKU AMPUAN AFZAN,Automotif-Servis Selepas Jualan,TP-300-3:2013,Program Penuh - Persijilan Tahap Tunggal,SKM Tahap 3,Sekat Pengambilan,"KM 6, JLN KUALA LUMPUR 28700 BENTONG PAHANG",09-2225466,sementa_ict@yahoo.com,503,False,False
PAHANG,K05049,KOLEJ VOKASIONAL TENGKU AMPUAN AFZAN,OPERASI PEMESINAN CNC,C259-006-3:2020,Program Penuh - Persijilan Tahap Tunggal,SKM Tahap 3,Aktif,"KM 6, JLN KUALA LUMPUR 28700 BENTONG PAHANG",09-2225466,sementa_ict@yahoo.com,503,False,False
PAHANG,K05049,KOLEJ VOKASIONAL TENGKU AMPUAN AFZAN,Operasi Pemesinan,MC-050-3:2015,Program Penuh - Persijilan Tahap Tunggal,SKM Tahap 3,Sekat Pengambilan,"KM 6, JLN KUALA LUMPUR 28700 BENTONG PAHANG",09-2225466,sementa_ict@yahoo.com,503,False,False
PAHANG,K05049,KOLEJ VOKASIONAL TENGKU AMPUAN AFZAN,PERKHIDMATAN RANGKAIAN KOMPUTER,J619-003-3:2023,Program Penuh - Persijilan Mengikut Tahap,SKM Tahap 3,Aktif,"KM 6, JLN KUALA LUMPUR 28700 BENTONG PAHANG",09-2225466,sementa_ict@yahoo.com,503,False,False
PAHANG,K05049,KOLEJ VOKASIONAL TENGKU AMPUAN AFZAN,PROSES KIMPALAN ARKA LOGAM BERPERISAI,C259-008-3:2022,Program Penuh - Persijilan Mengikut Tahap,SKM Tahap 3,Aktif,"KM 6, JLN KUALA LUMPUR 28700 BENTONG PAHANG",09-2225466,sementa_ict@yahoo.com,503,False,False
PAHANG,K05049,KOLEJ VOKASIONAL TENGKU AMPUAN AFZAN,Pemasangan & Penyelenggaraan Elektrik-Tiga Fasa,EE-320-3:2012,Program Penuh - Persijilan Tahap Tunggal,SKM Tahap 3,Sekat Pengambilan,"KM 6, JLN KUALA LUMPUR 28700 BENTONG PAHANG",09-2225466,sementa_ict@yahoo.com,503,False,False
PAHANG,K05049,KOLEJ VOKASIONAL TENGKU AMPUAN AFZAN,Pemasangan dan Penyelenggaraan Elektrik Tiga Fasa,F432-005-3:2019,Program Penuh - Persijilan Tahap Tunggal,SKM Tahap 3,Aktif,"KM 6, JLN KUALA LUMPUR 28700 BENTONG PAHANG",09-2225466,sementa_ict@yahoo.com,503,False,False
PAHANG,K05049,KOLEJ VOKASIONAL TENGKU AMPUAN AFZAN,"Pemasangan dan Penyelenggaraan Satu Fasa Penyamanan Udara, Pengudaraan, Pemanasan (HVAC)",F432-007-3:2020,Program Penuh - Persijilan Mengikut Tahap,SKM Tahap 3,Aktif,"KM 6, JLN KUALA LUMPUR 28700 BENTONG PAHANG",09-2225466,sementa_ict@yahoo.com,503,False,False
PAHANG,K05049,KOLEJ VOKASIONAL TENGKU AMPUAN AFZAN,Pentadbiran Pejabat,N821-001-3:2020,Program Penuh - Persijilan Mengikut Tahap,SKM Tahap 3,Aktif,"KM 6, JLN KUALA LUMPUR 28700 BENTONG PAHANG",09-2225466,sementa_ict@yahoo.com,503,False,False
PAHANG,K05049,KOLEJ VOKASIONAL TENGKU AMPUAN AFZAN,Penyeliaan Pemasangan & Penyelenggaraan HVAC,ME-020-3:2012,Program Penuh - Persijilan Tahap Tunggal,SKM Tahap 3,Sekat Pengambilan,"KM 6, JLN KUALA LUMPUR 28700 BENTONG PAHANG",09-2225466,sementa_ict@yahoo.com,503,False,False
PAHANG,K05049,KOLEJ VOKASIONAL TENGKU AMPUAN AFZAN,Penyeliaan Pengurusan Pejabat,FB-024-3:2012,Program Penuh - Persijilan Tahap Tunggal,SKM Tahap 3,Sekat Pengambilan,"KM 6, JLN KUALA LUMPUR 28700 BENTONG PAHANG",09-2225466,sementa_ict@yahoo.com,503,False,False
PAHANG,K05049,KOLEJ VOKASIONAL TENGKU AMPUAN AFZAN,Penyeliaan dan Pengesanan Kerosakan Komponen dan Papan Elektronik,C261-001-3:2020,Program Penuh - Persijilan Tahap Tunggal,SKM Tahap 3,Aktif,"KM 6, JLN KUALA LUMPUR 28700 BENTONG PAHANG",09-2225466,sementa_ict@yahoo.com,503,False,False
PAHANG,K05049,KOLEJ VOKASIONAL TENGKU AMPUAN AFZAN,Perkhidmatan Rangkaian Komputer,IT-030-3:2013,Program Penuh - Persijilan Mengikut Tahap,SKM Tahap 3,Sekat Pengambilan,"KM 6, JLN KUALA LUMPUR 28700 BENTONG PAHANG",09-2225466,sementa_ict@yahoo.com,503,False,False
PAHANG,K05049,KOLEJ VOKASIONAL TENGKU AMPUAN AFZAN,Proses Kimpalan Arka Kepingan Logam,MC-024-3:2012,Program Penuh - Persijilan Mengikut Tahap,SKM Tahap 3,Sekat Pengambilan,"KM 6, JLN KUALA LUMPUR 28700 BENTONG PAHANG",09-2225466,sementa_ict@yahoo.com,503,False,False
PAHANG,K05049,KOLEJ VOKASIONAL TENGKU AMPUAN AFZAN,SERVIS DIAGNOSTIK – KENDERAAN RINGAN,G452-002-3:2018,Program Penuh - Persijilan Tahap Tunggal,SKM Tahap 3,Aktif,"KM 6, JLN KUALA LUMPUR 28700 BENTONG PAHANG",09-2225466,sementa_ict@yahoo.com,503,False,False
PAHANG,K05049,KOLEJ VOKASIONAL TENGKU AMPUAN AFZAN,"Troubleshooting, Pembaikpulihan & Penyelenggaraan Peralatan Elektronik",EE-021-3:2012,Program Penuh - Persijilan Tahap Tunggal,SKM Tahap 3,Sekat Pengambilan,"KM 6, JLN KUALA LUMPUR 28700 BENTONG PAHANG",09-2225466,sementa_ict@yahoo.com,503,False,False
PAHANG,K14039,KOLEJ YAYASAN FELDA KAMPUS MEMPAGA,OPERASI SENI KULINARI,I561-005-3:2022,Program Penuh - Persijilan Mengikut Tahap,SKM Tahap 3,Aktif,"TAMAN FELDA JAYA, MEMPAGA, JALAN MEMPAGA MUKIM SABAI,",09-2231 596,kyfmempaga@gmail.com,521,False,False
PAHANG,K14039,KOLEJ YAYASAN FELDA KAMPUS MEMPAGA,Operasi Servis Makanan & Minuman,I561-002-2:2018,Program Micro Credential - Tauliah Sedia Ada,SKM Tahap 2,Aktif,"TAMAN FELDA JAYA, MEMPAGA, JALAN MEMPAGA MUKIM SABAI,",09-2231 596,kyfmempaga@gmail.com,521,False,False
PAHANG,K14039,KOLEJ YAYASAN FELDA KAMPUS MEMPAGA,PEMBUATAN PASTRI,HT-014-2:2011,Program Penuh - Persijilan Mengikut Tahap,SKM Tahap 2,Aktif,"TAMAN FELDA JAYA, MEMPAGA, JALAN MEMPAGA MUKIM SABAI,",09-2231 596,kyfmempaga@gmail.com,521,False,False
PAHANG,K14039,KOLEJ YAYASAN FELDA KAMPUS MEMPAGA,PENYEDIAAN DAN PENGHASILAN MAKANAN,I561-005-2:2022,Program Penuh - Persijilan Mengikut Tahap,SKM Tahap 2,Aktif,"TAMAN FELDA JAYA, MEMPAGA, JALAN MEMPAGA MUKIM SABAI,",09-2231 596,kyfmempaga@gmail.com,521,False,False
PAHANG,K14039,KOLEJ YAYASAN FELDA KAMPUS MEMPAGA,Pembuatan Pastri,HT-014-3:2011,Program Penuh - Persijilan Mengikut Tahap,SKM Tahap 3,Aktif,"TAMAN FELDA JAYA, MEMPAGA, JALAN MEMPAGA MUKIM SABAI,",09-2231 596,kyfmempaga@gmail.com,521,False,False
PAHANG,K14039,KOLEJ YAYASAN FELDA KAMPUS MEMPAGA,Penyediaan & Pembuatan Makanan,HT-012-3:2012,Program Penuh - Persijilan Mengikut Tahap,SKM Tahap 3,Sekat Pengambilan,"TAMAN FELDA JAYA, MEMPAGA, JALAN MEMPAGA MUKIM SABAI,",09-2231 596,kyfmempaga@gmail.com,521,False,False
PAHANG,K14039,KOLEJ YAYASAN FELDA KAMPUS MEMPAGA,Penyeliaan Operasi Makanan & Minuman,I561-002-3:2018,Program Penuh - Persijilan Tahap Tunggal,SKM Tahap 3,Aktif,"TAMAN FELDA JAYA, MEMPAGA, JALAN MEMPAGA MUKIM SABAI,",09-2231 596,kyfmempaga@gmail.com,521,False,False
PAHANG,K14039,KOLEJ YAYASAN FELDA KAMPUS MEMPAGA,Perkhidmatan Penyediaan dan Pembuatan Makanan,HT-012-4:2011,Program Penuh - Persijilan Mengikut Tahap,Diploma Kemahiran Malaysia,Sekat Pengambilan,"TAMAN FELDA JAYA, MEMPAGA, JALAN MEMPAGA MUKIM SABAI,",09-2231 596,kyfmempaga@gmail.com,521,False,False
PAHANG,L02731,MALAYSIAN TECHNICAL SKILLS ACADEMY,OPERASI SENI KULINARI,I561-005-3:2022,Program Penuh - Persijilan Tahap Tunggal,SKM Tahap 3,Sekat Pengambilan,"MTSA P2-12 JALAN MEDANG LESTARI TAMAN MEDANG LESTARI 28700 BENTONG, PAHANG P2 DAN P3 JALAN MEDANG LESTARI TAMAN MEDANG LESTARI 28700 BENTONG, PAHANG P6 & P7 JALAN MEDANG LESTARI TAMAN MEDANG LESTARI 28700 BENTONG, PAHANG",092317128,admin@mtsacollege.com,11606,False,False
PAHANG,L02731,MALAYSIAN TECHNICAL SKILLS ACADEMY,PROSES KIMPALAN ARKA LOGAM BERPERISAI,C259-008-3:2022,Program Penuh - Persijilan Mengikut Tahap,SKM Tahap 3,Sekat Pengambilan,"MTSA P2-12 JALAN MEDANG LESTARI TAMAN MEDANG LESTARI 28700 BENTONG, PAHANG P2 DAN P3 JALAN MEDANG LESTARI TAMAN MEDANG LESTARI 28700 BENTONG, PAHANG P6 & P7 JALAN MEDANG LESTARI TAMAN MEDANG LESTARI 28700 BENTONG, PAHANG",092317128,admin@mtsacollege.com,11606,False,False
PAHANG,L02731,MALAYSIAN TECHNICAL SKILLS ACADEMY,Pemasangan dan Penyelenggaraan Elektrik Tiga Fasa,F432-005-3:2019,Program Penuh - Persijilan Tahap Tunggal,SKM Tahap 3,Sekat Pengambilan,"MTSA P2-12 JALAN MEDANG LESTARI TAMAN MEDANG LESTARI 28700 BENTONG, PAHANG P2 DAN P3 JALAN MEDANG LESTARI TAMAN MEDANG LESTARI 28700 BENTONG, PAHANG P6 & P7 JALAN MEDANG LESTARI TAMAN MEDANG LESTARI 28700 BENTONG, PAHANG",092317128,admin@mtsacollege.com,11606,False,False
PAHANG,L02731,MALAYSIAN TECHNICAL SKILLS ACADEMY,Pengasuhan dan Pendidikan Awal Kanak-Kanak,T982-001-3:2017,Program Penuh - Persijilan Mengikut Tahap,SKM Tahap 3,Sekat Pengambilan,"MTSA P2-12 JALAN MEDANG LESTARI TAMAN MEDANG LESTARI 28700 BENTONG, PAHANG P2 DAN P3 JALAN MEDANG LESTARI TAMAN MEDANG LESTARI 28700 BENTONG, PAHANG P6 & P7 JALAN MEDANG LESTARI TAMAN MEDANG LESTARI 28700 BENTONG, PAHANG",092317128,admin@mtsacollege.com,11606,False,False
PAHANG,L02731,MALAYSIAN TECHNICAL SKILLS ACADEMY,Proses Kimpalan Arka Kepingan Logam,MC-024-3:2012,Program Penuh - Persijilan Mengikut Tahap,SKM Tahap 3,Sekat Pengambilan,"MTSA P2-12 JALAN MEDANG LESTARI TAMAN MEDANG LESTARI 28700 BENTONG, PAHANG P2 DAN P3 JALAN MEDANG LESTARI TAMAN MEDANG LESTARI 28700 BENTONG, PAHANG P6 & P7 JALAN MEDANG LESTARI TAMAN MEDANG LESTARI 28700 BENTONG, PAHANG",092317128,admin@mtsacollege.com,11606,False,False
PAHANG,L02731,MALAYSIAN TECHNICAL SKILLS ACADEMY,SERVIS DIAGNOSTIK – KENDERAAN RINGAN,G452-002-3:2018,Program Penuh - Persijilan Tahap Tunggal,SKM Tahap 3,Sekat Pengambilan,"MTSA P2-12 JALAN MEDANG LESTARI TAMAN MEDANG LESTARI 28700 BENTONG, PAHANG P2 DAN P3 JALAN MEDANG LESTARI TAMAN MEDANG LESTARI 28700 BENTONG, PAHANG P6 & P7 JALAN MEDANG LESTARI TAMAN MEDANG LESTARI 28700 BENTONG, PAHANG",092317128,admin@mtsacollege.com,11606,False,False
PAHANG,K21011,POLITEKNIK SULTAN HAJI AHMAD SHAH,PEMATUHAN HIJAU,Z-050,Program Penuh - Persijilan Mengikut Tahap,Tiada Tahap,Aktif,"SEMAMBU 25350 KUANTAN, PAHANG",09-5655300,pro@polisas.edu.my,12347,False,False
PAHANG,L02791,PROFESSIONAL MUTAWWIF DEVELOPMENT INTERNATIONAL UNIVERSITY COLLEGE - KAMPUS UCYP CITY COLLEGE,Pengurusan Mutawwif Umrah Dan Ziarah,N791-001-4:2016,Program Penuh - Persijilan Tahap Tunggal,Diploma Kemahiran Malaysia,Sekat Pengambilan,"UNIVERSITY COLLEGE OF YAYASAN PAHANG CITY CAMPUS, BUKIT SEKILAU 25200 KUANTAN PAHANG",0197693288,pmdickuantan@pmdic.edu.my,14071,False,False
PAHANG,K10010,PUSAT LATIHAN JAKOA PAYA BUNGOR,PEMBUATAN PAKAIAN WANITA,C141-005-2:2021,Program Penuh - Persijilan Mengikut Tahap,SKM Tahap 2,Sekat Pengambilan,"JALAN KUANTAN - MARAN, 26500 KUANTAN, PAHANG",0196024665,pmk@jakoa.gov.my,18626,False,False
PAHANG,K15004,PUSAT LATIHAN SAWIT MALAYSIA (PLASMA),OPERASI MEKANISASI LADANG SAWIT,A012-004-2:2020,Program Penuh - Persijilan Mengikut Tahap,SKM Tahap 2,Sekat Pengambilan,"PUSAT LATIHAN SAWIT MALAYSIA KERATONG KILOMETER 137, LEBUHRAYA SEGAMAT-KUANTAN BANDAR TUN RAZAK 26900 KERATONG PAHANG",09-4514403,solah@mpob.gov.my,522,False,False
PAHANG,K15004,PUSAT LATIHAN SAWIT MALAYSIA (PLASMA),PENTADBIRAN OPERASI MEKANISASI KELAPA SAWIT,A012-004-4:2020,Program Penuh - Persijilan Mengikut Tahap,Diploma Kemahiran Malaysia,Sekat Pengambilan,"PUSAT LATIHAN SAWIT MALAYSIA KERATONG KILOMETER 137, LEBUHRAYA SEGAMAT-KUANTAN BANDAR TUN RAZAK 26900 KERATONG PAHANG",09-4514403,solah@mpob.gov.my,522,False,False
PAHANG,K15004,PUSAT LATIHAN SAWIT MALAYSIA (PLASMA),PENYELIAAN OPERASI MEKANISASI LADANG SAWIT,A012-004-3:2020,Program Penuh - Persijilan Mengikut Tahap,SKM Tahap 3,Sekat Pengambilan,"PUSAT LATIHAN SAWIT MALAYSIA KERATONG KILOMETER 137, LEBUHRAYA SEGAMAT-KUANTAN BANDAR TUN RAZAK 26900 KERATONG PAHANG",09-4514403,solah@mpob.gov.my,522,False,False
PAHANG,NDT007,PUSAT LATIHAN TEKNOLOGI TINGGI (ADTEC) JERANTUT,Pengujian Partikel Magnetik – Pembinaan Terkimpal (Minyak & Gas),MC-114-1:2014,Program Penuh - Persijilan Mengikut Tahap,SKM Tahap 1,Aktif,"KM 9, JALAN JERANTUT-TEMERLOH, 27000 JERANTUT, PAHANG.",09-2663391,ahalim@jtm.gov.my,7588,False,False
PAHANG,NDT007,PUSAT LATIHAN TEKNOLOGI TINGGI (ADTEC) JERANTUT,Pengujian Partikel Magnetik – Pembinaan Terkimpal (Minyak & Gas),MC-114-2:2014,Program Penuh - Persijilan Mengikut Tahap,SKM Tahap 2,Aktif,"KM 9, JALAN JERANTUT-TEMERLOH, 27000 JERANTUT, PAHANG.",09-2663391,ahalim@jtm.gov.my,7588,False,False
PAHANG,NDT007,PUSAT LATIHAN TEKNOLOGI TINGGI (ADTEC) JERANTUT,Pengujian Penembusan- Pembinaan Terkimpal (Minyak & Gas),MC-112-1:2014,Program Penuh - Persijilan Mengikut Tahap,SKM Tahap 1,Aktif,"KM 9, JALAN JERANTUT-TEMERLOH, 27000 JERANTUT, PAHANG.",09-2663391,ahalim@jtm.gov.my,7588,False,False
PAHANG,NDT007,PUSAT LATIHAN TEKNOLOGI TINGGI (ADTEC) JERANTUT,Pengujian Penembusan- Pembinaan Terkimpal (Minyak & Gas),MC-112-2:2014,Program Penuh - Persijilan Mengikut Tahap,SKM Tahap 2,Aktif,"KM 9, JALAN JERANTUT-TEMERLOH, 27000 JERANTUT, PAHANG.",09-2663391,ahalim@jtm.gov.my,7588,False,False
PAHANG,K14014,PUSAT PEMBANGUNAN KEMAHIRAN PAHANG,Operasi Sistem Komputer,IT-020-3:2013,Program Penuh - Persijilan Mengikut Tahap,SKM Tahap 3,Aktif,KAMPUS PSDC TAMAN PERINDUSTRIAN SEMAMBU 25350 KUANTAN PAHANG,09-5673200,enquiry@pahangskills.gov.my,518,False,False
PAHANG,K14014,PUSAT PEMBANGUNAN KEMAHIRAN PAHANG,Pemasangan dan Penyelenggaraan Elektrik Satu Fasa,F432-005-2:2019,Program Penuh - Persijilan Mengikut Tahap,SKM Tahap 2,Aktif,KAMPUS PSDC TAMAN PERINDUSTRIAN SEMAMBU 25350 KUANTAN PAHANG,09-5673200,enquiry@pahangskills.gov.my,518,False,False
PAHANG,K14014,PUSAT PEMBANGUNAN KEMAHIRAN PAHANG,Pemasangan dan Penyelenggaraan Elektrik Satu Fasa,F432-005-2:2019,Program Micro Credential - Tauliah Sedia Ada,SKM Tahap 2,Aktif,KAMPUS PSDC TAMAN PERINDUSTRIAN SEMAMBU 25350 KUANTAN PAHANG,09-5673200,enquiry@pahangskills.gov.my,518,False,False
PAHANG,K14014,PUSAT PEMBANGUNAN KEMAHIRAN PAHANG,Pemasangan dan Penyelenggaraan Elektrik Tiga Fasa,F432-005-3:2019,Program Penuh - Persijilan Mengikut Tahap,SKM Tahap 3,Aktif,KAMPUS PSDC TAMAN PERINDUSTRIAN SEMAMBU 25350 KUANTAN PAHANG,09-5673200,enquiry@pahangskills.gov.my,518,False,False
PAHANG,K14014,PUSAT PEMBANGUNAN KEMAHIRAN PAHANG,Pemasangan dan Penyelenggaraan Elektrik Tiga Fasa,F432-005-3:2019,Program Micro Credential - Tauliah Sedia Ada,SKM Tahap 3,Aktif,KAMPUS PSDC TAMAN PERINDUSTRIAN SEMAMBU 25350 KUANTAN PAHANG,09-5673200,enquiry@pahangskills.gov.my,518,False,False
PAHANG,K14014,PUSAT PEMBANGUNAN KEMAHIRAN PAHANG,Pemasangan dan Penyelenggaraan Elektrik Voltan Rendah,F432-005-4:2019,Program Penuh - Persijilan Mengikut Tahap,Diploma Kemahiran Malaysia,Aktif,KAMPUS PSDC TAMAN PERINDUSTRIAN SEMAMBU 25350 KUANTAN PAHANG,09-5673200,enquiry@pahangskills.gov.my,518,False,False
PAHANG,K14014,PUSAT PEMBANGUNAN KEMAHIRAN PAHANG,Pemasangan dan Penyelenggaraan Elektrik Voltan Rendah,F432-005-4:2019,Program Penuh - Persijilan Tahap Tunggal,Diploma Kemahiran Malaysia,Aktif,KAMPUS PSDC TAMAN PERINDUSTRIAN SEMAMBU 25350 KUANTAN PAHANG,09-5673200,enquiry@pahangskills.gov.my,518,False,False
PAHANG,K14014,PUSAT PEMBANGUNAN KEMAHIRAN PAHANG,Pemasangan dan Penyelenggaraan Elektrik Voltan Rendah,F432-005-4:2019,Program Micro Credential - Tauliah Sedia Ada,Diploma Kemahiran Malaysia,Aktif,KAMPUS PSDC TAMAN PERINDUSTRIAN SEMAMBU 25350 KUANTAN PAHANG,09-5673200,enquiry@pahangskills.gov.my,518,False,False
PAHANG,K14014,PUSAT PEMBANGUNAN KEMAHIRAN PAHANG,Pembangunan Kandungan Kreatif,IT-070-4:2011,Program Penuh - Persijilan Mengikut Tahap,Diploma Kemahiran Malaysia,Sekat Pengambilan,KAMPUS PSDC TAMAN PERINDUSTRIAN SEMAMBU 25350 KUANTAN PAHANG,09-5673200,enquiry@pahangskills.gov.my,518,False,False
PAHANG,K14014,PUSAT PEMBANGUNAN KEMAHIRAN PAHANG,Pengurusan Pemasangan & Penyelenggaraan Fiber Optik - Telekomunikasi,EE-324-4:2013,Program Micro Credential,Diploma Kemahiran Malaysia,Aktif,KAMPUS PSDC TAMAN PERINDUSTRIAN SEMAMBU 25350 KUANTAN PAHANG,09-5673200,enquiry@pahangskills.gov.my,518,False,False
PAHANG,K14014,PUSAT PEMBANGUNAN KEMAHIRAN PAHANG,Pentadbiran Sistem Komputer,IT-020-4:2013,Program Penuh - Persijilan Mengikut Tahap,Diploma Kemahiran Malaysia,Aktif,KAMPUS PSDC TAMAN PERINDUSTRIAN SEMAMBU 25350 KUANTAN PAHANG,09-5673200,enquiry@pahangskills.gov.my,518,False,False
PAHANG,K14014,PUSAT PEMBANGUNAN KEMAHIRAN PAHANG,Rekabentuk Multimedia Interaktif,J582-001-3:2019,Program Penuh - Persijilan Mengikut Tahap,SKM Tahap 3,Aktif,KAMPUS PSDC TAMAN PERINDUSTRIAN SEMAMBU 25350 KUANTAN PAHANG,09-5673200,enquiry@pahangskills.gov.my,518,False,False
PAHANG,K14014,PUSAT PEMBANGUNAN KEMAHIRAN PAHANG,Rekabentuk Multimedia Interaktif,J582-001-3:2019,Program Micro Credential - Tauliah Sedia Ada,SKM Tahap 3,Aktif,KAMPUS PSDC TAMAN PERINDUSTRIAN SEMAMBU 25350 KUANTAN PAHANG,09-5673200,enquiry@pahangskills.gov.my,518,False,False
PAHANG,K14014,PUSAT PEMBANGUNAN KEMAHIRAN PAHANG,SOKONGAN SISTEM KEJURUTERAAN AUTOMASI INDUSTRI,MC-091-4:2016,Program Micro Credential,Diploma Kemahiran Malaysia,Aktif,KAMPUS PSDC TAMAN PERINDUSTRIAN SEMAMBU 25350 KUANTAN PAHANG,09-5673200,enquiry@pahangskills.gov.my,518,False,False
PAHANG,L02296,REAL MILLENIUM HEALTH & BEAUTY ACADEMY (CAWANGAN KUANTAN),Dandanan Rambut,HT-090-2:2012,Program Penuh - Persijilan Mengikut Tahap,SKM Tahap 2,Aktif,"A-30, TINGKAT 1 & 2, JALAN PUTRA SQUARE 7, CONSTRUCTION TOWN 25000 KUANTAN, PAHANG",01139708702,Ahmadsyukur9504@gmail.com,532,False,False
PAHANG,L02296,REAL MILLENIUM HEALTH & BEAUTY ACADEMY (CAWANGAN KUANTAN),Dandanan Rambut,HT-090-3:2012,Program Penuh - Persijilan Mengikut Tahap,SKM Tahap 3,Aktif,"A-30, TINGKAT 1 & 2, JALAN PUTRA SQUARE 7, CONSTRUCTION TOWN 25000 KUANTAN, PAHANG",01139708702,Ahmadsyukur9504@gmail.com,532,False,False
PAHANG,L02296,REAL MILLENIUM HEALTH & BEAUTY ACADEMY (CAWANGAN KUANTAN),Perkhidmatan Kecantikan,S960-002-1:2020,Program Penuh - Persijilan Mengikut Tahap,SKM Tahap 1,Aktif,"A-30, TINGKAT 1 & 2, JALAN PUTRA SQUARE 7, CONSTRUCTION TOWN 25000 KUANTAN, PAHANG",01139708702,Ahmadsyukur9504@gmail.com,532,False,False
PAHANG,L02296,REAL MILLENIUM HEALTH & BEAUTY ACADEMY (CAWANGAN KUANTAN),Perkhidmatan Terapi Kecantikan,S960-002-2:2020,Program Penuh - Persijilan Mengikut Tahap,SKM Tahap 2,Aktif,"A-30, TINGKAT 1 & 2, JALAN PUTRA SQUARE 7, CONSTRUCTION TOWN 25000 KUANTAN, PAHANG",01139708702,Ahmadsyukur9504@gmail.com,532,False,False
PAHANG,K05655,SEKOLAH MENENGAH KEBANGSAAN BERA,"Pemasangan dan Penyelenggaraan Satu Fasa Penyamanan Udara, Pengudaraan, Pemanasan (HVAC)",F432-007-3:2020,Program Penuh - Persijilan Mengikut Tahap,SKM Tahap 3,Aktif,"BANDAR 32, 28300 TRIANG, PAHANG",09-2461502,ceaa061.smkbera@gmail.com,511,False,False
PAHANG,K05655,SEKOLAH MENENGAH KEBANGSAAN BERA,"Peralatan Penyamanan Udara HVAC -Satu Fasa (Pemasangan, Servis, Troubleshooting & Pembaikpulihan)",ME-020-2:2012,Program Penuh - Persijilan Mengikut Tahap,SKM Tahap 2,Sekat Pengambilan,"BANDAR 32, 28300 TRIANG, PAHANG",09-2461502,ceaa061.smkbera@gmail.com,511,False,False
PAHANG,K05608,SEKOLAH MENENGAH KEBANGSAAN BUKIT GOH,OPERASI SENI KULINARI,I561-005-3:2022,Program Penuh - Persijilan Tahap Tunggal,SKM Tahap 3,Aktif,"26050 KUANTAN, PAHANG",095477506,cea4071@moe.edu.my,509,False,False
PAHANG,K05608,SEKOLAH MENENGAH KEBANGSAAN BUKIT GOH,Penyediaan & Pembuatan Makanan,HT-012-2:2012,Program Penuh - Persijilan Mengikut Tahap,SKM Tahap 2,Aktif,"26050 KUANTAN, PAHANG",095477506,cea4071@moe.edu.my,509,False,False
PAHANG,K05487,SEKOLAH MENENGAH KEBANGSAAN CHUNG CHING,Perkhidmatan Estetik,MP-060-2:2013,Program Penuh - Persijilan Mengikut Tahap,SKM Tahap 2,Sekat Pengambilan,"JALAN PEKELILING, 27600 RAUB,",09-3501120,ceb6029@moe.edu.my,8679,False,False
PAHANG,K05487,SEKOLAH MENENGAH KEBANGSAAN CHUNG CHING,Perkhidmatan Terapi Kecantikan,S960-002-2:2020,Program Penuh - Persijilan Tahap Tunggal,SKM Tahap 2,Aktif,"JALAN PEKELILING, 27600 RAUB,",09-3501120,ceb6029@moe.edu.my,8679,False,False
PAHANG,K05658,SEKOLAH MENENGAH KEBANGSAAN GUDANG RASAU,OPERASI SENI KULINARI,I561-005-3:2022,Program Penuh - Persijilan Tahap Tunggal,SKM Tahap 3,Aktif,"KM 9, JLN GAMBANG 25150 KUANTAN, PAHANG",095362121,cea4082@moe.edu.my,514,False,False
PAHANG,K05658,SEKOLAH MENENGAH KEBANGSAAN GUDANG RASAU,Operasi Servis Makanan & Minuman,I561-002-2:2018,Program Micro Credential,SKM Tahap 2,Aktif,"KM 9, JLN GAMBANG 25150 KUANTAN, PAHANG",095362121,cea4082@moe.edu.my,514,False,False
PAHANG,K05658,SEKOLAH MENENGAH KEBANGSAAN GUDANG RASAU,Penyediaan & Pembuatan Makanan,HT-012-2:2012,Program Penuh - Persijilan Mengikut Tahap,SKM Tahap 2,Aktif,"KM 9, JLN GAMBANG 25150 KUANTAN, PAHANG",095362121,cea4082@moe.edu.my,514,False,False
PAHANG,K05460,SEKOLAH MENENGAH KEBANGSAAN JENGKA 2,OPERASI SENI KULINARI,I561-005-3:2022,Program Penuh - Persijilan Tahap Tunggal,SKM Tahap 3,Aktif,"SEKOLAH MENENGAH KEBANGSAAN JENGKA 2, 26430 BANDAR JENGKA, PAHANG.",09-4674325,cea9114@moe.edu.my,7702,False,False
PAHANG,K05460,SEKOLAH MENENGAH KEBANGSAAN JENGKA 2,Penyediaan & Pembuatan Makanan,HT-012-2:2012,Program Penuh - Persijilan Mengikut Tahap,SKM Tahap 2,Aktif,"SEKOLAH MENENGAH KEBANGSAAN JENGKA 2, 26430 BANDAR JENGKA, PAHANG.",09-4674325,cea9114@moe.edu.my,7702,False,False
PAHANG,K05514,SEKOLAH MENENGAH KEBANGSAAN KAMPUNG RAJA,Juruteknik Tanaman,AF-010-2,Program Penuh - Persijilan Tahap Tunggal,SKM Tahap 2,Sekat Pengambilan,"TANAH RATA, CAMERON HIGHLANDS, PAHANG.",05-4981971,cea1001@moe.edu.my,9876,False,False
PAHANG,K05514,SEKOLAH MENENGAH KEBANGSAAN KAMPUNG RAJA,OPERASI PENGELUARAN TANAMAN,A016-001-3:2016,Program Penuh - Persijilan Mengikut Tahap,SKM Tahap 3,Aktif,"TANAH RATA, CAMERON HIGHLANDS, PAHANG.",05-4981971,cea1001@moe.edu.my,9876,False,False
PAHANG,K05659,SEKOLAH MENENGAH KEBANGSAAN KARAK,Perkhidmatan Estetik,MP-060-2:2013,Program Penuh - Persijilan Mengikut Tahap,SKM Tahap 2,Sekat Pengambilan,"JLN BESAR KARAK 28600 KARAK, PAHANG",092312770,CEE0016@moe.edu.my,515,False,False
PAHANG,K05659,SEKOLAH MENENGAH KEBANGSAAN KARAK,Perkhidmatan Terapi Kecantikan,S960-002-2:2020,Program Penuh - Persijilan Tahap Tunggal,SKM Tahap 2,Aktif,"JLN BESAR KARAK 28600 KARAK, PAHANG",092312770,CEE0016@moe.edu.my,515,False,False
PAHANG,K05654,SEKOLAH MENENGAH KEBANGSAAN LEPAR,Pemasangan & Penyelenggaraan Elektrik-Satu Fasa,EE-320-2:2012,Program Penuh - Persijilan Mengikut Tahap,SKM Tahap 2,Sekat Pengambilan,"KM43.5 LEBUHRAYA TUN ABDUL RAZAK, 26300 GAMBANG, PAHANG",0146088414,g-84161645@moe-dl.edu.my,510,False,False
PAHANG,K05654,SEKOLAH MENENGAH KEBANGSAAN LEPAR,Pemasangan dan Penyelenggaraan Elektrik Satu Fasa,F432-005-2:2019,Program Penuh - Persijilan Mengikut Tahap,SKM Tahap 2,Aktif,"KM43.5 LEBUHRAYA TUN ABDUL RAZAK, 26300 GAMBANG, PAHANG",0146088414,g-84161645@moe-dl.edu.my,510,False,False
PAHANG,K05472,SEKOLAH MENENGAH KEBANGSAAN MARAN,Pembuatan Pakaian Wanita,TA-011-2:2012,Program Penuh - Persijilan Tahap Tunggal,SKM Tahap 2,Aktif,"26500 MARAN, PAHANG.",09-4771243,CEA9059@moe.edu.my,7666,False,False
PAHANG,K05481,SEKOLAH MENENGAH KEBANGSAAN PADANG TENGKU,Juruteknik Tanaman,AF-010-2,Program Penuh - Persijilan Tahap Tunggal,SKM Tahap 2,Sekat Pengambilan,"PADANG TENGKU, 27100 KUALA LIPIS, PAHANG.",09-3293111,arqishdanial85@gmail.com,7771,False,False
PAHANG,K05481,SEKOLAH MENENGAH KEBANGSAAN PADANG TENGKU,OPERASI PENGELUARAN TANAMAN,A016-001-3:2016,Program Penuh - Persijilan Mengikut Tahap,SKM Tahap 3,Aktif,"PADANG TENGKU, 27100 KUALA LIPIS, PAHANG.",09-3293111,arqishdanial85@gmail.com,7771,False,False
PAHANG,K05520,SEKOLAH MENENGAH KEBANGSAAN PELABUHAN,OPERASI SENI KULINARI,I561-005-3:2022,Program Penuh - Persijilan Tahap Tunggal,SKM Tahap 3,Aktif,"26100 KUANTAN, PAHANG.",09-5801320,cea4083@moe.edu.my,10198,False,False
PAHANG,K05520,SEKOLAH MENENGAH KEBANGSAAN PELABUHAN,Penyediaan & Pembuatan Makanan,HT-012-2:2012,Program Penuh - Persijilan Mengikut Tahap,SKM Tahap 2,Aktif,"26100 KUANTAN, PAHANG.",09-5801320,cea4083@moe.edu.my,10198,False,False
PAHANG,K05656,SEKOLAH MENENGAH KEBANGSAAN PONTIAN JAYA,Pembuatan Pakaian Wanita,TA-011-2:2012,Program Penuh - Persijilan Tahap Tunggal,SKM Tahap 2,Aktif,"KG. PARIT PONTIAN, 26800 KUALA ROMPIN, PAHANG",09-4140041,cea8030@moe.edu.my,512,False,False
PAHANG,K05473,SEKOLAH MENENGAH KEBANGSAAN SERI DAMAI,PELUKIS REKAAN DALAMAN,ID-040-2,Program Penuh - Persijilan Tahap Tunggal,SKM Tahap 2,Aktif,25150 KUANTAN PAHANG,09-5397372,cea4085@moe.gov.my,7669,False,False
PAHANG,K05528,SEKOLAH MENENGAH KEBANGSAAN SERI PELANGAI,Penyediaan & Pembuatan Makanan,HT-012-2:2012,Program Penuh - Persijilan Mengikut Tahap,SKM Tahap 2,Aktif,"28740 BENTONG, PAHANG.",09-2391141,cea0055@moe.edu.my,10991,False,False
PAHANG,K05657,SEKOLAH MENENGAH KEBANGSAAN SG. SOI,Operasi Pembuatan Perabot,RB-050-2:2012,Program Penuh - Persijilan Mengikut Tahap,SKM Tahap 2,Aktif,"JLN PANTAI SEPAT,25150 KUANTAN, PAHANG",095341837,CEA4089@moe.edu.my,513,False,False
PAHANG,K05745,SEKOLAH MENENGAH KEBANGSAAN TEMERLOH JAYA,Pembuatan Roti,HT-013-2:2011,Program Micro Credential,SKM Tahap 2,Aktif,"TAMAN TEMERLOH JAYA,",092901420,syafie.halim@gmail.com,12807,False,False
PAHANG,K05455,SEKOLAH MENENGAH KEBANGSAAN TENGKU ABDULLAH,OPERASI PENGELUARAN TANAMAN,A016-001-3:2016,Program Micro Credential,SKM Tahap 3,Aktif,"JALAN HAJI MONTOK, 26600 PEKAN, PAHANG",09-4221261,cea5054.smkta@gmail.com,7738,False,False
PAHANG,K05455,SEKOLAH MENENGAH KEBANGSAAN TENGKU ABDULLAH,OPERASI SENI KULINARI,I561-005-3:2022,Program Penuh - Persijilan Tahap Tunggal,SKM Tahap 3,Aktif,"JALAN HAJI MONTOK, 26600 PEKAN, PAHANG",09-4221261,cea5054.smkta@gmail.com,7738,False,False
PAHANG,K05455,SEKOLAH MENENGAH KEBANGSAAN TENGKU ABDULLAH,Penyediaan & Pembuatan Makanan,HT-012-2:2012,Program Penuh - Persijilan Mengikut Tahap,SKM Tahap 2,Aktif,"JALAN HAJI MONTOK, 26600 PEKAN, PAHANG",09-4221261,cea5054.smkta@gmail.com,7738,False,False
PAHANG,K05463,SEKOLAH MENENGAH KEBANGSAAN TENGKU AMPUAN AFZAN,OPERASI PENGELUARAN TANAMAN,A016-001-3:2016,Program Micro Credential,SKM Tahap 3,Aktif,"SEKOLAH MENENGAH KEBANGSAAN TENGKU AMPUAN AFZAN 28100 CHENOR, MARAN, PAHANG.",09-2995373,cea9060@moe.edu.my,7711,False,False
PAHANG,K05463,SEKOLAH MENENGAH KEBANGSAAN TENGKU AMPUAN AFZAN,OPERASI SENI KULINARI,I561-005-3:2022,Program Penuh - Persijilan Tahap Tunggal,SKM Tahap 3,Aktif,"SEKOLAH MENENGAH KEBANGSAAN TENGKU AMPUAN AFZAN 28100 CHENOR, MARAN, PAHANG.",09-2995373,cea9060@moe.edu.my,7711,False,False
PAHANG,K05463,SEKOLAH MENENGAH KEBANGSAAN TENGKU AMPUAN AFZAN,Penyediaan & Pembuatan Makanan,HT-012-2:2012,Program Penuh - Persijilan Mengikut Tahap,SKM Tahap 2,Aktif,"SEKOLAH MENENGAH KEBANGSAAN TENGKU AMPUAN AFZAN 28100 CHENOR, MARAN, PAHANG.",09-2995373,cea9060@moe.edu.my,7711,False,False
PAHANG,K05302,SEKOLAH MENENGAH KEBANGSAAN TENGKU KUDIN,OPERASI SENI KULINARI,I561-005-3:2022,Program Penuh - Persijilan Tahap Tunggal,SKM Tahap 3,Aktif,27600 RAUB,09-3551185,CEA6022.SMKTK@GMAIL.COM,1697,False,False
PAHANG,K05302,SEKOLAH MENENGAH KEBANGSAAN TENGKU KUDIN,Penyediaan & Pembuatan Makanan,HT-012-2:2012,Program Penuh - Persijilan Mengikut Tahap,SKM Tahap 2,Aktif,27600 RAUB,09-3551185,CEA6022.SMKTK@GMAIL.COM,1697,False,False
PAHANG,K05474,SEKOLAH MENENGAH KEBANGSAAN TRIANG,Perkhidmatan Estetik,MP-060-2:2013,Program Penuh - Persijilan Mengikut Tahap,SKM Tahap 2,Sekat Pengambilan,"Jalan Mengkuang, Taman Raya, 28300 Triang, Pahang",092469921,ceba072.smktriang@gmail.com,10921,False,False
PAHANG,K05474,SEKOLAH MENENGAH KEBANGSAAN TRIANG,Perkhidmatan Terapi Kecantikan,S960-002-2:2020,Program Penuh - Persijilan Tahap Tunggal,SKM Tahap 2,Aktif,"Jalan Mengkuang, Taman Raya, 28300 Triang, Pahang",092469921,ceba072.smktriang@gmail.com,10921,False,False
PAHANG,K05092,SEKOLAH MENENGAH PENDIDIKAN KHAS VOKASIONAL KUANTAN,OPERASI AKUAKULTUR AIR TAWAR,A032-006-2:2022,Program Penuh - Persijilan Mengikut Tahap,SKM Tahap 2,Aktif,"KAMPUNG PADANG, JALAN SUNGAI LEMBING, 25200 KUANTAN, PAHANG.",95474049,CHA4002@moe.edu.my,508,False,False
PAHANG,K05092,SEKOLAH MENENGAH PENDIDIKAN KHAS VOKASIONAL KUANTAN,OPERASI LADANG POLTRI,A014-006-3:2022,Program Penuh - Persijilan Mengikut Tahap,SKM Tahap 3,Aktif,"KAMPUNG PADANG, JALAN SUNGAI LEMBING, 25200 KUANTAN, PAHANG.",95474049,CHA4002@moe.edu.my,508,False,False
PAHANG,K05092,SEKOLAH MENENGAH PENDIDIKAN KHAS VOKASIONAL KUANTAN,OPERASI PENGELUARAN BATIK,SS-100-3:2013,Program Penuh - Persijilan Mengikut Tahap,SKM Tahap 3,Aktif,"KAMPUNG PADANG, JALAN SUNGAI LEMBING, 25200 KUANTAN, PAHANG.",95474049,CHA4002@moe.edu.my,508,False,False
PAHANG,K05092,SEKOLAH MENENGAH PENDIDIKAN KHAS VOKASIONAL KUANTAN,OPERASI PENGELUARAN TANAMAN,A016-004-3:2024,Program Penuh - Persijilan Mengikut Tahap,SKM Tahap 3,Aktif,"KAMPUNG PADANG, JALAN SUNGAI LEMBING, 25200 KUANTAN, PAHANG.",95474049,CHA4002@moe.edu.my,508,False,False
PAHANG,K05092,SEKOLAH MENENGAH PENDIDIKAN KHAS VOKASIONAL KUANTAN,Operator Akuakultur,AF-031-1,Program Penuh - Persijilan Mengikut Tahap,SKM Tahap 1,Sekat Pengambilan,"KAMPUNG PADANG, JALAN SUNGAI LEMBING, 25200 KUANTAN, PAHANG.",95474049,CHA4002@moe.edu.my,508,False,False
PAHANG,K05092,SEKOLAH MENENGAH PENDIDIKAN KHAS VOKASIONAL KUANTAN,PEMBINAAN LANSKAP,F439-002-2:2017,Program Penuh - Persijilan Mengikut Tahap,SKM Tahap 2,Aktif,"KAMPUNG PADANG, JALAN SUNGAI LEMBING, 25200 KUANTAN, PAHANG.",95474049,CHA4002@moe.edu.my,508,False,False
PAHANG,K05092,SEKOLAH MENENGAH PENDIDIKAN KHAS VOKASIONAL KUANTAN,PEMBUATAN PASTRI,HT-014-2:2011,Program Penuh - Persijilan Mengikut Tahap,SKM Tahap 2,Sekat Pengambilan,"KAMPUNG PADANG, JALAN SUNGAI LEMBING, 25200 KUANTAN, PAHANG.",95474049,CHA4002@moe.edu.my,508,False,False
PAHANG,K05092,SEKOLAH MENENGAH PENDIDIKAN KHAS VOKASIONAL KUANTAN,PENGENDALIAN LADANG RUMINAN,A014-001-2:2019,Program Penuh - Persijilan Mengikut Tahap,SKM Tahap 2,Aktif,"KAMPUNG PADANG, JALAN SUNGAI LEMBING, 25200 KUANTAN, PAHANG.",95474049,CHA4002@moe.edu.my,508,False,False
PAHANG,K05092,SEKOLAH MENENGAH PENDIDIKAN KHAS VOKASIONAL KUANTAN,PENYEDIAAN DAN PENGHASILAN MAKANAN,I561-005-2:2022,Program Penuh - Persijilan Mengikut Tahap,SKM Tahap 2,Aktif,"KAMPUNG PADANG, JALAN SUNGAI LEMBING, 25200 KUANTAN, PAHANG.",95474049,CHA4002@moe.edu.my,508,False,False
PAHANG,K05092,SEKOLAH MENENGAH PENDIDIKAN KHAS VOKASIONAL KUANTAN,Pekerja Ladang Ruminan,AF-060-1,Program Penuh - Persijilan Mengikut Tahap,SKM Tahap 1,Sekat Pengambilan,"KAMPUNG PADANG, JALAN SUNGAI LEMBING, 25200 KUANTAN, PAHANG.",95474049,CHA4002@moe.edu.my,508,False,False
PAHANG,K05092,SEKOLAH MENENGAH PENDIDIKAN KHAS VOKASIONAL KUANTAN,Pekerja Ladang Ternakan Poltri,Y-011-1,Program Penuh - Persijilan Mengikut Tahap,SKM Tahap 1,Sekat Pengambilan,"KAMPUNG PADANG, JALAN SUNGAI LEMBING, 25200 KUANTAN, PAHANG.",95474049,CHA4002@moe.edu.my,508,False,False
PAHANG,K05092,SEKOLAH MENENGAH PENDIDIKAN KHAS VOKASIONAL KUANTAN,Pembuatan Roti,HT-013-2:2011,Program Penuh - Persijilan Mengikut Tahap,SKM Tahap 2,Sekat Pengambilan,"KAMPUNG PADANG, JALAN SUNGAI LEMBING, 25200 KUANTAN, PAHANG.",95474049,CHA4002@moe.edu.my,508,False,False
PAHANG,K05092,SEKOLAH MENENGAH PENDIDIKAN KHAS VOKASIONAL KUANTAN,Pengeluaran Makanan (Pemprosesan),C107-002-3:2020,Program Penuh - Persijilan Mengikut Tahap,SKM Tahap 3,Aktif,"KAMPUNG PADANG, JALAN SUNGAI LEMBING, 25200 KUANTAN, PAHANG.",95474049,CHA4002@moe.edu.my,508,False,False
PAHANG,K05092,SEKOLAH MENENGAH PENDIDIKAN KHAS VOKASIONAL KUANTAN,Penyediaan & Pembuatan Makanan,HT-012-2:2012,Program Penuh - Persijilan Mengikut Tahap,SKM Tahap 2,Sekat Pengambilan,"KAMPUNG PADANG, JALAN SUNGAI LEMBING, 25200 KUANTAN, PAHANG.",95474049,CHA4002@moe.edu.my,508,False,False
PAHANG,K05568,SMK ALOR AKAR,Pembuatan Pakaian Wanita,TA-011-1:2012,Program Micro Credential,SKM Tahap 1,Aktif,"JALAN TENGKU MUHAMAD, 25050 KUANTAN, PAHANG",095666746,cea4023@moe.edu.my,13254,False,False
PAHANG,K05818,SMK BESERAH,Penyediaan & Pembuatan Makanan,HT-012-2:2012,Program Micro Credential,SKM Tahap 2,Aktif,SMK BESERAH KM10 JALAN KEMAMAN 26100 KUANTAN PAHANG,095447439,ppki.bess@gmail.com,13540,False,False
PAHANG,K05825,SMK BUKIT CERMIN,OPERASI PENGELUARAN TANAMAN,A016-001-3:2016,Program Micro Credential,SKM Tahap 3,Aktif,"JALAN MENTAKAB, BUKIT CERMIN MENTAKAB, PAHANG",092771802,cea7072@moe.gov.my,13551,False,False
PAHANG,K05820,SMK DAMAK,Pembuatan Roti,HT-013-2:2011,Program Micro Credential,SKM Tahap 2,Aktif,"KAMPUNG DAMAK,",092681700,ppkidamak@gmail.com,13548,False,False
PAHANG,K05567,SMK INDERA SHAHBANDAR,Operasi Pembuatan Perabot,RB-050-2:2012,Program Micro Credential,SKM Tahap 2,Aktif,"KUALA PAHANG 26660 PEKAN, PAHANG",094251261,cea5075@moe.edu.my,12812,False,False
PAHANG,K05755,SMK JENGKA 21,Pembuatan Roti,HT-013-2:2011,Program Micro Credential,SKM Tahap 2,Aktif,"FELDA JENGKA 21, BANDAR TUN ABDUL RAZAK",094862325,cea9161.smkj21@gmail.com,12753,False,False
PAHANG,K05854,SMK JENGKA PUSAT,OPERASI PENGELUARAN TANAMAN,A016-001-3:2016,Program Micro Credential,SKM Tahap 3,Aktif,BANDAR TUN ABDUL RAZAK JENGKA,094677580,cea9157@moe.edu.my,13543,False,False
PAHANG,K05830,SMK KEMAYAN,OPERASI PENGELUARAN TANAMAN,A016-001-3:2016,Program Micro Credential,SKM Tahap 3,Aktif,"SMK KEMAYAN 28380 KEMAYAN BERA,PAHANG",09-2408501,mamatjepun72@gmail.com,13546,False,False
PAHANG,K05709,SMK MENGKARAK,OPERASI PENGELUARAN TANAMAN,A016-001-3:2016,Program Micro Credential,SKM Tahap 3,Aktif,"KAMPUNG MENGKARAK 28200, BANDAR BERA PAHANG",0133496592,salwati040866@gmail.com,12797,False,False
PAHANG,K05565,SMK PALOH HINAI,"Refleksologi Kaki, Tangan dan Telinga",MP-080-3:2011,Program Micro Credential,SKM Tahap 3,Aktif,"KAMPUNG TANJONG PALOH HINAI, 26600 PEKAN, PAHANG",094291235,cea5056.palohinai@gmail.com,12718,False,True
PAHANG,K05740,SMK PERAMU JAYA,OPERASI PENGELUARAN TANAMAN,A016-001-3:2016,Program Micro Credential,SKM Tahap 3,Aktif,PERAMU JAYA,094101310,CEA5079@moe.edu.my,12722,False,False
PAHANG,K05819,SMK SUNGAI ISAP MURNI,Pembuatan Roti,HT-013-2:2011,Program Micro Credential,SKM Tahap 2,Aktif,SMK SUNGAI ISAP MURNI 25150 KUANTAN,09-5361493,cea4098@moe.edu.my,13015,False,False
PAHANG,K05847,SMK TANJUNG GEMOK,OPERASI PENGELUARAN TANAMAN,A016-001-3:2016,Program Micro Credential,SKM Tahap 3,Aktif,"SMK TANJUNG GEMOK, 26820 KUALA ROMPIN, PAHANG",094132640,cea8019.smktg@gmail.com,13175,False,False
PAHANG,K05566,SMK TENGKU PANGLIMA PERANG TENGKU MUHAMMAD,Pembuatan Roti,HT-013-2:2011,Program Micro Credential,SKM Tahap 2,Aktif,"SMK TENGKU PANGLIMA PERANG TENGKU MUHAMMAD, BANDAR INDERA MAHKOTA 25200 KUANTAN PAHANG",09-5732868,cea4075@moe.edu.my,12735,False,False
PAHANG,K05700,SMK TRIANG 3,OPERASI PENGELUARAN TANAMAN,A016-001-3:2016,Program Micro Credential,SKM Tahap 3,Aktif,"FELDA TRIANG 3, 28300 TERIANG, PAHANG",092469923,smkt3_triang3@yahoo.com.my,13292,False,False
PAHANG,K12009,TVETMARA PEKAN,Lukisan Pelan Senibina,BC-050-3:2013,Program Penuh - Persijilan Mengikut Tahap,SKM Tahap 3,Aktif,"KAWASAN PERINDUSTRIAN PERAMU JAYA,",09 - 426 9401,hasanuddin@mara.gov.my,517,False,False
PAHANG,K12009,TVETMARA PEKAN,OPERASI TEKNOLOGI KIMPALAN ARKA,C259-008-3:2025,Program Penuh - Persijilan Mengikut Tahap,SKM Tahap 3,Aktif,"KAWASAN PERINDUSTRIAN PERAMU JAYA,",09 - 426 9401,hasanuddin@mara.gov.my,517,False,False
PAHANG,K12009,TVETMARA PEKAN,Operasi Pengeluaran Perabot,RB-053-4:2014,Program Penuh - Persijilan Tahap Tunggal,Diploma Kemahiran Malaysia,Aktif,"KAWASAN PERINDUSTRIAN PERAMU JAYA,",09 - 426 9401,hasanuddin@mara.gov.my,517,False,False
PAHANG,K12009,TVETMARA PEKAN,Operasi Servis Selepas Jualan – Kenderaan Bermotor,G452-002-4:2017,Program Penuh - Persijilan Tahap Tunggal,Diploma Kemahiran Malaysia,Sekat Pengambilan,"KAWASAN PERINDUSTRIAN PERAMU JAYA,",09 - 426 9401,hasanuddin@mara.gov.my,517,False,False
PAHANG,K12009,TVETMARA PEKAN,Operasi Servis Selepas Jualan – Kenderaan Bermotor,G452-002-4:2017,Program Penuh - Persijilan Mengikut Tahap,Diploma Kemahiran Malaysia,Aktif,"KAWASAN PERINDUSTRIAN PERAMU JAYA,",09 - 426 9401,hasanuddin@mara.gov.my,517,False,False
PAHANG,K12009,TVETMARA PEKAN,PENYELIAAN TAPAK SIVIL & STRUKTUR,F410-007-3:2025,Program Penuh - Persijilan Mengikut Tahap,SKM Tahap 3,Aktif,"KAWASAN PERINDUSTRIAN PERAMU JAYA,",09 - 426 9401,hasanuddin@mara.gov.my,517,False,False
PAHANG,K12009,TVETMARA PEKAN,Pelukisan Pelan Mekanikal,MC-080-3:2013,Program Penuh - Persijilan Mengikut Tahap,SKM Tahap 3,Sekat Pengambilan,"KAWASAN PERINDUSTRIAN PERAMU JAYA,",09 - 426 9401,hasanuddin@mara.gov.my,517,False,False
PAHANG,K12009,TVETMARA PEKAN,Pemasangan & Penyelenggaraan Elektrik Voltan Rendah,EE-320-4:2012,Program Penuh - Persijilan Tahap Tunggal,Diploma Kemahiran Malaysia,Sekat Pengambilan,"KAWASAN PERINDUSTRIAN PERAMU JAYA,",09 - 426 9401,hasanuddin@mara.gov.my,517,False,False
PAHANG,K12009,TVETMARA PEKAN,Pemasangan & Penyelenggaraan Elektrik-Tiga Fasa,EE-320-3:2012,Program Penuh - Persijilan Tahap Tunggal,SKM Tahap 3,Sekat Pengambilan,"KAWASAN PERINDUSTRIAN PERAMU JAYA,",09 - 426 9401,hasanuddin@mara.gov.my,517,False,False
PAHANG,K12009,TVETMARA PEKAN,Pemasangan dan Penyelenggaraan Elektrik Tiga Fasa,F432-005-3:2019,Program Penuh - Persijilan Tahap Tunggal,SKM Tahap 3,Sekat Pengambilan,"KAWASAN PERINDUSTRIAN PERAMU JAYA,",09 - 426 9401,hasanuddin@mara.gov.my,517,False,False
PAHANG,K12009,TVETMARA PEKAN,Pemasangan dan Penyelenggaraan Elektrik Voltan Rendah,F432-005-4:2019,Program Penuh - Persijilan Tahap Tunggal,Diploma Kemahiran Malaysia,Sekat Pengambilan,"KAWASAN PERINDUSTRIAN PERAMU JAYA,",09 - 426 9401,hasanuddin@mara.gov.my,517,False,False
PAHANG,K12009,TVETMARA PEKAN,Pengemasan & Pengecatan Semula Kenderaan,G452-005-3:2019,Program Penuh - Persijilan Mengikut Tahap,SKM Tahap 3,Sekat Pengambilan,"KAWASAN PERINDUSTRIAN PERAMU JAYA,",09 - 426 9401,hasanuddin@mara.gov.my,517,False,False
PAHANG,K12009,TVETMARA PEKAN,Penyelia Binaan Bangunan,B-010-3@,Program Penuh - Persijilan Tahap Tunggal,SKM Tahap 3,Sekat Pengambilan,"KAWASAN PERINDUSTRIAN PERAMU JAYA,",09 - 426 9401,hasanuddin@mara.gov.my,517,False,False
PAHANG,K12009,TVETMARA PEKAN,Perkhidmatan Kejuruteraan Automasi Industri,MC-091-2:2016,Program Penuh - Persijilan Mengikut Tahap,SKM Tahap 2,Sekat Pengambilan,"KAWASAN PERINDUSTRIAN PERAMU JAYA,",09 - 426 9401,hasanuddin@mara.gov.my,517,False,False
PAHANG,K12009,TVETMARA PEKAN,Proses Kimpalan Arka Kepingan Logam,MC-024-3:2012,Program Penuh - Persijilan Mengikut Tahap,SKM Tahap 3,Aktif,"KAWASAN PERINDUSTRIAN PERAMU JAYA,",09 - 426 9401,hasanuddin@mara.gov.my,517,False,False
PAHANG,K12009,TVETMARA PEKAN,SOKONGAN SISTEM KEJURUTERAAN AUTOMASI INDUSTRI,MC-091-4:2016,Program Penuh - Persijilan Tahap Tunggal,Diploma Kemahiran Malaysia,Aktif,"KAWASAN PERINDUSTRIAN PERAMU JAYA,",09 - 426 9401,hasanuddin@mara.gov.my,517,False,False
PAHANG,K12009,TVETMARA PEKAN,Sistem Pengagihan Dan Penjanaan Tenaga Elektrik Voltan Rendah,F432-005-5:2019,Program Penuh - Persijilan Mengikut Tahap,Diploma LanjutanKemahiran Malaysia,Sekat Pengambilan,"KAWASAN PERINDUSTRIAN PERAMU JAYA,",09 - 426 9401,hasanuddin@mara.gov.my,517,False,False
PAHANG,K14058,UMPSA Advanced TVET Centre,Pengukuran dan Analisa Audit Tenaga,M711-005-4:2019,Program Micro Credential,Diploma Kemahiran Malaysia,Aktif,"Universiti Malaysia Pahang Al-Sultan Abdullah, Kompleks Pentadbiran Utama, Universiti Malaysia Pahang Al-Sultan Abdullah (Kampus Gambang), Lebuh Persiaran Tun Khalil Yaakob,",01130442042,tvetcentre@umpsaadvanced.edu.my,18485,False,False
PAHANG,K14058,UMPSA Advanced TVET Centre,Pengurusan Pentadbiran,FB-025-4:2012,Program Penuh - Persijilan Tahap Tunggal,Diploma Kemahiran Malaysia,Aktif,"Universiti Malaysia Pahang Al-Sultan Abdullah, Kompleks Pentadbiran Utama, Universiti Malaysia Pahang Al-Sultan Abdullah (Kampus Gambang), Lebuh Persiaran Tun Khalil Yaakob,",01130442042,tvetcentre@umpsaadvanced.edu.my,18485,False,False
PAHANG,K14058,UMPSA Advanced TVET Centre,Pengurusan Pentadbiran,FB-025-4:2012,Program Micro Credential - Tauliah Sedia Ada,Diploma Kemahiran Malaysia,Aktif,"Universiti Malaysia Pahang Al-Sultan Abdullah, Kompleks Pentadbiran Utama, Universiti Malaysia Pahang Al-Sultan Abdullah (Kampus Gambang), Lebuh Persiaran Tun Khalil Yaakob,",01130442042,tvetcentre@umpsaadvanced.edu.my,18485,False,False
PAHANG,L02740,UNITAR COLLEGE KUANTAN,Pentadbiran Pejabat,N821-001-3:2020,Program Penuh - Persijilan Mengikut Tahap,SKM Tahap 3,Sekat Pengambilan,"UNIT B-92, B-94, B-96 & B-98, JALAN DATO LIM HOE LEK, 25000 KUANTAN, PAHANG",095162857,kuantancosmopoint@gmail.com,11889,False,False
PAHANG,K14018,YP ADVANCED SKILLS,DAKWAH ISLAM,P854-011-3:2025,Program Penuh - Persijilan Mengikut Tahap,SKM Tahap 3,Aktif,"KAMPUS UTAMA, JALAN DATO' BAHAMAN, KUBANG BUAYA 25050 KUANTAN PAHANG DARUL MAKMUR PREMIS TAMBAHAN JALAN DATO' ABDULLAH, TAMAN GELORA, 25050 KUANTAN, PAHANG DARUL MAKMUR",09-5671333,noraishah@ypas.edu.my,519,False,False
PAHANG,K14018,YP ADVANCED SKILLS,OPERASI SENI KULINARI,I561-005-3:2022,Program Penuh - Persijilan Mengikut Tahap,SKM Tahap 3,Aktif,"KAMPUS UTAMA, JALAN DATO' BAHAMAN, KUBANG BUAYA 25050 KUANTAN PAHANG DARUL MAKMUR PREMIS TAMBAHAN JALAN DATO' ABDULLAH, TAMAN GELORA, 25050 KUANTAN, PAHANG DARUL MAKMUR",09-5671333,noraishah@ypas.edu.my,519,False,False
PAHANG,K14018,YP ADVANCED SKILLS,OPERASI SENI KULINARI,I561-005-3:2022,Program Penuh - Persijilan Tahap Tunggal,SKM Tahap 3,Aktif,"KAMPUS UTAMA, JALAN DATO' BAHAMAN, KUBANG BUAYA 25050 KUANTAN PAHANG DARUL MAKMUR PREMIS TAMBAHAN JALAN DATO' ABDULLAH, TAMAN GELORA, 25050 KUANTAN, PAHANG DARUL MAKMUR",09-5671333,noraishah@ypas.edu.my,519,False,False
PAHANG,K14018,YP ADVANCED SKILLS,OPERASI SENI KULINARI,I561-005-3:2022,Program Micro Credential - Tauliah Sedia Ada,SKM Tahap 3,Aktif,"KAMPUS UTAMA, JALAN DATO' BAHAMAN, KUBANG BUAYA 25050 KUANTAN PAHANG DARUL MAKMUR PREMIS TAMBAHAN JALAN DATO' ABDULLAH, TAMAN GELORA, 25050 KUANTAN, PAHANG DARUL MAKMUR",09-5671333,noraishah@ypas.edu.my,519,False,False
PAHANG,K14018,YP ADVANCED SKILLS,Operasi Sistem Komputer,IT-020-3:2013,Program Penuh - Persijilan Mengikut Tahap,SKM Tahap 3,Sekat Pengambilan,"KAMPUS UTAMA, JALAN DATO' BAHAMAN, KUBANG BUAYA 25050 KUANTAN PAHANG DARUL MAKMUR PREMIS TAMBAHAN JALAN DATO' ABDULLAH, TAMAN GELORA, 25050 KUANTAN, PAHANG DARUL MAKMUR",09-5671333,noraishah@ypas.edu.my,519,False,False
PAHANG,K14018,YP ADVANCED SKILLS,PEMBUATAN PAKAIAN WANITA,C141-005-2:2021,Program Micro Credential,SKM Tahap 2,Aktif,"KAMPUS UTAMA, JALAN DATO' BAHAMAN, KUBANG BUAYA 25050 KUANTAN PAHANG DARUL MAKMUR PREMIS TAMBAHAN JALAN DATO' ABDULLAH, TAMAN GELORA, 25050 KUANTAN, PAHANG DARUL MAKMUR",09-5671333,noraishah@ypas.edu.my,519,False,False
PAHANG,K14018,YP ADVANCED SKILLS,PEMBUATAN PAKAIAN WANITA,C141-005-2:2021,Program Penuh - Persijilan Mengikut Tahap,SKM Tahap 2,Aktif,"KAMPUS UTAMA, JALAN DATO' BAHAMAN, KUBANG BUAYA 25050 KUANTAN PAHANG DARUL MAKMUR PREMIS TAMBAHAN JALAN DATO' ABDULLAH, TAMAN GELORA, 25050 KUANTAN, PAHANG DARUL MAKMUR",09-5671333,noraishah@ypas.edu.my,519,False,False
PAHANG,K14018,YP ADVANCED SKILLS,PENGHASILAN SENI KULINARI,I561-005-4:2025,Program Penuh - Persijilan Mengikut Tahap,Diploma Kemahiran Malaysia,Aktif,"KAMPUS UTAMA, JALAN DATO' BAHAMAN, KUBANG BUAYA 25050 KUANTAN PAHANG DARUL MAKMUR PREMIS TAMBAHAN JALAN DATO' ABDULLAH, TAMAN GELORA, 25050 KUANTAN, PAHANG DARUL MAKMUR",09-5671333,noraishah@ypas.edu.my,519,False,False
PAHANG,K14018,YP ADVANCED SKILLS,PERKHIDMATAN MASYARAKAT ORANG ASLI,ET-016-1:2013,Program Penuh - Persijilan Mengikut Tahap,SKM Tahap 1,Sekat Pengambilan,"KAMPUS UTAMA, JALAN DATO' BAHAMAN, KUBANG BUAYA 25050 KUANTAN PAHANG DARUL MAKMUR PREMIS TAMBAHAN JALAN DATO' ABDULLAH, TAMAN GELORA, 25050 KUANTAN, PAHANG DARUL MAKMUR",09-5671333,noraishah@ypas.edu.my,519,False,False
PAHANG,K14018,YP ADVANCED SKILLS,PERKHIDMATAN MASYARAKAT ORANG ASLI,ET-016-2:2013,Program Penuh - Persijilan Mengikut Tahap,SKM Tahap 2,Sekat Pengambilan,"KAMPUS UTAMA, JALAN DATO' BAHAMAN, KUBANG BUAYA 25050 KUANTAN PAHANG DARUL MAKMUR PREMIS TAMBAHAN JALAN DATO' ABDULLAH, TAMAN GELORA, 25050 KUANTAN, PAHANG DARUL MAKMUR",09-5671333,noraishah@ypas.edu.my,519,False,False
PAHANG,K14018,YP ADVANCED SKILLS,PERKHIDMATAN MASYARAKAT ORANG ASLI,ET-016-3:2013,Program Penuh - Persijilan Mengikut Tahap,SKM Tahap 3,Sekat Pengambilan,"KAMPUS UTAMA, JALAN DATO' BAHAMAN, KUBANG BUAYA 25050 KUANTAN PAHANG DARUL MAKMUR PREMIS TAMBAHAN JALAN DATO' ABDULLAH, TAMAN GELORA, 25050 KUANTAN, PAHANG DARUL MAKMUR",09-5671333,noraishah@ypas.edu.my,519,False,False
PAHANG,K14018,YP ADVANCED SKILLS,Pemasangan dan Penyelenggaraan Elektrik Satu Fasa,F432-005-2:2019,Program Penuh - Persijilan Mengikut Tahap,SKM Tahap 2,Aktif,"KAMPUS UTAMA, JALAN DATO' BAHAMAN, KUBANG BUAYA 25050 KUANTAN PAHANG DARUL MAKMUR PREMIS TAMBAHAN JALAN DATO' ABDULLAH, TAMAN GELORA, 25050 KUANTAN, PAHANG DARUL MAKMUR",09-5671333,noraishah@ypas.edu.my,519,False,False
PAHANG,K14018,YP ADVANCED SKILLS,Pemasangan dan Penyelenggaraan Elektrik Tiga Fasa,F432-005-3:2019,Program Penuh - Persijilan Mengikut Tahap,SKM Tahap 3,Aktif,"KAMPUS UTAMA, JALAN DATO' BAHAMAN, KUBANG BUAYA 25050 KUANTAN PAHANG DARUL MAKMUR PREMIS TAMBAHAN JALAN DATO' ABDULLAH, TAMAN GELORA, 25050 KUANTAN, PAHANG DARUL MAKMUR",09-5671333,noraishah@ypas.edu.my,519,False,False
PAHANG,K14018,YP ADVANCED SKILLS,Pemasangan dan Penyelenggaraan Elektrik Tiga Fasa,F432-005-3:2019,Program Micro Credential - Tauliah Sedia Ada,SKM Tahap 3,Aktif,"KAMPUS UTAMA, JALAN DATO' BAHAMAN, KUBANG BUAYA 25050 KUANTAN PAHANG DARUL MAKMUR PREMIS TAMBAHAN JALAN DATO' ABDULLAH, TAMAN GELORA, 25050 KUANTAN, PAHANG DARUL MAKMUR",09-5671333,noraishah@ypas.edu.my,519,False,False
PAHANG,K14018,YP ADVANCED SKILLS,Pembuatan Roti,HT-013-2:2011,Program Micro Credential,SKM Tahap 2,Aktif,"KAMPUS UTAMA, JALAN DATO' BAHAMAN, KUBANG BUAYA 25050 KUANTAN PAHANG DARUL MAKMUR PREMIS TAMBAHAN JALAN DATO' ABDULLAH, TAMAN GELORA, 25050 KUANTAN, PAHANG DARUL MAKMUR",09-5671333,noraishah@ypas.edu.my,519,False,False
PAHANG,K14018,YP ADVANCED SKILLS,Pembuatan Roti,HT-013-3:2011,Program Penuh - Persijilan Mengikut Tahap,SKM Tahap 3,Aktif,"KAMPUS UTAMA, JALAN DATO' BAHAMAN, KUBANG BUAYA 25050 KUANTAN PAHANG DARUL MAKMUR PREMIS TAMBAHAN JALAN DATO' ABDULLAH, TAMAN GELORA, 25050 KUANTAN, PAHANG DARUL MAKMUR",09-5671333,noraishah@ypas.edu.my,519,False,False
PAHANG,K14018,YP ADVANCED SKILLS,Pembuatan Roti,HT-013-3:2011,Program Penuh - Persijilan Tahap Tunggal,SKM Tahap 3,Aktif,"KAMPUS UTAMA, JALAN DATO' BAHAMAN, KUBANG BUAYA 25050 KUANTAN PAHANG DARUL MAKMUR PREMIS TAMBAHAN JALAN DATO' ABDULLAH, TAMAN GELORA, 25050 KUANTAN, PAHANG DARUL MAKMUR",09-5671333,noraishah@ypas.edu.my,519,False,False
PAHANG,K14018,YP ADVANCED SKILLS,Pembuatan Roti,HT-013-3:2011,Program Micro Credential - Tauliah Sedia Ada,SKM Tahap 3,Aktif,"KAMPUS UTAMA, JALAN DATO' BAHAMAN, KUBANG BUAYA 25050 KUANTAN PAHANG DARUL MAKMUR PREMIS TAMBAHAN JALAN DATO' ABDULLAH, TAMAN GELORA, 25050 KUANTAN, PAHANG DARUL MAKMUR",09-5671333,noraishah@ypas.edu.my,519,False,False
PAHANG,K14018,YP ADVANCED SKILLS,Pengurusan Pastri & Roti,HT-013-4:2012,Program Penuh - Persijilan Mengikut Tahap,Diploma Kemahiran Malaysia,Sekat Pengambilan,"KAMPUS UTAMA, JALAN DATO' BAHAMAN, KUBANG BUAYA 25050 KUANTAN PAHANG DARUL MAKMUR PREMIS TAMBAHAN JALAN DATO' ABDULLAH, TAMAN GELORA, 25050 KUANTAN, PAHANG DARUL MAKMUR",09-5671333,noraishah@ypas.edu.my,519,False,False
PAHANG,K14018,YP ADVANCED SKILLS,Pengurusan Pentadbiran,FB-025-4:2012,Program Penuh - Persijilan Mengikut Tahap,Diploma Kemahiran Malaysia,Aktif,"KAMPUS UTAMA, JALAN DATO' BAHAMAN, KUBANG BUAYA 25050 KUANTAN PAHANG DARUL MAKMUR PREMIS TAMBAHAN JALAN DATO' ABDULLAH, TAMAN GELORA, 25050 KUANTAN, PAHANG DARUL MAKMUR",09-5671333,noraishah@ypas.edu.my,519,False,False
PAHANG,K14018,YP ADVANCED SKILLS,Pentadbiran Pejabat,N821-001-3:2020,Program Penuh - Persijilan Mengikut Tahap,SKM Tahap 3,Aktif,"KAMPUS UTAMA, JALAN DATO' BAHAMAN, KUBANG BUAYA 25050 KUANTAN PAHANG DARUL MAKMUR PREMIS TAMBAHAN JALAN DATO' ABDULLAH, TAMAN GELORA, 25050 KUANTAN, PAHANG DARUL MAKMUR",09-5671333,noraishah@ypas.edu.my,519,False,False
PAHANG,K14018,YP ADVANCED SKILLS,Pentadbiran Pejabat,N821-001-3:2020,Program Micro Credential - Tauliah Sedia Ada,SKM Tahap 3,Aktif,"KAMPUS UTAMA, JALAN DATO' BAHAMAN, KUBANG BUAYA 25050 KUANTAN PAHANG DARUL MAKMUR PREMIS TAMBAHAN JALAN DATO' ABDULLAH, TAMAN GELORA, 25050 KUANTAN, PAHANG DARUL MAKMUR",09-5671333,noraishah@ypas.edu.my,519,False,False
PAHANG,K14018,YP ADVANCED SKILLS,Pentadbiran Sistem Komputer,IT-020-4:2013,Program Penuh - Persijilan Mengikut Tahap,Diploma Kemahiran Malaysia,Sekat Pengambilan,"KAMPUS UTAMA, JALAN DATO' BAHAMAN, KUBANG BUAYA 25050 KUANTAN PAHANG DARUL MAKMUR PREMIS TAMBAHAN JALAN DATO' ABDULLAH, TAMAN GELORA, 25050 KUANTAN, PAHANG DARUL MAKMUR",09-5671333,noraishah@ypas.edu.my,519,False,False
PAHANG,K14018,YP ADVANCED SKILLS,Perkhidmatan Penyediaan dan Pembuatan Makanan,HT-012-4:2011,Program Penuh - Persijilan Mengikut Tahap,Diploma Kemahiran Malaysia,Sekat Pengambilan,"KAMPUS UTAMA, JALAN DATO' BAHAMAN, KUBANG BUAYA 25050 KUANTAN PAHANG DARUL MAKMUR PREMIS TAMBAHAN JALAN DATO' ABDULLAH, TAMAN GELORA, 25050 KUANTAN, PAHANG DARUL MAKMUR",09-5671333,noraishah@ypas.edu.my,519,False,False
